{"record_type": "perception_result", "recorded_wall_time": 1777599361.355807, "result": {"source_module": "perception", "pipeline": "perception_pipeline_v1", "step": 1480, "timestamp": 7.4, "dogs": {"agent_1": {"detected": true, "localized": true, "position_world": [-1.6051594018936157, -2.137516736984253, 0.41999998688697815], "orientation_world": [0.9793832302093506, -0.006525601260364056, -0.023396695032715797, -0.20054565370082855], "velocity_world": [-0.16986083984375, -0.09062546491622925, 0.0], "yaw_rad": null, "xy_error_m": 0.013806786388158798, "scan_match_score": 0.9342355739682262, "scan_inliers": 0, "used_prediction_only": false}, "agent_2": {"detected": true, "localized": true, "position_world": [-1.7364814281463623, 1.329724907875061, 0.41999998688697815], "orientation_world": [0.9430732727050781, -0.0023727563675493, -0.06608285009860992, -0.32594531774520874], "velocity_world": [-0.05777536705136299, -0.03853718936443329, 0.0], "yaw_rad": null, "xy_error_m": 0.01400633342564106, "scan_match_score": 0.9335710566742944, "scan_inliers": 0, "used_prediction_only": false}}, "intruder_estimate": {"detected": true, "position_world": [3.5001227855682373, 0.7034939527511597, 1.1879727840423584], "confidence": 0.3216831922531128, "camera_detections": 8, "lidar_detections": 2}, "input_summary": {"dog_imus": ["go2_dog_1", "go2_dog_2"], "dog_lidars": ["dog1_lidar", "dog2_lidar"], "cameras": ["cam_e_lower", "cam_e_upper", "cam_ne", "cam_nw", "cam_se", "cam_sw", "dog1_cam", "dog2_cam"], "ground_truth": ["go2_dog_1", "go2_dog_2", "suspect"]}}}