{"record_type": "perception_result", "recorded_wall_time": 1777599368.0452614, "result": {"source_module": "perception", "pipeline": "perception_pipeline_v1", "step": 1496, "timestamp": 7.48, "dogs": {"agent_1": {"detected": true, "localized": true, "position_world": [-1.6133592128753662, -2.1414401531219482, 0.41999998688697815], "orientation_world": [0.9782240986824036, -0.007034430745989084, -0.026563115417957306, -0.20572437345981598], "velocity_world": [-0.18867215514183044, -0.057142630219459534, 0.0], "yaw_rad": null, "xy_error_m": 0.013495467603206635, "scan_match_score": 0.9330007347453683, "scan_inliers": 0, "used_prediction_only": false}, "agent_2": {"detected": true, "localized": true, "position_world": [-1.7384912967681885, 1.332169771194458, 0.41999998688697815], "orientation_world": [0.9418157339096069, -0.0010824557393789291, -0.0674297884106636, -0.329294890165329], "velocity_world": [-0.002125721424818039, 0.08713269978761673, 0.0], "yaw_rad": null, "xy_error_m": 0.013109915889799595, "scan_match_score": 0.9302782278372804, "scan_inliers": 0, "used_prediction_only": false}}, "intruder_estimate": {"detected": true, "position_world": [3.4942286014556885, 0.731754720211029, 1.1805182695388794], "confidence": 0.3216831922531128, "camera_detections": 8, "lidar_detections": 2}, "input_summary": {"dog_imus": ["go2_dog_1", "go2_dog_2"], "dog_lidars": ["dog1_lidar", "dog2_lidar"], "cameras": ["cam_e_lower", "cam_e_upper", "cam_ne", "cam_nw", "cam_se", "cam_sw", "dog1_cam", "dog2_cam"], "ground_truth": ["go2_dog_1", "go2_dog_2", "suspect"]}}}