{"record_type": "perception_result", "recorded_wall_time": 1777599029.6660626, "result": {"source_module": "perception", "pipeline": "perception_pipeline_v1", "step": 688, "timestamp": 3.44, "dogs": {"agent_1": {"detected": true, "localized": true, "position_world": [-1.5531401634216309, -2.101355791091919, 0.41999998688697815], "orientation_world": [0.9887496829032898, -0.055126599967479706, -0.06055288016796112, -0.12517394125461578], "velocity_world": [0.17669270932674408, -0.0609603188931942, 0.0], "yaw_rad": null, "xy_error_m": 0.011440746486186981, "scan_match_score": 0.9324978932634868, "scan_inliers": 0, "used_prediction_only": false}, "agent_2": {"detected": true, "localized": true, "position_world": [-1.7778536081314087, 1.3254878520965576, 0.41999998688697815], "orientation_world": [0.9661938548088074, -0.12000825256109238, -0.009110967628657818, -0.2280009239912033], "velocity_world": [0.08457590639591217, -0.0166181493550539, 0.0], "yaw_rad": null, "xy_error_m": 0.015604794956743717, "scan_match_score": 0.9331378228104824, "scan_inliers": 0, "used_prediction_only": false}}, "intruder_estimate": {"detected": true, "position_world": [3.3955132961273193, -0.5237049460411072, 1.1495192050933838], "confidence": 0.2315269947052002, "camera_detections": 8, "lidar_detections": 2}, "input_summary": {"dog_imus": ["go2_dog_1", "go2_dog_2"], "dog_lidars": ["dog1_lidar", "dog2_lidar"], "cameras": ["cam_e_lower", "cam_e_upper", "cam_ne", "cam_nw", "cam_se", "cam_sw", "dog1_cam", "dog2_cam"], "ground_truth": ["go2_dog_1", "go2_dog_2", "suspect"]}}}