{"record_type": "perception_result", "recorded_wall_time": 1777599075.08391, "result": {"source_module": "perception", "pipeline": "perception_pipeline_v1", "step": 796, "timestamp": 3.98, "dogs": {"agent_1": {"detected": true, "localized": true, "position_world": [-1.4636179208755493, -2.146454334259033, 0.41999998688697815], "orientation_world": [0.9866322875022888, -0.061808355152606964, -0.06079962104558945, -0.13798509538173676], "velocity_world": [0.1271687150001526, -0.12121368944644928, 0.0], "yaw_rad": null, "xy_error_m": 0.017022477462887764, "scan_match_score": 0.9335332307968666, "scan_inliers": 0, "used_prediction_only": false}, "agent_2": {"detected": true, "localized": true, "position_world": [-1.7494877576828003, 1.3065322637557983, 0.41999998688697815], "orientation_world": [0.9650548696517944, -0.0975394994020462, -0.004099993035197258, -0.24318385124206543], "velocity_world": [0.0003815852105617523, 0.07648716866970062, 0.0], "yaw_rad": null, "xy_error_m": 0.01422814093530178, "scan_match_score": 0.933714890698433, "scan_inliers": 0, "used_prediction_only": false}}, "intruder_estimate": {"detected": true, "position_world": [3.5335276126861572, -0.44351133704185486, 1.1449533700942993], "confidence": 0.20396854877471923, "camera_detections": 8, "lidar_detections": 2}, "input_summary": {"dog_imus": ["go2_dog_1", "go2_dog_2"], "dog_lidars": ["dog1_lidar", "dog2_lidar"], "cameras": ["cam_e_lower", "cam_e_upper", "cam_ne", "cam_nw", "cam_se", "cam_sw", "dog1_cam", "dog2_cam"], "ground_truth": ["go2_dog_1", "go2_dog_2", "suspect"]}}}