{"record_type": "perception_result", "recorded_wall_time": 1777599113.4250302, "result": {"source_module": "perception", "pipeline": "perception_pipeline_v1", "step": 888, "timestamp": 4.44, "dogs": {"agent_1": {"detected": true, "localized": true, "position_world": [-1.4642606973648071, -2.151993989944458, 0.41999998688697815], "orientation_world": [0.9796510338783264, -0.018019050359725952, -0.05731628090143204, -0.19150462746620178], "velocity_world": [-0.1685326248407364, -0.0626896321773529, 0.0], "yaw_rad": null, "xy_error_m": 0.010006992146372795, "scan_match_score": 0.9339278615223084, "scan_inliers": 0, "used_prediction_only": false}, "agent_2": {"detected": true, "localized": true, "position_world": [-1.7061349153518677, 1.3024312257766724, 0.41999998688697815], "orientation_world": [0.9503405690193176, -0.028149496763944626, -0.053750086575746536, -0.30523979663848877], "velocity_world": [0.027494926005601883, 0.01842854544520378, 0.0], "yaw_rad": null, "xy_error_m": 0.02584780938923359, "scan_match_score": 0.9355676590469267, "scan_inliers": 0, "used_prediction_only": false}}, "intruder_estimate": {"detected": true, "position_world": [3.697500467300415, -0.4635627269744873, 1.1379408836364746], "confidence": 0.16379101276397706, "camera_detections": 8, "lidar_detections": 2}, "input_summary": {"dog_imus": ["go2_dog_1", "go2_dog_2"], "dog_lidars": ["dog1_lidar", "dog2_lidar"], "cameras": ["cam_e_lower", "cam_e_upper", "cam_ne", "cam_nw", "cam_se", "cam_sw", "dog1_cam", "dog2_cam"], "ground_truth": ["go2_dog_1", "go2_dog_2", "suspect"]}}}