{"record_type": "perception_result", "recorded_wall_time": 1777599001.0643778, "result": {"source_module": "perception", "pipeline": "perception_pipeline_v1", "step": 620, "timestamp": 3.1, "dogs": {"agent_1": {"detected": true, "localized": true, "position_world": [-1.595827579498291, -2.066479444503784, 0.41999998688697815], "orientation_world": [0.9893118739128113, -0.06675830483436584, -0.06405909359455109, -0.11270196735858917], "velocity_world": [0.15076537430286407, -0.05581348389387131, 0.0], "yaw_rad": null, "xy_error_m": 0.001474587945267558, "scan_match_score": 0.9326074519902129, "scan_inliers": 0, "used_prediction_only": false}, "agent_2": {"detected": true, "localized": true, "position_world": [-1.8398823738098145, 1.3743325471878052, 0.41999998688697815], "orientation_world": [0.96853107213974, -0.1283603310585022, -0.01662961021065712, -0.21259050071239471], "velocity_world": [0.1029638797044754, -0.07352596521377563, 0.0], "yaw_rad": null, "xy_error_m": 0.014075418934226036, "scan_match_score": 0.9351784718560862, "scan_inliers": 0, "used_prediction_only": false}}, "intruder_estimate": {"detected": true, "position_world": [3.270153522491455, -0.4693639874458313, 1.1546388864517212], "confidence": 0.2279564619064331, "camera_detections": 8, "lidar_detections": 2}, "input_summary": {"dog_imus": ["go2_dog_1", "go2_dog_2"], "dog_lidars": ["dog1_lidar", "dog2_lidar"], "cameras": ["cam_e_lower", "cam_e_upper", "cam_ne", "cam_nw", "cam_se", "cam_sw", "dog1_cam", "dog2_cam"], "ground_truth": ["go2_dog_1", "go2_dog_2", "suspect"]}}}