{"record_type": "perception_result", "recorded_wall_time": 1777599493.4876773, "result": {"source_module": "perception", "pipeline": "perception_pipeline_v1", "step": 1796, "timestamp": 8.98, "dogs": {"agent_1": {"detected": true, "localized": true, "position_world": [-1.6481696367263794, -2.131791591644287, 0.41999998688697815], "orientation_world": [0.9744214415550232, -0.05265624076128006, -0.04145905375480652, -0.21450260281562805], "velocity_world": [-0.0262441523373127, -0.04934675246477127, 0.0], "yaw_rad": null, "xy_error_m": 0.00437390711158514, "scan_match_score": 0.9382139280509337, "scan_inliers": 0, "used_prediction_only": false}, "agent_2": {"detected": true, "localized": true, "position_world": [-1.6968446969985962, 1.358940839767456, 0.41999998688697815], "orientation_world": [0.9415845274925232, -0.07645519077777863, 0.01437104120850563, -0.3276686668395996], "velocity_world": [0.1582661271095276, 0.1661355346441269, 0.0], "yaw_rad": null, "xy_error_m": 0.01604577712714672, "scan_match_score": 0.9315456221839985, "scan_inliers": 0, "used_prediction_only": false}}, "intruder_estimate": {"detected": true, "position_world": [3.394226312637329, 1.2851368188858032, 1.194995403289795], "confidence": 0.27903127670288086, "camera_detections": 8, "lidar_detections": 2}, "input_summary": {"dog_imus": ["go2_dog_1", "go2_dog_2"], "dog_lidars": ["dog1_lidar", "dog2_lidar"], "cameras": ["cam_e_lower", "cam_e_upper", "cam_ne", "cam_nw", "cam_se", "cam_sw", "dog1_cam", "dog2_cam"], "ground_truth": ["go2_dog_1", "go2_dog_2", "suspect"]}}}