{"record_type": "perception_result", "recorded_wall_time": 1777599267.5914414, "result": {"source_module": "perception", "pipeline": "perception_pipeline_v1", "step": 1256, "timestamp": 6.28, "dogs": {"agent_1": {"detected": true, "localized": true, "position_world": [-1.569502353668213, -2.131092071533203, 0.41999998688697815], "orientation_world": [0.9776148796081543, -0.01964135468006134, -0.011031020432710648, -0.2091929167509079], "velocity_world": [-0.08124479651451111, 0.1858971267938614, 0.0], "yaw_rad": null, "xy_error_m": 0.015513514168560505, "scan_match_score": 0.9329367251541856, "scan_inliers": 0, "used_prediction_only": false}, "agent_2": {"detected": true, "localized": true, "position_world": [-1.7204475402832031, 1.3132683038711548, 0.41999998688697815], "orientation_world": [0.9492416977882385, -0.007054674439132214, -0.05864429101347923, -0.3089519441127777], "velocity_world": [-0.0591704361140728, 0.019796496257185936, 0.0], "yaw_rad": null, "xy_error_m": 0.01880035735666752, "scan_match_score": 0.9379242198279961, "scan_inliers": 0, "used_prediction_only": false}}, "intruder_estimate": {"detected": true, "position_world": [3.6092677116394043, 0.24531985819339752, 1.2261078357696533], "confidence": 0.2977434158325195, "camera_detections": 8, "lidar_detections": 2}, "input_summary": {"dog_imus": ["go2_dog_1", "go2_dog_2"], "dog_lidars": ["dog1_lidar", "dog2_lidar"], "cameras": ["cam_e_lower", "cam_e_upper", "cam_ne", "cam_nw", "cam_se", "cam_sw", "dog1_cam", "dog2_cam"], "ground_truth": ["go2_dog_1", "go2_dog_2", "suspect"]}}}