{"record_type": "perception_result", "recorded_wall_time": 1777599305.927347, "result": {"source_module": "perception", "pipeline": "perception_pipeline_v1", "step": 1348, "timestamp": 6.74, "dogs": {"agent_1": {"detected": true, "localized": true, "position_world": [-1.5862971544265747, -2.145484447479248, 0.41999998688697815], "orientation_world": [0.9772524237632751, -0.020222898572683334, -0.026925103738904, -0.2093891203403473], "velocity_world": [-0.04994469881057739, -0.05933485925197601, 0.0], "yaw_rad": null, "xy_error_m": 0.014725303277373314, "scan_match_score": 0.935443870978275, "scan_inliers": 0, "used_prediction_only": false}, "agent_2": {"detected": true, "localized": true, "position_world": [-1.7280890941619873, 1.3012477159500122, 0.41999998688697815], "orientation_world": [0.9472906589508057, -0.01243706326931715, -0.05533573776483536, -0.31531527638435364], "velocity_world": [-0.032922156155109406, 0.05898796394467354, 0.0], "yaw_rad": null, "xy_error_m": 0.034592676907777786, "scan_match_score": 0.9327331368372144, "scan_inliers": 0, "used_prediction_only": false}}, "intruder_estimate": {"detected": true, "position_world": [3.5695247650146484, 0.4292519688606262, 1.2084423303604126], "confidence": 0.30694358348846434, "camera_detections": 8, "lidar_detections": 2}, "input_summary": {"dog_imus": ["go2_dog_1", "go2_dog_2"], "dog_lidars": ["dog1_lidar", "dog2_lidar"], "cameras": ["cam_e_lower", "cam_e_upper", "cam_ne", "cam_nw", "cam_se", "cam_sw", "dog1_cam", "dog2_cam"], "ground_truth": ["go2_dog_1", "go2_dog_2", "suspect"]}}}