{"record_type": "perception_result", "recorded_wall_time": 1777599547.4933436, "result": {"source_module": "perception", "pipeline": "perception_pipeline_v1", "step": 1924, "timestamp": 9.620000000000001, "dogs": {"agent_1": {"detected": true, "localized": true, "position_world": [-1.6708163022994995, -2.1336829662323, 0.41999998688697815], "orientation_world": [0.975963830947876, -0.05940825492143631, -0.038545988500118256, -0.20610566437244415], "velocity_world": [-0.1628246307373047, -0.017080331221222878, 0.0], "yaw_rad": null, "xy_error_m": 0.007286226376891136, "scan_match_score": 0.937803560863495, "scan_inliers": 0, "used_prediction_only": false}, "agent_2": {"detected": true, "localized": true, "position_world": [-1.6929858922958374, 1.332624912261963, 0.41999998688697815], "orientation_world": [0.9487624168395996, -0.064545638859272, 0.0017321495106443763, -0.30932319164276123], "velocity_world": [0.010073322802782059, -0.015191160142421722, 0.0], "yaw_rad": null, "xy_error_m": 0.0239869337528944, "scan_match_score": 0.9345246431135467, "scan_inliers": 0, "used_prediction_only": false}}, "intruder_estimate": {"detected": true, "position_world": [3.298565149307251, 1.6048606634140015, 1.2050695419311523], "confidence": 0.24038228988647461, "camera_detections": 8, "lidar_detections": 2}, "input_summary": {"dog_imus": ["go2_dog_1", "go2_dog_2"], "dog_lidars": ["dog1_lidar", "dog2_lidar"], "cameras": ["cam_e_lower", "cam_e_upper", "cam_ne", "cam_nw", "cam_se", "cam_sw", "dog1_cam", "dog2_cam"], "ground_truth": ["go2_dog_1", "go2_dog_2", "suspect"]}}}