{"record_type": "perception_result", "recorded_wall_time": 1777595657.3078969, "result": {"source_module": "perception", "pipeline": "perception_pipeline_v1", "step": 112, "timestamp": 0.56, "dogs": {"agent_1": {"detected": true, "localized": true, "position_world": [-2.157933235168457, -1.9995028972625732, 0.41999998688697815], "orientation_world": [0.9946196675300598, 9.906443301588297e-05, -0.10359413921833038, -0.00011483528942335397], "velocity_world": [-0.15682807564735413, -0.006146933883428574, 0.0], "yaw_rad": null, "xy_error_m": 0.06662578880786896, "scan_match_score": 0.9306201377533895, "scan_inliers": 0, "used_prediction_only": false}, "agent_2": {"detected": true, "localized": true, "position_world": [-2.1384763717651367, 1.6035465002059937, 0.41999998688697815], "orientation_world": [0.9946194887161255, 4.692032962338999e-05, -0.10359380394220352, -0.0006198135088197887], "velocity_world": [-0.16520464420318604, 0.003935222513973713, 0.0], "yaw_rad": null, "xy_error_m": 0.047302164137363434, "scan_match_score": 0.9327849889051832, "scan_inliers": 0, "used_prediction_only": false}}, "intruder_estimate": {"detected": true, "position_world": [2.3464691638946533, 1.8893673419952393, 1.1323798894882202], "confidence": 0.2975914716720581, "camera_detections": 8, "lidar_detections": 2}, "input_summary": {"dog_imus": ["go2_dog_1", "go2_dog_2"], "dog_lidars": ["dog1_lidar", "dog2_lidar"], "cameras": ["cam_e_lower", "cam_e_upper", "cam_ne", "cam_nw", "cam_se", "cam_sw", "dog1_cam", "dog2_cam"], "ground_truth": ["go2_dog_1", "go2_dog_2", "suspect"]}}}