{"record_type": "perception_result", "recorded_wall_time": 1777599039.7829473, "result": {"source_module": "perception", "pipeline": "perception_pipeline_v1", "step": 712, "timestamp": 3.56, "dogs": {"agent_1": {"detected": true, "localized": true, "position_world": [-1.5281963348388672, -2.1234781742095947, 0.41999998688697815], "orientation_world": [0.9881029725074768, -0.0644507184624672, -0.06218650937080383, -0.12502586841583252], "velocity_world": [0.24581970274448395, -0.20449024438858032, 0.0], "yaw_rad": null, "xy_error_m": 0.018284577876329422, "scan_match_score": 0.933330467013402, "scan_inliers": 0, "used_prediction_only": false}, "agent_2": {"detected": true, "localized": true, "position_world": [-1.7790827751159668, 1.3241708278656006, 0.41999998688697815], "orientation_world": [0.9675456881523132, -0.11373993009328842, -0.01698465086519718, -0.22501134872436523], "velocity_world": [0.02687356434762478, -0.09587385505437851, 0.0], "yaw_rad": null, "xy_error_m": 0.013378334231674671, "scan_match_score": 0.9341897190976519, "scan_inliers": 0, "used_prediction_only": false}}, "intruder_estimate": {"detected": true, "position_world": [3.4300355911254883, -0.495998740196228, 1.139831304550171], "confidence": 0.22671980857849122, "camera_detections": 8, "lidar_detections": 2}, "input_summary": {"dog_imus": ["go2_dog_1", "go2_dog_2"], "dog_lidars": ["dog1_lidar", "dog2_lidar"], "cameras": ["cam_e_lower", "cam_e_upper", "cam_ne", "cam_nw", "cam_se", "cam_sw", "dog1_cam", "dog2_cam"], "ground_truth": ["go2_dog_1", "go2_dog_2", "suspect"]}}}