{"record_type": "perception_result", "recorded_wall_time": 1777599998.4123244, "result": {"source_module": "perception", "pipeline": "perception_pipeline_v1", "step": 16, "timestamp": 0.08, "dogs": {"agent_1": {"detected": true, "localized": true, "position_world": [-1.9982770681381226, -1.9903781414031982, 0.41999998688697815], "orientation_world": [0.9999852180480957, 0.0049679637886583805, -0.001951964688487351, -0.0010644611902534962], "velocity_world": [-0.01856948807835579, 0.08184099942445755, 0.0], "yaw_rad": null, "xy_error_m": 0.00974314846098423, "scan_match_score": 0.9332230260489088, "scan_inliers": 0, "used_prediction_only": false}, "agent_2": {"detected": true, "localized": true, "position_world": [-1.9983075857162476, 1.5986837148666382, 0.41999998688697815], "orientation_world": [0.9999877214431763, 0.004479139111936092, -0.0020151708740741014, 0.0007102186791598797], "velocity_world": [0.0020593791268765926, 0.0037078133318573236, 0.0], "yaw_rad": null, "xy_error_m": 0.0017863813554868102, "scan_match_score": 0.9343431359250535, "scan_inliers": 0, "used_prediction_only": false}}, "intruder_estimate": {"detected": true, "position_world": [1.9015781879425049, -0.49234771728515625, 1.0149966478347778], "confidence": 0.34309210777282717, "camera_detections": 8, "lidar_detections": 2}, "input_summary": {"dog_imus": ["go2_dog_1", "go2_dog_2"], "dog_lidars": ["dog1_lidar", "dog2_lidar"], "cameras": ["cam_e_lower", "cam_e_upper", "cam_ne", "cam_nw", "cam_se", "cam_sw", "dog1_cam", "dog2_cam"], "ground_truth": ["go2_dog_1", "go2_dog_2", "suspect"]}}}