{"record_type": "perception_result", "recorded_wall_time": 1777598888.3820837, "result": {"source_module": "perception", "pipeline": "perception_pipeline_v1", "step": 352, "timestamp": 1.76, "dogs": {"agent_1": {"detected": true, "localized": true, "position_world": [-1.7851552963256836, -2.018838882446289, 0.41999998688697815], "orientation_world": [0.9951369762420654, -0.05109197273850441, -0.0699906125664711, -0.04683314636349678], "velocity_world": [0.21711087226867676, -0.11659250408411026, 0.0], "yaw_rad": null, "xy_error_m": 0.004790733102709055, "scan_match_score": 0.932760314678522, "scan_inliers": 0, "used_prediction_only": false}, "agent_2": {"detected": true, "localized": true, "position_world": [-1.9354804754257202, 1.4495291709899902, 0.41999998688697815], "orientation_world": [0.9814594984054565, -0.12689600884914398, -0.03768868371844292, -0.13861523568630219], "velocity_world": [-0.0518372543156147, -0.22018402814865112, 0.0], "yaw_rad": null, "xy_error_m": 0.02700924687087536, "scan_match_score": 0.9289659108497806, "scan_inliers": 0, "used_prediction_only": false}}, "intruder_estimate": {"detected": false, "position_world": [2.2992138862609863, 0.36355483531951904, 1.2756407260894775], "confidence": 0.0, "camera_detections": 8, "lidar_detections": 2}, "input_summary": {"dog_imus": ["go2_dog_1", "go2_dog_2"], "dog_lidars": ["dog1_lidar", "dog2_lidar"], "cameras": ["cam_e_lower", "cam_e_upper", "cam_ne", "cam_nw", "cam_se", "cam_sw", "dog1_cam", "dog2_cam"], "ground_truth": ["go2_dog_1", "go2_dog_2", "suspect"]}}}