{"record_type": "perception_result", "recorded_wall_time": 1777599708.8138065, "result": {"source_module": "perception", "pipeline": "perception_pipeline_v1", "step": 120, "timestamp": 0.6, "dogs": {"agent_1": {"detected": true, "localized": true, "position_world": [-1.960350513458252, -1.9775810241699219, 0.41999998688697815], "orientation_world": [0.9997941255569458, -0.011487099342048168, -0.01615316979587078, 0.004344687331467867], "velocity_world": [0.11495356261730194, -0.028363749384880066, 0.0], "yaw_rad": null, "xy_error_m": 0.013024389743804932, "scan_match_score": 0.9313181651562052, "scan_inliers": 0, "used_prediction_only": false}, "agent_2": {"detected": true, "localized": true, "position_world": [-1.9673550128936768, 1.598386526107788, 0.41999998688697815], "orientation_world": [0.9997491240501404, -0.017454849556088448, -0.014032403007149696, 0.00036391173489391804], "velocity_world": [-0.073725126683712, -0.05998717248439789, 0.0], "yaw_rad": null, "xy_error_m": 0.011242825537919998, "scan_match_score": 0.9363588840925721, "scan_inliers": 0, "used_prediction_only": false}}, "intruder_estimate": {"detected": true, "position_world": [2.1610939502716064, -0.4839287996292114, 1.305383563041687], "confidence": 0.26141743659973143, "camera_detections": 8, "lidar_detections": 2}, "input_summary": {"dog_imus": ["go2_dog_1", "go2_dog_2"], "dog_lidars": ["dog1_lidar", "dog2_lidar"], "cameras": ["cam_e_lower", "cam_e_upper", "cam_ne", "cam_nw", "cam_se", "cam_sw", "dog1_cam", "dog2_cam"], "ground_truth": ["go2_dog_1", "go2_dog_2", "suspect"]}}}