{"record_type": "perception_result", "recorded_wall_time": 1777599228.8070278, "result": {"source_module": "perception", "pipeline": "perception_pipeline_v1", "step": 1164, "timestamp": 5.82, "dogs": {"agent_1": {"detected": true, "localized": true, "position_world": [-1.539133906364441, -2.130319118499756, 0.41999998688697815], "orientation_world": [0.9796589612960815, -0.009634020738303661, -0.02521233633160591, -0.19884641468524933], "velocity_world": [-0.11082765460014343, -0.1401357799768448, 0.0], "yaw_rad": null, "xy_error_m": 0.004539815708994865, "scan_match_score": 0.9328033673316286, "scan_inliers": 0, "used_prediction_only": false}, "agent_2": {"detected": true, "localized": true, "position_world": [-1.7206162214279175, 1.2911455631256104, 0.41999998688697815], "orientation_world": [0.9475149512290955, -0.007054237183183432, -0.059226974844932556, -0.3140983581542969], "velocity_world": [0.00804373249411583, -0.024153370410203934, 0.0], "yaw_rad": null, "xy_error_m": 0.03958318009972572, "scan_match_score": 0.9323456103542247, "scan_inliers": 0, "used_prediction_only": false}}, "intruder_estimate": {"detected": true, "position_world": [3.6497740745544434, 0.08857933431863785, 1.1909153461456299], "confidence": 0.2757100105285645, "camera_detections": 8, "lidar_detections": 2}, "input_summary": {"dog_imus": ["go2_dog_1", "go2_dog_2"], "dog_lidars": ["dog1_lidar", "dog2_lidar"], "cameras": ["cam_e_lower", "cam_e_upper", "cam_ne", "cam_nw", "cam_se", "cam_sw", "dog1_cam", "dog2_cam"], "ground_truth": ["go2_dog_1", "go2_dog_2", "suspect"]}}}