{"record_type": "perception_result", "recorded_wall_time": 1777598917.015502, "result": {"source_module": "perception", "pipeline": "perception_pipeline_v1", "step": 420, "timestamp": 2.1, "dogs": {"agent_1": {"detected": true, "localized": true, "position_world": [-1.739044189453125, -2.034290075302124, 0.41999998688697815], "orientation_world": [0.9943504929542542, -0.04844925180077553, -0.06942883133888245, -0.06402710825204849], "velocity_world": [0.12340490520000458, -0.06655529141426086, 0.0], "yaw_rad": null, "xy_error_m": 0.0006294210907071829, "scan_match_score": 0.9332109327760507, "scan_inliers": 0, "used_prediction_only": false}, "agent_2": {"detected": true, "localized": true, "position_world": [-1.9179707765579224, 1.4313206672668457, 0.41999998688697815], "orientation_world": [0.9820672273635864, -0.10320795327425003, -0.033736757934093475, -0.15412336587905884], "velocity_world": [-0.07762739062309265, 0.019400060176849365, 0.0], "yaw_rad": null, "xy_error_m": 0.013373874127864838, "scan_match_score": 0.9331264213395372, "scan_inliers": 0, "used_prediction_only": false}}, "intruder_estimate": {"detected": false, "position_world": [2.193746328353882, 0.9652805328369141, 1.2603896856307983], "confidence": 0.0, "camera_detections": 8, "lidar_detections": 2}, "input_summary": {"dog_imus": ["go2_dog_1", "go2_dog_2"], "dog_lidars": ["dog1_lidar", "dog2_lidar"], "cameras": ["cam_e_lower", "cam_e_upper", "cam_ne", "cam_nw", "cam_se", "cam_sw", "dog1_cam", "dog2_cam"], "ground_truth": ["go2_dog_1", "go2_dog_2", "suspect"]}}}