{"record_type": "perception_result", "recorded_wall_time": 1777599249.0089324, "result": {"source_module": "perception", "pipeline": "perception_pipeline_v1", "step": 1212, "timestamp": 6.0600000000000005, "dogs": {"agent_1": {"detected": true, "localized": true, "position_world": [-1.5509159564971924, -2.156489849090576, 0.41999998688697815], "orientation_world": [0.9766560196876526, 0.007089059334248304, -0.03219183534383774, -0.21226508915424347], "velocity_world": [-0.035547975450754166, 0.027215277776122093, 0.0], "yaw_rad": null, "xy_error_m": 0.013060905039310455, "scan_match_score": 0.9317361966895233, "scan_inliers": 0, "used_prediction_only": false}, "agent_2": {"detected": true, "localized": true, "position_world": [-1.706964373588562, 1.3082972764968872, 0.41999998688697815], "orientation_world": [0.9496108293533325, -0.000961904413998127, -0.0597265288233757, -0.30768659710884094], "velocity_world": [-0.010730722919106483, -0.010859787464141846, 0.0], "yaw_rad": null, "xy_error_m": 0.021179769188165665, "scan_match_score": 0.9371866850966435, "scan_inliers": 0, "used_prediction_only": false}}, "intruder_estimate": {"detected": true, "position_world": [3.623948574066162, 0.16967085003852844, 1.2378535270690918], "confidence": 0.2898057699203491, "camera_detections": 8, "lidar_detections": 2}, "input_summary": {"dog_imus": ["go2_dog_1", "go2_dog_2"], "dog_lidars": ["dog1_lidar", "dog2_lidar"], "cameras": ["cam_e_lower", "cam_e_upper", "cam_ne", "cam_nw", "cam_se", "cam_sw", "dog1_cam", "dog2_cam"], "ground_truth": ["go2_dog_1", "go2_dog_2", "suspect"]}}}