{"record_type": "perception_result", "recorded_wall_time": 1777599758.9258852, "result": {"source_module": "perception", "pipeline": "perception_pipeline_v1", "step": 240, "timestamp": 1.2, "dogs": {"agent_1": {"detected": true, "localized": true, "position_world": [-1.8489642143249512, -1.9917370080947876, 0.41999998688697815], "orientation_world": [0.9985243678092957, -0.02126430533826351, -0.049196578562259674, -0.00875080469995737], "velocity_world": [0.21538671851158142, -0.06754472106695175, 0.0], "yaw_rad": null, "xy_error_m": 0.011974147520959377, "scan_match_score": 0.9365398278753093, "scan_inliers": 0, "used_prediction_only": false}, "agent_2": {"detected": true, "localized": true, "position_world": [-1.9747169017791748, 1.5874361991882324, 0.41999998688697815], "orientation_world": [0.9964590072631836, -0.07166728377342224, -0.04082784056663513, -0.016322843730449677], "velocity_world": [0.06690546125173569, 0.02210322953760624, 0.0], "yaw_rad": null, "xy_error_m": 0.009501587599515915, "scan_match_score": 0.9316972044868821, "scan_inliers": 0, "used_prediction_only": false}}, "intruder_estimate": {"detected": true, "position_world": [2.4053871631622314, -0.46757909655570984, 1.2670533657073975], "confidence": 0.17302476167678832, "camera_detections": 8, "lidar_detections": 2}, "input_summary": {"dog_imus": ["go2_dog_1", "go2_dog_2"], "dog_lidars": ["dog1_lidar", "dog2_lidar"], "cameras": ["cam_e_lower", "cam_e_upper", "cam_ne", "cam_nw", "cam_se", "cam_sw", "dog1_cam", "dog2_cam"], "ground_truth": ["go2_dog_1", "go2_dog_2", "suspect"]}}}