{"record_type": "perception_result", "recorded_wall_time": 1777599203.6063895, "result": {"source_module": "perception", "pipeline": "perception_pipeline_v1", "step": 1104, "timestamp": 5.5200000000000005, "dogs": {"agent_1": {"detected": true, "localized": true, "position_world": [-1.5181219577789307, -2.122715473175049, 0.41999998688697815], "orientation_world": [0.9787715077400208, -0.029518911615014076, -0.006797247566282749, -0.20270374417304993], "velocity_world": [-0.015280410647392273, 0.15285003185272217, 0.0], "yaw_rad": null, "xy_error_m": 0.004853405989706516, "scan_match_score": 0.9344566585163467, "scan_inliers": 0, "used_prediction_only": false}, "agent_2": {"detected": true, "localized": true, "position_world": [-1.7248671054840088, 1.2934550046920776, 0.41999998688697815], "orientation_world": [0.9468337297439575, 0.0003471371019259095, -0.07253607362508774, -0.3134395182132721], "velocity_world": [-0.011673976667225361, 0.0014687515795230865, 0.0], "yaw_rad": null, "xy_error_m": 0.035727981477975845, "scan_match_score": 0.932621140811062, "scan_inliers": 0, "used_prediction_only": false}}, "intruder_estimate": {"detected": true, "position_world": [3.722958564758301, -0.01839923858642578, 1.192436695098877], "confidence": 0.2553624868392944, "camera_detections": 8, "lidar_detections": 2}, "input_summary": {"dog_imus": ["go2_dog_1", "go2_dog_2"], "dog_lidars": ["dog1_lidar", "dog2_lidar"], "cameras": ["cam_e_lower", "cam_e_upper", "cam_ne", "cam_nw", "cam_se", "cam_sw", "dog1_cam", "dog2_cam"], "ground_truth": ["go2_dog_1", "go2_dog_2", "suspect"]}}}