{"record_type": "perception_result", "recorded_wall_time": 1777598933.887058, "result": {"source_module": "perception", "pipeline": "perception_pipeline_v1", "step": 460, "timestamp": 2.3000000000000003, "dogs": {"agent_1": {"detected": true, "localized": true, "position_world": [-1.701993465423584, -2.0488829612731934, 0.41999998688697815], "orientation_world": [0.9942161440849304, -0.05008779838681221, -0.06062089651823044, -0.07314824312925339], "velocity_world": [0.16132229566574097, -0.06637988984584808, 0.0], "yaw_rad": null, "xy_error_m": 0.013634485192596912, "scan_match_score": 0.9350319785808567, "scan_inliers": 0, "used_prediction_only": false}, "agent_2": {"detected": true, "localized": true, "position_world": [-1.9044346809387207, 1.4409019947052002, 0.41999998688697815], "orientation_world": [0.9802755117416382, -0.11087383329868317, -0.019389739260077477, -0.16245323419570923], "velocity_world": [0.2145688831806183, 0.023732967674732208, 0.0], "yaw_rad": null, "xy_error_m": 0.0044106668792665005, "scan_match_score": 0.9339203011756059, "scan_inliers": 0, "used_prediction_only": false}}, "intruder_estimate": {"detected": false, "position_world": [2.127829074859619, 1.34135901927948, 1.1903460025787354], "confidence": 0.0, "camera_detections": 8, "lidar_detections": 2}, "input_summary": {"dog_imus": ["go2_dog_1", "go2_dog_2"], "dog_lidars": ["dog1_lidar", "dog2_lidar"], "cameras": ["cam_e_lower", "cam_e_upper", "cam_ne", "cam_nw", "cam_se", "cam_sw", "dog1_cam", "dog2_cam"], "ground_truth": ["go2_dog_1", "go2_dog_2", "suspect"]}}}