{"record_type": "perception_result", "recorded_wall_time": 1777599218.603621, "result": {"source_module": "perception", "pipeline": "perception_pipeline_v1", "step": 1140, "timestamp": 5.7, "dogs": {"agent_1": {"detected": true, "localized": true, "position_world": [-1.5386124849319458, -2.1201863288879395, 0.41999998688697815], "orientation_world": [0.9803044199943542, -0.02939724177122116, -0.017013072967529297, -0.19454970955848694], "velocity_world": [-0.07268451899290085, -0.021322257816791534, 0.0], "yaw_rad": null, "xy_error_m": 0.008306032977998257, "scan_match_score": 0.9343627287207108, "scan_inliers": 0, "used_prediction_only": false}, "agent_2": {"detected": true, "localized": true, "position_world": [-1.7269479036331177, 1.294371247291565, 0.41999998688697815], "orientation_world": [0.9470312595367432, -0.01732405088841915, -0.05969758704304695, -0.3150680959224701], "velocity_world": [0.07652746140956879, 0.0047933366149663925, 0.0], "yaw_rad": null, "xy_error_m": 0.03834826499223709, "scan_match_score": 0.9328058180433428, "scan_inliers": 0, "used_prediction_only": false}}, "intruder_estimate": {"detected": true, "position_world": [3.6837477684020996, 0.040060918778181076, 1.1840015649795532], "confidence": 0.2628108739852905, "camera_detections": 8, "lidar_detections": 2}, "input_summary": {"dog_imus": ["go2_dog_1", "go2_dog_2"], "dog_lidars": ["dog1_lidar", "dog2_lidar"], "cameras": ["cam_e_lower", "cam_e_upper", "cam_ne", "cam_nw", "cam_se", "cam_sw", "dog1_cam", "dog2_cam"], "ground_truth": ["go2_dog_1", "go2_dog_2", "suspect"]}}}