{"record_type": "perception_result", "recorded_wall_time": 1777598927.2036989, "result": {"source_module": "perception", "pipeline": "perception_pipeline_v1", "step": 444, "timestamp": 2.22, "dogs": {"agent_1": {"detected": true, "localized": true, "position_world": [-1.7110708951950073, -2.0407309532165527, 0.41999998688697815], "orientation_world": [0.9946110844612122, -0.04579642787575722, -0.0642073005437851, -0.06729761511087418], "velocity_world": [0.17445550858974457, -0.03767675161361694, 0.0], "yaw_rad": null, "xy_error_m": 0.011493442580103874, "scan_match_score": 0.9360608568142924, "scan_inliers": 0, "used_prediction_only": false}, "agent_2": {"detected": true, "localized": true, "position_world": [-1.9141753911972046, 1.4353225231170654, 0.41999998688697815], "orientation_world": [0.9804712533950806, -0.11141424626111984, -0.02597946673631668, -0.15996283292770386], "velocity_world": [-0.04516468569636345, 0.013883179984986782, 0.0], "yaw_rad": null, "xy_error_m": 0.010686143301427364, "scan_match_score": 0.9342836994119148, "scan_inliers": 0, "used_prediction_only": false}}, "intruder_estimate": {"detected": false, "position_world": [2.15419602394104, 1.1909276247024536, 1.2104982137680054], "confidence": 0.0, "camera_detections": 8, "lidar_detections": 2}, "input_summary": {"dog_imus": ["go2_dog_1", "go2_dog_2"], "dog_lidars": ["dog1_lidar", "dog2_lidar"], "cameras": ["cam_e_lower", "cam_e_upper", "cam_ne", "cam_nw", "cam_se", "cam_sw", "dog1_cam", "dog2_cam"], "ground_truth": ["go2_dog_1", "go2_dog_2", "suspect"]}}}