{"record_type": "perception_result", "recorded_wall_time": 1777598958.9045455, "result": {"source_module": "perception", "pipeline": "perception_pipeline_v1", "step": 520, "timestamp": 2.6, "dogs": {"agent_1": {"detected": true, "localized": true, "position_world": [-1.664385199546814, -2.075671911239624, 0.41999998688697815], "orientation_world": [0.991388738155365, -0.07048779726028442, -0.06201191246509552, -0.09129279851913452], "velocity_world": [0.15618225932121277, -0.018116693943738937, 0.0], "yaw_rad": null, "xy_error_m": 0.015669560059905052, "scan_match_score": 0.9346228712356961, "scan_inliers": 0, "used_prediction_only": false}, "agent_2": {"detected": true, "localized": true, "position_world": [-1.849448561668396, 1.4019783735275269, 0.41999998688697815], "orientation_world": [0.9796541929244995, -0.10015614330768585, -0.027211813256144524, -0.17177313566207886], "velocity_world": [0.19160586595535278, -0.08486714214086533, 0.0], "yaw_rad": null, "xy_error_m": 0.013714476488530636, "scan_match_score": 0.9331266002947556, "scan_inliers": 0, "used_prediction_only": false}}, "intruder_estimate": {"detected": false, "position_world": [2.0355448722839355, 1.8678690195083618, 1.1433656215667725], "confidence": 0.0, "camera_detections": 8, "lidar_detections": 2}, "input_summary": {"dog_imus": ["go2_dog_1", "go2_dog_2"], "dog_lidars": ["dog1_lidar", "dog2_lidar"], "cameras": ["cam_e_lower", "cam_e_upper", "cam_ne", "cam_nw", "cam_se", "cam_sw", "dog1_cam", "dog2_cam"], "ground_truth": ["go2_dog_1", "go2_dog_2", "suspect"]}}}