{"record_type": "perception_result", "recorded_wall_time": 1777599007.8506758, "result": {"source_module": "perception", "pipeline": "perception_pipeline_v1", "step": 636, "timestamp": 3.18, "dogs": {"agent_1": {"detected": true, "localized": true, "position_world": [-1.589079737663269, -2.092604637145996, 0.41999998688697815], "orientation_world": [0.9882447719573975, -0.07532700896263123, -0.06706427037715912, -0.11489390581846237], "velocity_world": [0.14563006162643433, -0.23370280861854553, 0.0], "yaw_rad": null, "xy_error_m": 0.015420220792293549, "scan_match_score": 0.9308504401781285, "scan_inliers": 0, "used_prediction_only": false}, "agent_2": {"detected": true, "localized": true, "position_world": [-1.8173900842666626, 1.3528125286102295, 0.41999998688697815], "orientation_world": [0.9679039120674133, -0.12684398889541626, -0.01593555510044098, -0.21637651324272156], "velocity_world": [0.2953890562057495, -0.2345530092716217, 0.0], "yaw_rad": null, "xy_error_m": 0.029053840786218643, "scan_match_score": 0.9310906015694216, "scan_inliers": 0, "used_prediction_only": false}}, "intruder_estimate": {"detected": true, "position_world": [3.3197576999664307, -0.5193325877189636, 1.147275447845459], "confidence": 0.2355149507522583, "camera_detections": 8, "lidar_detections": 2}, "input_summary": {"dog_imus": ["go2_dog_1", "go2_dog_2"], "dog_lidars": ["dog1_lidar", "dog2_lidar"], "cameras": ["cam_e_lower", "cam_e_upper", "cam_ne", "cam_nw", "cam_se", "cam_sw", "dog1_cam", "dog2_cam"], "ground_truth": ["go2_dog_1", "go2_dog_2", "suspect"]}}}