{"record_type": "perception_result", "recorded_wall_time": 1777598420.1273375, "result": {"source_module": "perception", "pipeline": "perception_pipeline_v1", "step": 1944, "timestamp": 9.72, "dogs": {"agent_1": {"detected": true, "localized": true, "position_world": [-2.1018927097320557, -2.015427350997925, 0.41999998688697815], "orientation_world": [0.999911904335022, 0.0003111122059635818, 0.012895611114799976, 0.0031275253277271986], "velocity_world": [0.006129741668701172, -0.006811618804931641, 0.0], "yaw_rad": null, "xy_error_m": 0.015386649407446384, "scan_match_score": 0.931967359850434, "scan_inliers": 0, "used_prediction_only": false}, "agent_2": {"detected": true, "localized": true, "position_world": [-2.0905539989471436, 1.5981757640838623, 0.41999998688697815], "orientation_world": [0.9999139308929443, 0.000344795553246513, 0.012882960960268974, -0.0024704779498279095], "velocity_world": [-0.0026082992553710938, 3.0994415283203125e-05, 0.0], "yaw_rad": null, "xy_error_m": 0.010233325883746147, "scan_match_score": 0.9331463969136041, "scan_inliers": 0, "used_prediction_only": false}}, "intruder_estimate": {"detected": true, "position_world": [3.288315773010254, 1.6473520994186401, 1.0825644731521606], "confidence": 0.2403191328048706, "camera_detections": 8, "lidar_detections": 2}, "input_summary": {"dog_imus": ["go2_dog_1", "go2_dog_2"], "dog_lidars": ["dog1_lidar", "dog2_lidar"], "cameras": ["cam_e_lower", "cam_e_upper", "cam_ne", "cam_nw", "cam_se", "cam_sw", "dog1_cam", "dog2_cam"], "ground_truth": ["go2_dog_1", "go2_dog_2", "suspect"]}}}