{"record_type": "perception_result", "recorded_wall_time": 1777595676.976414, "result": {"source_module": "perception", "pipeline": "perception_pipeline_v1", "step": 160, "timestamp": 0.8, "dogs": {"agent_1": {"detected": true, "localized": true, "position_world": [-2.180088996887207, -1.9944361448287964, 0.41999998688697815], "orientation_world": [0.9979355335235596, 0.0001359801390208304, -0.06422337144613266, -0.00024746236158534884], "velocity_world": [-0.1321873962879181, 0.023097684606909752, 0.0], "yaw_rad": null, "xy_error_m": 0.05717746540904045, "scan_match_score": 0.9352275243579724, "scan_inliers": 0, "used_prediction_only": false}, "agent_2": {"detected": true, "localized": true, "position_world": [-2.167956829071045, 1.599589467048645, 0.41999998688697815], "orientation_world": [0.9979340434074402, 3.5358996683498845e-05, -0.06422197073698044, -0.001794162206351757], "velocity_world": [-0.1855975240468979, -0.015773721039295197, 0.0], "yaw_rad": null, "xy_error_m": 0.044770825654268265, "scan_match_score": 0.9331545140329554, "scan_inliers": 0, "used_prediction_only": false}}, "intruder_estimate": {"detected": true, "position_world": [-0.41125503182411194, 2.363898992538452, 1.119310975074768], "confidence": 0.38469839096069336, "camera_detections": 8, "lidar_detections": 2}, "input_summary": {"dog_imus": ["go2_dog_1", "go2_dog_2"], "dog_lidars": ["dog1_lidar", "dog2_lidar"], "cameras": ["cam_e_lower", "cam_e_upper", "cam_ne", "cam_nw", "cam_se", "cam_sw", "dog1_cam", "dog2_cam"], "ground_truth": ["go2_dog_1", "go2_dog_2", "suspect"]}}}