{"record_type": "perception_result", "recorded_wall_time": 1777599309.4284198, "result": {"source_module": "perception", "pipeline": "perception_pipeline_v1", "step": 1356, "timestamp": 6.78, "dogs": {"agent_1": {"detected": true, "localized": true, "position_world": [-1.5820456743240356, -2.148381233215332, 0.41999998688697815], "orientation_world": [0.9775423407554626, -0.012776415795087814, -0.02430669590830803, -0.2089424878358841], "velocity_world": [0.019570738077163696, -0.04588661342859268, 0.0], "yaw_rad": null, "xy_error_m": 0.011995496228337288, "scan_match_score": 0.9358842896166311, "scan_inliers": 0, "used_prediction_only": false}, "agent_2": {"detected": true, "localized": true, "position_world": [-1.7233750820159912, 1.317001461982727, 0.41999998688697815], "orientation_world": [0.946663498878479, -0.009454749524593353, -0.05455097183585167, -0.31743183732032776], "velocity_world": [0.033320941030979156, 0.18733151257038116, 0.0], "yaw_rad": null, "xy_error_m": 0.022060774266719818, "scan_match_score": 0.9320353712987237, "scan_inliers": 0, "used_prediction_only": false}}, "intruder_estimate": {"detected": true, "position_world": [3.564199447631836, 0.4502958059310913, 1.2064708471298218], "confidence": 0.30883982181549074, "camera_detections": 8, "lidar_detections": 2}, "input_summary": {"dog_imus": ["go2_dog_1", "go2_dog_2"], "dog_lidars": ["dog1_lidar", "dog2_lidar"], "cameras": ["cam_e_lower", "cam_e_upper", "cam_ne", "cam_nw", "cam_se", "cam_sw", "dog1_cam", "dog2_cam"], "ground_truth": ["go2_dog_1", "go2_dog_2", "suspect"]}}}