{"record_type": "perception_result", "recorded_wall_time": 1777598481.983627, "result": {"source_module": "perception", "pipeline": "perception_pipeline_v1", "step": 2092, "timestamp": 10.46, "dogs": {"agent_1": {"detected": true, "localized": true, "position_world": [-2.101918935775757, -2.0136969089508057, 0.41999998688697815], "orientation_world": [0.9999094009399414, 0.0003250450827181339, 0.013101143762469292, 0.003080538474023342], "velocity_world": [-0.0013319652061909437, -0.0027402243576943874, 0.0], "yaw_rad": null, "xy_error_m": 0.013757409527897835, "scan_match_score": 0.9321794963569643, "scan_inliers": 0, "used_prediction_only": false}, "agent_2": {"detected": true, "localized": true, "position_world": [-2.090820550918579, 1.598774790763855, 0.41999998688697815], "orientation_world": [0.9999112486839294, 0.0003465082263574004, 0.013089203275740147, -0.0024816885124891996], "velocity_world": [0.0002384185791015625, -0.004972617141902447, 0.0], "yaw_rad": null, "xy_error_m": 0.009121924638748169, "scan_match_score": 0.9327944384665532, "scan_inliers": 0, "used_prediction_only": false}}, "intruder_estimate": {"detected": true, "position_world": [3.159780740737915, 1.913432002067566, 1.0843405723571777], "confidence": 0.22194035053253175, "camera_detections": 8, "lidar_detections": 2}, "input_summary": {"dog_imus": ["go2_dog_1", "go2_dog_2"], "dog_lidars": ["dog1_lidar", "dog2_lidar"], "cameras": ["cam_e_lower", "cam_e_upper", "cam_ne", "cam_nw", "cam_se", "cam_sw", "dog1_cam", "dog2_cam"], "ground_truth": ["go2_dog_1", "go2_dog_2", "suspect"]}}}