{"record_type": "perception_result", "recorded_wall_time": 1777599103.3979049, "result": {"source_module": "perception", "pipeline": "perception_pipeline_v1", "step": 864, "timestamp": 4.32, "dogs": {"agent_1": {"detected": true, "localized": true, "position_world": [-1.4440979957580566, -2.136803388595581, 0.41999998688697815], "orientation_world": [0.9811009764671326, -0.021870281547307968, -0.05852135643362999, -0.18313327431678772], "velocity_world": [-0.16354218125343323, -0.07830224931240082, 0.0], "yaw_rad": null, "xy_error_m": 0.00474501820281148, "scan_match_score": 0.9327816115302714, "scan_inliers": 0, "used_prediction_only": false}, "agent_2": {"detected": true, "localized": true, "position_world": [-1.7183390855789185, 1.3002278804779053, 0.41999998688697815], "orientation_world": [0.9540296792984009, -0.029711347073316574, -0.05043553188443184, -0.2939402461051941], "velocity_world": [0.0867052674293518, 0.018448609858751297, 0.0], "yaw_rad": null, "xy_error_m": 0.020254135131835938, "scan_match_score": 0.9299124673670169, "scan_inliers": 0, "used_prediction_only": false}}, "intruder_estimate": {"detected": true, "position_world": [3.6560726165771484, -0.459098756313324, 1.1284444332122803], "confidence": 0.16335952281951904, "camera_detections": 8, "lidar_detections": 2}, "input_summary": {"dog_imus": ["go2_dog_1", "go2_dog_2"], "dog_lidars": ["dog1_lidar", "dog2_lidar"], "cameras": ["cam_e_lower", "cam_e_upper", "cam_ne", "cam_nw", "cam_se", "cam_sw", "dog1_cam", "dog2_cam"], "ground_truth": ["go2_dog_1", "go2_dog_2", "suspect"]}}}