{"record_type": "perception_result", "recorded_wall_time": 1777595665.510098, "result": {"source_module": "perception", "pipeline": "perception_pipeline_v1", "step": 132, "timestamp": 0.66, "dogs": {"agent_1": {"detected": true, "localized": true, "position_world": [-2.1626477241516113, -1.9969722032546997, 0.41999998688697815], "orientation_world": [0.9971374869346619, 7.31094041839242e-05, -0.07560943812131882, -0.0002863785775844008], "velocity_world": [-0.10867796093225479, 0.02032061479985714, 0.0], "yaw_rad": null, "xy_error_m": 0.05825890228152275, "scan_match_score": 0.9324566527969307, "scan_inliers": 0, "used_prediction_only": false}, "agent_2": {"detected": true, "localized": true, "position_world": [-2.140834093093872, 1.594678521156311, 0.41999998688697815], "orientation_world": [0.99713534116745, -6.451351509895176e-05, -0.07560863345861435, -0.002107894280925393], "velocity_world": [-0.04794120788574219, -0.06508588790893555, 0.0], "yaw_rad": null, "xy_error_m": 0.03674399107694626, "scan_match_score": 0.933314976494, "scan_inliers": 0, "used_prediction_only": false}}, "intruder_estimate": {"detected": true, "position_world": [1.3056004047393799, 2.1686105728149414, 1.0775883197784424], "confidence": 0.3239464044570923, "camera_detections": 8, "lidar_detections": 2}, "input_summary": {"dog_imus": ["go2_dog_1", "go2_dog_2"], "dog_lidars": ["dog1_lidar", "dog2_lidar"], "cameras": ["cam_e_lower", "cam_e_upper", "cam_ne", "cam_nw", "cam_se", "cam_sw", "dog1_cam", "dog2_cam"], "ground_truth": ["go2_dog_1", "go2_dog_2", "suspect"]}}}