{"record_type": "perception_result", "recorded_wall_time": 1777599732.2425928, "result": {"source_module": "perception", "pipeline": "perception_pipeline_v1", "step": 176, "timestamp": 0.88, "dogs": {"agent_1": {"detected": true, "localized": true, "position_world": [-1.9117227792739868, -1.9816179275512695, 0.41999998688697815], "orientation_world": [0.9996452331542969, 0.004052654840052128, -0.026013659313321114, 0.004041669424623251], "velocity_world": [0.18388701975345612, 0.09318512678146362, 0.0], "yaw_rad": null, "xy_error_m": 0.01101680751889944, "scan_match_score": 0.9332370061840792, "scan_inliers": 0, "used_prediction_only": false}, "agent_2": {"detected": true, "localized": true, "position_world": [-1.96731698513031, 1.5918282270431519, 0.41999998688697815], "orientation_world": [0.9984938502311707, -0.041709523648023605, -0.035158250480890274, -0.0058578429743647575], "velocity_world": [0.0240523349493742, -0.019486233592033386, 0.0], "yaw_rad": null, "xy_error_m": 0.014295101165771484, "scan_match_score": 0.9329961417065679, "scan_inliers": 0, "used_prediction_only": false}}, "intruder_estimate": {"detected": true, "position_world": [2.280179500579834, -0.4647030830383301, 1.266200304031372], "confidence": 0.2329500436782837, "camera_detections": 8, "lidar_detections": 2}, "input_summary": {"dog_imus": ["go2_dog_1", "go2_dog_2"], "dog_lidars": ["dog1_lidar", "dog2_lidar"], "cameras": ["cam_e_lower", "cam_e_upper", "cam_ne", "cam_nw", "cam_se", "cam_sw", "dog1_cam", "dog2_cam"], "ground_truth": ["go2_dog_1", "go2_dog_2", "suspect"]}}}