{"record_type": "perception_result", "recorded_wall_time": 1777599403.320947, "result": {"source_module": "perception", "pipeline": "perception_pipeline_v1", "step": 1580, "timestamp": 7.9, "dogs": {"agent_1": {"detected": true, "localized": true, "position_world": [-1.6102131605148315, -2.128101110458374, 0.41999998688697815], "orientation_world": [0.9805693626403809, -0.01298572774976492, -0.008187717758119106, -0.19557106494903564], "velocity_world": [-0.018729209899902344, 0.08680363744497299, 0.0], "yaw_rad": null, "xy_error_m": 0.007360860705375671, "scan_match_score": 0.9354770481124121, "scan_inliers": 0, "used_prediction_only": false}, "agent_2": {"detected": true, "localized": true, "position_world": [-1.734853744506836, 1.3324967622756958, 0.41999998688697815], "orientation_world": [0.9409456849098206, -0.00407638493925333, -0.059867728501558304, -0.33319732546806335], "velocity_world": [0.038494937121868134, -0.052340924739837646, 0.0], "yaw_rad": null, "xy_error_m": 0.013706164434552193, "scan_match_score": 0.934219920704789, "scan_inliers": 0, "used_prediction_only": false}}, "intruder_estimate": {"detected": true, "position_world": [3.449141025543213, 0.9046161770820618, 1.1522235870361328], "confidence": 0.33569610118865967, "camera_detections": 8, "lidar_detections": 2}, "input_summary": {"dog_imus": ["go2_dog_1", "go2_dog_2"], "dog_lidars": ["dog1_lidar", "dog2_lidar"], "cameras": ["cam_e_lower", "cam_e_upper", "cam_ne", "cam_nw", "cam_se", "cam_sw", "dog1_cam", "dog2_cam"], "ground_truth": ["go2_dog_1", "go2_dog_2", "suspect"]}}}