{"record_type": "perception_result", "recorded_wall_time": 1777599068.4148998, "result": {"source_module": "perception", "pipeline": "perception_pipeline_v1", "step": 780, "timestamp": 3.9, "dogs": {"agent_1": {"detected": true, "localized": true, "position_world": [-1.4601587057113647, -2.1388771533966064, 0.41999998688697815], "orientation_world": [0.9878865480422974, -0.05011852830648422, -0.057910215109586716, -0.1349617838859558], "velocity_world": [0.1858009397983551, -0.2073260098695755, 0.0], "yaw_rad": null, "xy_error_m": 0.021040547639131546, "scan_match_score": 0.932847823541034, "scan_inliers": 0, "used_prediction_only": false}, "agent_2": {"detected": true, "localized": true, "position_world": [-1.7529999017715454, 1.2935283184051514, 0.41999998688697815], "orientation_world": [0.9659634828567505, -0.09320830553770065, -0.0012866449542343616, -0.24129894375801086], "velocity_world": [0.0614217072725296, -0.07313673198223114, 0.0], "yaw_rad": null, "xy_error_m": 0.0207326952368021, "scan_match_score": 0.9322751082959312, "scan_inliers": 0, "used_prediction_only": false}}, "intruder_estimate": {"detected": true, "position_world": [3.5157203674316406, -0.4494251012802124, 1.148071527481079], "confidence": 0.20396854877471923, "camera_detections": 8, "lidar_detections": 2}, "input_summary": {"dog_imus": ["go2_dog_1", "go2_dog_2"], "dog_lidars": ["dog1_lidar", "dog2_lidar"], "cameras": ["cam_e_lower", "cam_e_upper", "cam_ne", "cam_nw", "cam_se", "cam_sw", "dog1_cam", "dog2_cam"], "ground_truth": ["go2_dog_1", "go2_dog_2", "suspect"]}}}