{"record_type": "perception_result", "recorded_wall_time": 1777598903.5511663, "result": {"source_module": "perception", "pipeline": "perception_pipeline_v1", "step": 388, "timestamp": 1.94, "dogs": {"agent_1": {"detected": true, "localized": true, "position_world": [-1.7619597911834717, -2.025325298309326, 0.41999998688697815], "orientation_world": [0.9969467520713806, -0.02620743215084076, -0.050135932862758636, -0.05382174253463745], "velocity_world": [0.050661344081163406, 0.003066428005695343, 0.0], "yaw_rad": null, "xy_error_m": 0.003764166496694088, "scan_match_score": 0.9339564287995944, "scan_inliers": 0, "used_prediction_only": false}, "agent_2": {"detected": true, "localized": true, "position_world": [-1.9129422903060913, 1.423500418663025, 0.41999998688697815], "orientation_world": [0.9860336780548096, -0.08471283316612244, -0.03374981880187988, -0.13936364650726318], "velocity_world": [0.18926218152046204, -0.1769079715013504, 0.0], "yaw_rad": null, "xy_error_m": 0.02894734777510166, "scan_match_score": 0.9302725432126664, "scan_inliers": 0, "used_prediction_only": false}}, "intruder_estimate": {"detected": false, "position_world": [2.2464802265167236, 0.6644176840782166, 1.2624261379241943], "confidence": 0.0, "camera_detections": 8, "lidar_detections": 2}, "input_summary": {"dog_imus": ["go2_dog_1", "go2_dog_2"], "dog_lidars": ["dog1_lidar", "dog2_lidar"], "cameras": ["cam_e_lower", "cam_e_upper", "cam_ne", "cam_nw", "cam_se", "cam_sw", "dog1_cam", "dog2_cam"], "ground_truth": ["go2_dog_1", "go2_dog_2", "suspect"]}}}