{"record_type": "perception_result", "recorded_wall_time": 1777598913.6917114, "result": {"source_module": "perception", "pipeline": "perception_pipeline_v1", "step": 412, "timestamp": 2.06, "dogs": {"agent_1": {"detected": true, "localized": true, "position_world": [-1.738236904144287, -2.033369779586792, 0.41999998688697815], "orientation_world": [0.9950657486915588, -0.04141070693731308, -0.06610437482595444, -0.0613153837621212], "velocity_world": [0.20890989899635315, -0.0347922146320343, 0.0], "yaw_rad": null, "xy_error_m": 0.009413288906216621, "scan_match_score": 0.930946580553937, "scan_inliers": 0, "used_prediction_only": false}, "agent_2": {"detected": true, "localized": true, "position_world": [-1.9109810590744019, 1.4295203685760498, 0.41999998688697815], "orientation_world": [0.9828343391418457, -0.09923524409532547, -0.03559697046875954, -0.15139958262443542], "velocity_world": [-0.04436381906270981, -0.02146540954709053, 0.0], "yaw_rad": null, "xy_error_m": 0.014520788565278053, "scan_match_score": 0.934961790279751, "scan_inliers": 0, "used_prediction_only": false}}, "intruder_estimate": {"detected": false, "position_world": [2.2069296836853027, 0.8900647759437561, 1.2683123350143433], "confidence": 0.0, "camera_detections": 8, "lidar_detections": 2}, "input_summary": {"dog_imus": ["go2_dog_1", "go2_dog_2"], "dog_lidars": ["dog1_lidar", "dog2_lidar"], "cameras": ["cam_e_lower", "cam_e_upper", "cam_ne", "cam_nw", "cam_se", "cam_sw", "dog1_cam", "dog2_cam"], "ground_truth": ["go2_dog_1", "go2_dog_2", "suspect"]}}}