{"record_type": "perception_result", "recorded_wall_time": 1777599765.5713968, "result": {"source_module": "perception", "pipeline": "perception_pipeline_v1", "step": 256, "timestamp": 1.28, "dogs": {"agent_1": {"detected": true, "localized": true, "position_world": [-1.838478922843933, -1.9930119514465332, 0.41999998688697815], "orientation_world": [0.998590886592865, -0.018102286383509636, -0.049359917640686035, -0.007223360240459442], "velocity_world": [0.139691561460495, -0.017622970044612885, 0.0], "yaw_rad": null, "xy_error_m": 0.012798264622688293, "scan_match_score": 0.93487057503943, "scan_inliers": 0, "used_prediction_only": false}, "agent_2": {"detected": true, "localized": true, "position_world": [-1.979860782623291, 1.5889453887939453, 0.41999998688697815], "orientation_world": [0.9959431290626526, -0.07625560462474823, -0.044571828097105026, -0.017198335379362106], "velocity_world": [-0.05383538454771042, 0.014271563850343227, 0.0], "yaw_rad": null, "xy_error_m": 0.00476113660261035, "scan_match_score": 0.9333336005655813, "scan_inliers": 0, "used_prediction_only": false}}, "intruder_estimate": {"detected": true, "position_world": [2.4492480754852295, -0.4670959711074829, 1.2701438665390015], "confidence": 0.16850665807724, "camera_detections": 8, "lidar_detections": 2}, "input_summary": {"dog_imus": ["go2_dog_1", "go2_dog_2"], "dog_lidars": ["dog1_lidar", "dog2_lidar"], "cameras": ["cam_e_lower", "cam_e_upper", "cam_ne", "cam_nw", "cam_se", "cam_sw", "dog1_cam", "dog2_cam"], "ground_truth": ["go2_dog_1", "go2_dog_2", "suspect"]}}}