{"record_type": "perception_result", "recorded_wall_time": 1777597133.1451845, "result": {"source_module": "perception", "pipeline": "perception_pipeline_v1", "step": 32, "timestamp": 0.16, "dogs": {"agent_1": {"detected": true, "localized": true, "position_world": [-1.998872995376587, -1.992384910583496, 0.41999998688697815], "orientation_world": [0.9999771118164062, 3.953788836952299e-05, 0.0066835000179708, -0.0010839474853128195], "velocity_world": [-0.023584330454468727, -6.554083665832877e-05, 0.0], "yaw_rad": null, "xy_error_m": 0.00776617880910635, "scan_match_score": 0.9338845603625353, "scan_inliers": 0, "used_prediction_only": false}, "agent_2": {"detected": true, "localized": true, "position_world": [-1.997022271156311, 1.6024327278137207, 0.41999998688697815], "orientation_world": [0.999977707862854, 3.1696632504463196e-05, 0.006683455314487219, -7.745748916931916e-06], "velocity_world": [-0.023584313690662384, -6.62783277221024e-05, 0.0], "yaw_rad": null, "xy_error_m": 0.0041613527573645115, "scan_match_score": 0.9353164087818012, "scan_inliers": 0, "used_prediction_only": false}}, "intruder_estimate": {"detected": true, "position_world": [3.497333288192749, -0.456258088350296, 1.1787338256835938], "confidence": 0.15989073514938354, "camera_detections": 8, "lidar_detections": 2}, "input_summary": {"dog_imus": ["go2_dog_1", "go2_dog_2"], "dog_lidars": ["dog1_lidar", "dog2_lidar"], "cameras": ["cam_e_lower", "cam_e_upper", "cam_ne", "cam_nw", "cam_se", "cam_sw", "dog1_cam", "dog2_cam"], "ground_truth": ["go2_dog_1", "go2_dog_2", "suspect"]}}}