{"record_type": "perception_result", "recorded_wall_time": 1777599235.6452227, "result": {"source_module": "perception", "pipeline": "perception_pipeline_v1", "step": 1180, "timestamp": 5.9, "dogs": {"agent_1": {"detected": true, "localized": true, "position_world": [-1.5455586910247803, -2.1470911502838135, 0.41999998688697815], "orientation_world": [0.9783217310905457, 0.0004972590832039714, -0.033018823713064194, -0.20444123446941376], "velocity_world": [-0.10779841244220734, -0.17615029215812683, 0.0], "yaw_rad": null, "xy_error_m": 0.011336542665958405, "scan_match_score": 0.9336263939551503, "scan_inliers": 0, "used_prediction_only": false}, "agent_2": {"detected": true, "localized": true, "position_world": [-1.716695785522461, 1.297447681427002, 0.41999998688697815], "orientation_world": [0.9478380680084229, -0.003575333161279559, -0.06057598441839218, -0.31292298436164856], "velocity_world": [0.03988552466034889, 0.0691719651222229, 0.0], "yaw_rad": null, "xy_error_m": 0.03146478161215782, "scan_match_score": 0.9330498603504875, "scan_inliers": 0, "used_prediction_only": false}}, "intruder_estimate": {"detected": true, "position_world": [3.635352849960327, 0.11727578938007355, 1.2136560678482056], "confidence": 0.28334760665893555, "camera_detections": 8, "lidar_detections": 2}, "input_summary": {"dog_imus": ["go2_dog_1", "go2_dog_2"], "dog_lidars": ["dog1_lidar", "dog2_lidar"], "cameras": ["cam_e_lower", "cam_e_upper", "cam_ne", "cam_nw", "cam_se", "cam_sw", "dog1_cam", "dog2_cam"], "ground_truth": ["go2_dog_1", "go2_dog_2", "suspect"]}}}