{"record_type": "perception_result", "recorded_wall_time": 1777599274.3045573, "result": {"source_module": "perception", "pipeline": "perception_pipeline_v1", "step": 1272, "timestamp": 6.36, "dogs": {"agent_1": {"detected": true, "localized": true, "position_world": [-1.5507185459136963, -2.1230030059814453, 0.41999998688697815], "orientation_world": [0.9791552424430847, -0.019926296547055244, -0.0031648038420826197, -0.20210878551006317], "velocity_world": [-0.04776249825954437, 0.10137657076120377, 0.0], "yaw_rad": null, "xy_error_m": 0.011357178911566734, "scan_match_score": 0.9347849989507262, "scan_inliers": 0, "used_prediction_only": false}, "agent_2": {"detected": true, "localized": true, "position_world": [-1.7287933826446533, 1.3012714385986328, 0.41999998688697815], "orientation_world": [0.9483569264411926, -0.0016613999614492059, -0.06066679581999779, -0.3113454580307007], "velocity_world": [-0.03639643266797066, -0.06860842555761337, 0.0], "yaw_rad": null, "xy_error_m": 0.02998862974345684, "scan_match_score": 0.9351460640709502, "scan_inliers": 0, "used_prediction_only": false}}, "intruder_estimate": {"detected": true, "position_world": [3.605736255645752, 0.2730097770690918, 1.2136257886886597], "confidence": 0.2977434158325195, "camera_detections": 8, "lidar_detections": 2}, "input_summary": {"dog_imus": ["go2_dog_1", "go2_dog_2"], "dog_lidars": ["dog1_lidar", "dog2_lidar"], "cameras": ["cam_e_lower", "cam_e_upper", "cam_ne", "cam_nw", "cam_se", "cam_sw", "dog1_cam", "dog2_cam"], "ground_truth": ["go2_dog_1", "go2_dog_2", "suspect"]}}}