{"record_type": "perception_result", "recorded_wall_time": 1777598990.9396465, "result": {"source_module": "perception", "pipeline": "perception_pipeline_v1", "step": 596, "timestamp": 2.98, "dogs": {"agent_1": {"detected": true, "localized": true, "position_world": [-1.5974754095077515, -2.0688564777374268, 0.41999998688697815], "orientation_world": [0.990168035030365, -0.06227831542491913, -0.06580127775669098, -0.10657802224159241], "velocity_world": [0.17628684639930725, -0.027918966487050056, 0.0], "yaw_rad": null, "xy_error_m": 0.018046753481030464, "scan_match_score": 0.9351178281409658, "scan_inliers": 0, "used_prediction_only": false}, "agent_2": {"detected": true, "localized": true, "position_world": [-1.8339680433273315, 1.37214195728302, 0.41999998688697815], "orientation_world": [0.9710496664047241, -0.1206672266125679, -0.02171589620411396, -0.20501315593719482], "velocity_world": [-0.055215343832969666, 0.08075369894504547, 0.0], "yaw_rad": null, "xy_error_m": 0.010388274677097797, "scan_match_score": 0.9317416887243941, "scan_inliers": 0, "used_prediction_only": false}}, "intruder_estimate": {"detected": false, "position_world": [1.9168936014175415, 2.5448102951049805, 1.152902603149414], "confidence": 0.0, "camera_detections": 8, "lidar_detections": 2}, "input_summary": {"dog_imus": ["go2_dog_1", "go2_dog_2"], "dog_lidars": ["dog1_lidar", "dog2_lidar"], "cameras": ["cam_e_lower", "cam_e_upper", "cam_ne", "cam_nw", "cam_se", "cam_sw", "dog1_cam", "dog2_cam"], "ground_truth": ["go2_dog_1", "go2_dog_2", "suspect"]}}}