{"record_type": "perception_result", "recorded_wall_time": 1777599378.1066468, "result": {"source_module": "perception", "pipeline": "perception_pipeline_v1", "step": 1520, "timestamp": 7.6000000000000005, "dogs": {"agent_1": {"detected": true, "localized": true, "position_world": [-1.6186375617980957, -2.1335256099700928, 0.41999998688697815], "orientation_world": [0.9775468111038208, 0.00041895118192769587, -0.019064493477344513, -0.2098539173603058], "velocity_world": [-0.00044367462396621704, 0.11548630148172379, 0.0], "yaw_rad": null, "xy_error_m": 0.009265671484172344, "scan_match_score": 0.9349929476773444, "scan_inliers": 0, "used_prediction_only": false}, "agent_2": {"detected": true, "localized": true, "position_world": [-1.7324498891830444, 1.3315613269805908, 0.41999998688697815], "orientation_world": [0.9404962658882141, 0.0007053829031065106, -0.06809869408607483, -0.3329097032546997], "velocity_world": [-0.01628415286540985, 0.028101660311222076, 0.0], "yaw_rad": null, "xy_error_m": 0.01477186381816864, "scan_match_score": 0.9339826742134928, "scan_inliers": 0, "used_prediction_only": false}}, "intruder_estimate": {"detected": true, "position_world": [3.480332612991333, 0.7841996550559998, 1.1750279664993286], "confidence": 0.32787933349609377, "camera_detections": 8, "lidar_detections": 2}, "input_summary": {"dog_imus": ["go2_dog_1", "go2_dog_2"], "dog_lidars": ["dog1_lidar", "dog2_lidar"], "cameras": ["cam_e_lower", "cam_e_upper", "cam_ne", "cam_nw", "cam_se", "cam_sw", "dog1_cam", "dog2_cam"], "ground_truth": ["go2_dog_1", "go2_dog_2", "suspect"]}}}