{"record_type": "perception_result", "recorded_wall_time": 1777598952.253912, "result": {"source_module": "perception", "pipeline": "perception_pipeline_v1", "step": 504, "timestamp": 2.52, "dogs": {"agent_1": {"detected": true, "localized": true, "position_world": [-1.6788185834884644, -2.0732638835906982, 0.41999998688697815], "orientation_world": [0.9912331700325012, -0.07471267879009247, -0.06899522989988327, -0.0843479111790657], "velocity_world": [0.12331254035234451, -0.14472514390945435, 0.0], "yaw_rad": null, "xy_error_m": 0.013203947804868221, "scan_match_score": 0.9354157170124138, "scan_inliers": 0, "used_prediction_only": false}, "agent_2": {"detected": true, "localized": true, "position_world": [-1.8637579679489136, 1.4053581953048706, 0.41999998688697815], "orientation_world": [0.9801345467567444, -0.1067347303032875, -0.02414063736796379, -0.16541247069835663], "velocity_world": [0.08645085245370865, -0.12951567769050598, 0.0], "yaw_rad": null, "xy_error_m": 0.01182305347174406, "scan_match_score": 0.9331974827179514, "scan_inliers": 0, "used_prediction_only": false}}, "intruder_estimate": {"detected": false, "position_world": [2.0619115829467773, 1.7174376249313354, 1.1585495471954346], "confidence": 0.0, "camera_detections": 8, "lidar_detections": 2}, "input_summary": {"dog_imus": ["go2_dog_1", "go2_dog_2"], "dog_lidars": ["dog1_lidar", "dog2_lidar"], "cameras": ["cam_e_lower", "cam_e_upper", "cam_ne", "cam_nw", "cam_se", "cam_sw", "dog1_cam", "dog2_cam"], "ground_truth": ["go2_dog_1", "go2_dog_2", "suspect"]}}}