{"record_type": "perception_result", "recorded_wall_time": 1777598955.6645494, "result": {"source_module": "perception", "pipeline": "perception_pipeline_v1", "step": 512, "timestamp": 2.56, "dogs": {"agent_1": {"detected": true, "localized": true, "position_world": [-1.672316551208496, -2.074556589126587, 0.41999998688697815], "orientation_world": [0.9916602373123169, -0.06906654685735703, -0.06506949663162231, -0.08721129596233368], "velocity_world": [0.12806108593940735, -0.04503083601593971, 0.0], "yaw_rad": null, "xy_error_m": 0.013103834353387356, "scan_match_score": 0.9352023308408155, "scan_inliers": 0, "used_prediction_only": false}, "agent_2": {"detected": true, "localized": true, "position_world": [-1.8643232583999634, 1.402942180633545, 0.41999998688697815], "orientation_world": [0.9794853329658508, -0.10592848807573318, -0.02639230340719223, -0.16938439011573792], "velocity_world": [0.05243103578686714, -0.0810164362192154, 0.0], "yaw_rad": null, "xy_error_m": 0.010436708107590675, "scan_match_score": 0.9309193813000215, "scan_inliers": 0, "used_prediction_only": false}}, "intruder_estimate": {"detected": false, "position_world": [2.0487282276153564, 1.7926533222198486, 1.1508095264434814], "confidence": 0.0, "camera_detections": 8, "lidar_detections": 2}, "input_summary": {"dog_imus": ["go2_dog_1", "go2_dog_2"], "dog_lidars": ["dog1_lidar", "dog2_lidar"], "cameras": ["cam_e_lower", "cam_e_upper", "cam_ne", "cam_nw", "cam_se", "cam_sw", "dog1_cam", "dog2_cam"], "ground_truth": ["go2_dog_1", "go2_dog_2", "suspect"]}}}