{"record_type": "perception_result", "recorded_wall_time": 1777598906.8967059, "result": {"source_module": "perception", "pipeline": "perception_pipeline_v1", "step": 396, "timestamp": 1.98, "dogs": {"agent_1": {"detected": true, "localized": true, "position_world": [-1.7591763734817505, -2.0331740379333496, 0.41999998688697815], "orientation_world": [0.9961966276168823, -0.03102833218872547, -0.057710036635398865, -0.057437244802713394], "velocity_world": [0.11017628759145737, -0.07982564717531204, 0.0], "yaw_rad": null, "xy_error_m": 0.004620966501533985, "scan_match_score": 0.932219607736115, "scan_inliers": 0, "used_prediction_only": false}, "agent_2": {"detected": true, "localized": true, "position_world": [-1.9073735475540161, 1.4309346675872803, 0.41999998688697815], "orientation_world": [0.984748899936676, -0.09201914817094803, -0.03557751327753067, -0.14330537617206573], "velocity_world": [0.08530180156230927, 0.023782555013895035, 0.0], "yaw_rad": null, "xy_error_m": 0.018329277634620667, "scan_match_score": 0.9284199332584544, "scan_inliers": 0, "used_prediction_only": false}}, "intruder_estimate": {"detected": false, "position_world": [2.2332966327667236, 0.7396333813667297, 1.2728559970855713], "confidence": 0.0, "camera_detections": 8, "lidar_detections": 2}, "input_summary": {"dog_imus": ["go2_dog_1", "go2_dog_2"], "dog_lidars": ["dog1_lidar", "dog2_lidar"], "cameras": ["cam_e_lower", "cam_e_upper", "cam_ne", "cam_nw", "cam_se", "cam_sw", "dog1_cam", "dog2_cam"], "ground_truth": ["go2_dog_1", "go2_dog_2", "suspect"]}}}