{"record_type": "perception_result", "recorded_wall_time": 1777599158.5450943, "result": {"source_module": "perception", "pipeline": "perception_pipeline_v1", "step": 996, "timestamp": 4.98, "dogs": {"agent_1": {"detected": true, "localized": true, "position_world": [-1.4975711107254028, -2.147075653076172, 0.41999998688697815], "orientation_world": [0.9798787832260132, -0.0047220452688634396, -0.04157712310552597, -0.19515804946422577], "velocity_world": [-0.12021329253911972, -0.06956320255994797, 0.0], "yaw_rad": null, "xy_error_m": 0.011060903780162334, "scan_match_score": 0.9303606176526064, "scan_inliers": 0, "used_prediction_only": false}, "agent_2": {"detected": true, "localized": true, "position_world": [-1.7132712602615356, 1.2942229509353638, 0.41999998688697815], "orientation_world": [0.9483118653297424, -0.005490070674568415, -0.06486637145280838, -0.31059104204177856], "velocity_world": [0.013997889123857021, -0.012723642401397228, 0.0], "yaw_rad": null, "xy_error_m": 0.018443666398525238, "scan_match_score": 0.9341129664521971, "scan_inliers": 0, "used_prediction_only": false}}, "intruder_estimate": {"detected": true, "position_world": [3.770225763320923, -0.2818485498428345, 1.184149146080017], "confidence": 0.18522975444793702, "camera_detections": 8, "lidar_detections": 2}, "input_summary": {"dog_imus": ["go2_dog_1", "go2_dog_2"], "dog_lidars": ["dog1_lidar", "dog2_lidar"], "cameras": ["cam_e_lower", "cam_e_upper", "cam_ne", "cam_nw", "cam_se", "cam_sw", "dog1_cam", "dog2_cam"], "ground_truth": ["go2_dog_1", "go2_dog_2", "suspect"]}}}