{"record_type": "perception_result", "recorded_wall_time": 1777600018.2697432, "result": {"source_module": "perception", "pipeline": "perception_pipeline_v1", "step": 64, "timestamp": 0.32, "dogs": {"agent_1": {"detected": true, "localized": true, "position_world": [-1.9732387065887451, -2.0004003047943115, 0.41999998688697815], "orientation_world": [0.9999527931213379, -0.0062222848646342754, 0.00734198372811079, 0.0013298697303980589], "velocity_world": [0.17741939425468445, 0.04096267372369766, 0.0], "yaw_rad": null, "xy_error_m": 0.012943936511874199, "scan_match_score": 0.9331858253843791, "scan_inliers": 0, "used_prediction_only": false}, "agent_2": {"detected": true, "localized": true, "position_world": [-1.9770417213439941, 1.5878409147262573, 0.41999998688697815], "orientation_world": [0.9997889995574951, 0.019034452736377716, 0.00770973227918148, 0.00041045446414500475], "velocity_world": [0.17941883206367493, -0.08203989267349243, 0.0], "yaw_rad": null, "xy_error_m": 0.009283781982958317, "scan_match_score": 0.9331718399918453, "scan_inliers": 0, "used_prediction_only": false}}, "intruder_estimate": {"detected": true, "position_world": [1.9931092262268066, -0.49072563648223877, 1.3105612993240356], "confidence": 0.31620924472808837, "camera_detections": 8, "lidar_detections": 2}, "input_summary": {"dog_imus": ["go2_dog_1", "go2_dog_2"], "dog_lidars": ["dog1_lidar", "dog2_lidar"], "cameras": ["cam_e_lower", "cam_e_upper", "cam_ne", "cam_nw", "cam_se", "cam_sw", "dog1_cam", "dog2_cam"], "ground_truth": ["go2_dog_1", "go2_dog_2", "suspect"]}}}