{"record_type": "perception_result", "recorded_wall_time": 1777599436.7640727, "result": {"source_module": "perception", "pipeline": "perception_pipeline_v1", "step": 1660, "timestamp": 8.3, "dogs": {"agent_1": {"detected": true, "localized": true, "position_world": [-1.6264066696166992, -2.1257636547088623, 0.41999998688697815], "orientation_world": [0.9761864542961121, -0.0006856410764157772, -0.026313969865441322, -0.2153303623199463], "velocity_world": [-0.040623877197504044, -0.10581091046333313, 0.0], "yaw_rad": null, "xy_error_m": 0.008942456915974617, "scan_match_score": 0.9359950448596989, "scan_inliers": 0, "used_prediction_only": false}, "agent_2": {"detected": true, "localized": true, "position_world": [-1.7362114191055298, 1.339431881904602, 0.41999998688697815], "orientation_world": [0.9402905702590942, -0.03844146430492401, -0.02747441455721855, -0.33707737922668457], "velocity_world": [-0.001575906528159976, 0.04749646782875061, 0.0], "yaw_rad": null, "xy_error_m": 0.010646888986229897, "scan_match_score": 0.9345462935503243, "scan_inliers": 0, "used_prediction_only": false}}, "intruder_estimate": {"detected": true, "position_world": [3.429969072341919, 1.0431543588638306, 1.1569852828979492], "confidence": 0.3315655469894409, "camera_detections": 8, "lidar_detections": 2}, "input_summary": {"dog_imus": ["go2_dog_1", "go2_dog_2"], "dog_lidars": ["dog1_lidar", "dog2_lidar"], "cameras": ["cam_e_lower", "cam_e_upper", "cam_ne", "cam_nw", "cam_se", "cam_sw", "dog1_cam", "dog2_cam"], "ground_truth": ["go2_dog_1", "go2_dog_2", "suspect"]}}}