{"record_type": "perception_result", "recorded_wall_time": 1777599173.6020548, "result": {"source_module": "perception", "pipeline": "perception_pipeline_v1", "step": 1032, "timestamp": 5.16, "dogs": {"agent_1": {"detected": true, "localized": true, "position_world": [-1.515823483467102, -2.1622729301452637, 0.41999998688697815], "orientation_world": [0.9776076674461365, -0.029915371909737587, -0.04387699067592621, -0.20362508296966553], "velocity_world": [-0.004785374738276005, -0.10675710439682007, 0.0], "yaw_rad": null, "xy_error_m": 0.013574723154306412, "scan_match_score": 0.9315633775452993, "scan_inliers": 0, "used_prediction_only": false}, "agent_2": {"detected": true, "localized": true, "position_world": [-1.7026878595352173, 1.294672966003418, 0.41999998688697815], "orientation_world": [0.9495707750320435, -0.015766439959406853, -0.062129296362400055, -0.3069312870502472], "velocity_world": [0.02999531291425228, -0.009256473742425442, 0.0], "yaw_rad": null, "xy_error_m": 0.022471871227025986, "scan_match_score": 0.9369585886193457, "scan_inliers": 0, "used_prediction_only": false}}, "intruder_estimate": {"detected": true, "position_world": [3.77746844291687, -0.166240394115448, 1.1859792470932007], "confidence": 0.251682186126709, "camera_detections": 8, "lidar_detections": 2}, "input_summary": {"dog_imus": ["go2_dog_1", "go2_dog_2"], "dog_lidars": ["dog1_lidar", "dog2_lidar"], "cameras": ["cam_e_lower", "cam_e_upper", "cam_ne", "cam_nw", "cam_se", "cam_sw", "dog1_cam", "dog2_cam"], "ground_truth": ["go2_dog_1", "go2_dog_2", "suspect"]}}}