{"record_type": "perception_result", "recorded_wall_time": 1777599277.5444138, "result": {"source_module": "perception", "pipeline": "perception_pipeline_v1", "step": 1280, "timestamp": 6.4, "dogs": {"agent_1": {"detected": true, "localized": true, "position_world": [-1.55472993850708, -2.1215481758117676, 0.41999998688697815], "orientation_world": [0.9795950651168823, -0.018836792558431625, -0.004676106385886669, -0.20004227757453918], "velocity_world": [-0.07573429495096207, 0.04060449078679085, 0.0], "yaw_rad": null, "xy_error_m": 0.010608110576868057, "scan_match_score": 0.9353002677018111, "scan_inliers": 0, "used_prediction_only": false}, "agent_2": {"detected": true, "localized": true, "position_world": [-1.7256308794021606, 1.305091381072998, 0.41999998688697815], "orientation_world": [0.94821697473526, -0.0008876387146301568, -0.0607428178191185, -0.31175971031188965], "velocity_world": [0.05306849256157875, 0.02165886200964451, 0.0], "yaw_rad": null, "xy_error_m": 0.02544030174612999, "scan_match_score": 0.9341803798943472, "scan_inliers": 0, "used_prediction_only": false}}, "intruder_estimate": {"detected": true, "position_world": [3.600919485092163, 0.29424533247947693, 1.2092840671539307], "confidence": 0.3011072874069214, "camera_detections": 8, "lidar_detections": 2}, "input_summary": {"dog_imus": ["go2_dog_1", "go2_dog_2"], "dog_lidars": ["dog1_lidar", "dog2_lidar"], "cameras": ["cam_e_lower", "cam_e_upper", "cam_ne", "cam_nw", "cam_se", "cam_sw", "dog1_cam", "dog2_cam"], "ground_truth": ["go2_dog_1", "go2_dog_2", "suspect"]}}}