{"record_type": "perception_result", "recorded_wall_time": 1777599316.1269846, "result": {"source_module": "perception", "pipeline": "perception_pipeline_v1", "step": 1372, "timestamp": 6.86, "dogs": {"agent_1": {"detected": true, "localized": true, "position_world": [-1.5826215744018555, -2.144699811935425, 0.41999998688697815], "orientation_world": [0.9780331254005432, -0.007610836997628212, -0.01886395551264286, -0.20745466649532318], "velocity_world": [-0.0316518098115921, 0.045371681451797485, 0.0], "yaw_rad": null, "xy_error_m": 0.007662668824195862, "scan_match_score": 0.9333483996730202, "scan_inliers": 0, "used_prediction_only": false}, "agent_2": {"detected": true, "localized": true, "position_world": [-1.722548007965088, 1.313726782798767, 0.41999998688697815], "orientation_world": [0.9458160400390625, -0.006302287336438894, -0.056853435933589935, -0.3196248710155487], "velocity_world": [0.004786400124430656, 0.02811376377940178, 0.0], "yaw_rad": null, "xy_error_m": 0.02897625043988228, "scan_match_score": 0.9302129617639407, "scan_inliers": 0, "used_prediction_only": false}}, "intruder_estimate": {"detected": true, "position_world": [3.556955337524414, 0.4786466062068939, 1.209396243095398], "confidence": 0.30883982181549074, "camera_detections": 8, "lidar_detections": 2}, "input_summary": {"dog_imus": ["go2_dog_1", "go2_dog_2"], "dog_lidars": ["dog1_lidar", "dog2_lidar"], "cameras": ["cam_e_lower", "cam_e_upper", "cam_ne", "cam_nw", "cam_se", "cam_sw", "dog1_cam", "dog2_cam"], "ground_truth": ["go2_dog_1", "go2_dog_2", "suspect"]}}}