{"record_type": "perception_result", "recorded_wall_time": 1777599364.675262, "result": {"source_module": "perception", "pipeline": "perception_pipeline_v1", "step": 1488, "timestamp": 7.44, "dogs": {"agent_1": {"detected": true, "localized": true, "position_world": [-1.60093355178833, -2.138828754425049, 0.41999998688697815], "orientation_world": [0.978746771812439, -0.00764942541718483, -0.025226276367902756, -0.20337136089801788], "velocity_world": [-0.031052768230438232, -0.05448954924941063, 0.0], "yaw_rad": null, "xy_error_m": 0.006262183655053377, "scan_match_score": 0.9341050107329303, "scan_inliers": 0, "used_prediction_only": false}, "agent_2": {"detected": true, "localized": true, "position_world": [-1.740124225616455, 1.3242709636688232, 0.41999998688697815], "orientation_world": [0.9428513646125793, -0.001641611335799098, -0.06707555800676346, -0.32638856768608093], "velocity_world": [-0.05917965620756149, -0.04463394731283188, 0.0], "yaw_rad": null, "xy_error_m": 0.020663950592279434, "scan_match_score": 0.9317049033141297, "scan_inliers": 0, "used_prediction_only": false}}, "intruder_estimate": {"detected": true, "position_world": [3.496706247329712, 0.719692051410675, 1.1852309703826904], "confidence": 0.3216831922531128, "camera_detections": 8, "lidar_detections": 2}, "input_summary": {"dog_imus": ["go2_dog_1", "go2_dog_2"], "dog_lidars": ["dog1_lidar", "dog2_lidar"], "cameras": ["cam_e_lower", "cam_e_upper", "cam_ne", "cam_nw", "cam_se", "cam_sw", "dog1_cam", "dog2_cam"], "ground_truth": ["go2_dog_1", "go2_dog_2", "suspect"]}}}