{"record_type": "perception_result", "recorded_wall_time": 1777599539.1489575, "result": {"source_module": "perception", "pipeline": "perception_pipeline_v1", "step": 1904, "timestamp": 9.52, "dogs": {"agent_1": {"detected": true, "localized": true, "position_world": [-1.6526901721954346, -2.1360061168670654, 0.41999998688697815], "orientation_world": [0.9764055013656616, -0.0653110146522522, -0.03979521244764328, -0.2019483596086502], "velocity_world": [-3.5886187106370926e-05, -0.04962669312953949, 0.0], "yaw_rad": null, "xy_error_m": 0.006157252937555313, "scan_match_score": 0.9372055044138334, "scan_inliers": 0, "used_prediction_only": false}, "agent_2": {"detected": true, "localized": true, "position_world": [-1.7039401531219482, 1.341930866241455, 0.41999998688697815], "orientation_world": [0.9446076154708862, -0.08592461794614792, 0.02494893968105316, -0.31577035784721375], "velocity_world": [0.1039377897977829, -0.022849729284644127, 0.0], "yaw_rad": null, "xy_error_m": 0.007724253926426172, "scan_match_score": 0.9332915610807262, "scan_inliers": 0, "used_prediction_only": false}}, "intruder_estimate": {"detected": true, "position_world": [3.3066928386688232, 1.5684081315994263, 1.1732183694839478], "confidence": 0.24038124084472656, "camera_detections": 8, "lidar_detections": 2}, "input_summary": {"dog_imus": ["go2_dog_1", "go2_dog_2"], "dog_lidars": ["dog1_lidar", "dog2_lidar"], "cameras": ["cam_e_lower", "cam_e_upper", "cam_ne", "cam_nw", "cam_se", "cam_sw", "dog1_cam", "dog2_cam"], "ground_truth": ["go2_dog_1", "go2_dog_2", "suspect"]}}}