{"record_type": "perception_result", "recorded_wall_time": 1777598948.9705951, "result": {"source_module": "perception", "pipeline": "perception_pipeline_v1", "step": 496, "timestamp": 2.48, "dogs": {"agent_1": {"detected": true, "localized": true, "position_world": [-1.6848641633987427, -2.0660040378570557, 0.41999998688697815], "orientation_world": [0.9910222291946411, -0.07679063081741333, -0.07052365690469742, -0.08369319885969162], "velocity_world": [0.07238306105136871, -0.08696684241294861, 0.0], "yaw_rad": null, "xy_error_m": 0.010813163593411446, "scan_match_score": 0.9354151362351896, "scan_inliers": 0, "used_prediction_only": false}, "agent_2": {"detected": true, "localized": true, "position_world": [-1.8645689487457275, 1.4115779399871826, 0.41999998688697815], "orientation_world": [0.9796450138092041, -0.11194226145744324, -0.021150249987840652, -0.16527937352657318], "velocity_world": [0.16298988461494446, -0.19122076034545898, 0.0], "yaw_rad": null, "xy_error_m": 0.012319126166403294, "scan_match_score": 0.9328836191695953, "scan_inliers": 0, "used_prediction_only": false}}, "intruder_estimate": {"detected": false, "position_world": [2.0750951766967773, 1.6422219276428223, 1.1626179218292236], "confidence": 0.0, "camera_detections": 8, "lidar_detections": 2}, "input_summary": {"dog_imus": ["go2_dog_1", "go2_dog_2"], "dog_lidars": ["dog1_lidar", "dog2_lidar"], "cameras": ["cam_e_lower", "cam_e_upper", "cam_ne", "cam_nw", "cam_se", "cam_sw", "dog1_cam", "dog2_cam"], "ground_truth": ["go2_dog_1", "go2_dog_2", "suspect"]}}}