{"record_type": "perception_result", "recorded_wall_time": 1777599110.1114569, "result": {"source_module": "perception", "pipeline": "perception_pipeline_v1", "step": 880, "timestamp": 4.4, "dogs": {"agent_1": {"detected": true, "localized": true, "position_world": [-1.4544050693511963, -2.149729013442993, 0.41999998688697815], "orientation_world": [0.9803045392036438, -0.017971690744161606, -0.057070497423410416, -0.1882099062204361], "velocity_world": [0.016840852797031403, -0.09198971092700958, 0.0], "yaw_rad": null, "xy_error_m": 0.009771011769771576, "scan_match_score": 0.9321946201619207, "scan_inliers": 0, "used_prediction_only": false}, "agent_2": {"detected": true, "localized": true, "position_world": [-1.705456018447876, 1.3025654554367065, 0.41999998688697815], "orientation_world": [0.9505585432052612, -0.028338363394141197, -0.05325827747583389, -0.30462920665740967], "velocity_world": [0.01222420483827591, -0.10207655280828476, 0.0], "yaw_rad": null, "xy_error_m": 0.027884257957339287, "scan_match_score": 0.9349637113613176, "scan_inliers": 0, "used_prediction_only": false}}, "intruder_estimate": {"detected": true, "position_world": [3.684368371963501, -0.4622255265712738, 1.1362974643707275], "confidence": 0.16379101276397706, "camera_detections": 8, "lidar_detections": 2}, "input_summary": {"dog_imus": ["go2_dog_1", "go2_dog_2"], "dog_lidars": ["dog1_lidar", "dog2_lidar"], "cameras": ["cam_e_lower", "cam_e_upper", "cam_ne", "cam_nw", "cam_se", "cam_sw", "dog1_cam", "dog2_cam"], "ground_truth": ["go2_dog_1", "go2_dog_2", "suspect"]}}}