{"record_type": "perception_result", "recorded_wall_time": 1777598873.5088503, "result": {"source_module": "perception", "pipeline": "perception_pipeline_v1", "step": 316, "timestamp": 1.58, "dogs": {"agent_1": {"detected": true, "localized": true, "position_world": [-1.8145948648452759, -2.0132555961608887, 0.41999998688697815], "orientation_world": [0.9971400499343872, -0.031364843249320984, -0.055103812366724014, -0.04112790897488594], "velocity_world": [0.19559986889362335, -0.037344805896282196, 0.0], "yaw_rad": null, "xy_error_m": 0.011047415435314178, "scan_match_score": 0.9350701140453926, "scan_inliers": 0, "used_prediction_only": false}, "agent_2": {"detected": true, "localized": true, "position_world": [-1.9602794647216797, 1.485621452331543, 0.41999998688697815], "orientation_world": [0.9880698919296265, -0.08470793068408966, -0.042007092386484146, -0.12156428396701813], "velocity_world": [0.03378743678331375, -0.2197253406047821, 0.0], "yaw_rad": null, "xy_error_m": 0.023232294246554375, "scan_match_score": 0.9328172704615195, "scan_inliers": 0, "used_prediction_only": false}}, "intruder_estimate": {"detected": true, "position_world": [2.428706169128418, -0.0790938213467598, 1.2951849699020386], "confidence": 0.013812972605228424, "camera_detections": 8, "lidar_detections": 2}, "input_summary": {"dog_imus": ["go2_dog_1", "go2_dog_2"], "dog_lidars": ["dog1_lidar", "dog2_lidar"], "cameras": ["cam_e_lower", "cam_e_upper", "cam_ne", "cam_nw", "cam_se", "cam_sw", "dog1_cam", "dog2_cam"], "ground_truth": ["go2_dog_1", "go2_dog_2", "suspect"]}}}