{"record_type": "perception_result", "recorded_wall_time": 1777598455.2123175, "result": {"source_module": "perception", "pipeline": "perception_pipeline_v1", "step": 2028, "timestamp": 10.14, "dogs": {"agent_1": {"detected": true, "localized": true, "position_world": [-2.102008104324341, -2.013685703277588, 0.41999998688697815], "orientation_world": [0.9999085664749146, 0.00031960723572410643, 0.01316558662801981, 0.003079315647482872], "velocity_world": [0.0005602836608886719, -0.008554458618164062, 0.0], "yaw_rad": null, "xy_error_m": 0.013733603991568089, "scan_match_score": 0.9321944256505824, "scan_inliers": 0, "used_prediction_only": false}, "agent_2": {"detected": true, "localized": true, "position_world": [-2.0906691551208496, 1.5987526178359985, 0.41999998688697815], "orientation_world": [0.9999103546142578, 0.0003453800454735756, 0.01315392553806305, -0.0024772940669208765], "velocity_world": [0.004858970642089844, -0.006712675094604492, 0.0], "yaw_rad": null, "xy_error_m": 0.009460845030844212, "scan_match_score": 0.9327998474749464, "scan_inliers": 0, "used_prediction_only": false}}, "intruder_estimate": {"detected": true, "position_world": [3.2495975494384766, 1.8180546760559082, 1.0933500528335571], "confidence": 0.2327761173248291, "camera_detections": 8, "lidar_detections": 2}, "input_summary": {"dog_imus": ["go2_dog_1", "go2_dog_2"], "dog_lidars": ["dog1_lidar", "dog2_lidar"], "cameras": ["cam_e_lower", "cam_e_upper", "cam_ne", "cam_nw", "cam_se", "cam_sw", "dog1_cam", "dog2_cam"], "ground_truth": ["go2_dog_1", "go2_dog_2", "suspect"]}}}