{"record_type": "perception_result", "recorded_wall_time": 1777595644.2400515, "result": {"source_module": "perception", "pipeline": "perception_pipeline_v1", "step": 80, "timestamp": 0.4, "dogs": {"agent_1": {"detected": true, "localized": true, "position_world": [-2.069448471069336, -1.999251127243042, 0.41999998688697815], "orientation_world": [0.9946519732475281, -0.00010036761523224413, -0.10327513515949249, -0.0013209996977820992], "velocity_world": [-0.29650282859802246, -0.008400042541325092, 0.0], "yaw_rad": null, "xy_error_m": 0.015513533726334572, "scan_match_score": 0.9285631891652126, "scan_inliers": 0, "used_prediction_only": false}, "agent_2": {"detected": true, "localized": true, "position_world": [-2.072415828704834, 1.604538917541504, 0.41999998688697815], "orientation_world": [0.9946517944335938, 0.00018470296345185488, -0.10327494144439697, 0.0014242255128920078], "velocity_world": [-0.1903635561466217, 0.04872116073966026, 0.0], "yaw_rad": null, "xy_error_m": 0.019016098231077194, "scan_match_score": 0.9306277644985721, "scan_inliers": 0, "used_prediction_only": false}}, "intruder_estimate": {"detected": true, "position_world": [3.3409273624420166, 1.4010913372039795, 1.4777699708938599], "confidence": 0.21021265983581544, "camera_detections": 8, "lidar_detections": 2}, "input_summary": {"dog_imus": ["go2_dog_1", "go2_dog_2"], "dog_lidars": ["dog1_lidar", "dog2_lidar"], "cameras": ["cam_e_lower", "cam_e_upper", "cam_ne", "cam_nw", "cam_se", "cam_sw", "dog1_cam", "dog2_cam"], "ground_truth": ["go2_dog_1", "go2_dog_2", "suspect"]}}}