{"record_type": "perception_result", "recorded_wall_time": 1777599727.197742, "result": {"source_module": "perception", "pipeline": "perception_pipeline_v1", "step": 164, "timestamp": 0.8200000000000001, "dogs": {"agent_1": {"detected": true, "localized": true, "position_world": [-1.9252920150756836, -1.9917038679122925, 0.41999998688697815], "orientation_world": [0.9994385242462158, -0.00503810029476881, -0.03173304349184036, 0.00950684305280447], "velocity_world": [0.15497878193855286, -0.08060222864151001, 0.0], "yaw_rad": null, "xy_error_m": 0.0020551534835249186, "scan_match_score": 0.9372220064269686, "scan_inliers": 0, "used_prediction_only": false}, "agent_2": {"detected": true, "localized": true, "position_world": [-1.9734333753585815, 1.5916212797164917, 0.41999998688697815], "orientation_world": [0.9992700815200806, -0.020803682506084442, -0.03197553753852844, -0.002023672219365835], "velocity_world": [-0.09548574686050415, -0.09564722329378128, 0.0], "yaw_rad": null, "xy_error_m": 0.0076522729359567165, "scan_match_score": 0.9340757212516496, "scan_inliers": 0, "used_prediction_only": false}}, "intruder_estimate": {"detected": true, "position_world": [2.2595927715301514, -0.4645577371120453, 1.262012243270874], "confidence": 0.24998621940612792, "camera_detections": 8, "lidar_detections": 2}, "input_summary": {"dog_imus": ["go2_dog_1", "go2_dog_2"], "dog_lidars": ["dog1_lidar", "dog2_lidar"], "cameras": ["cam_e_lower", "cam_e_upper", "cam_ne", "cam_nw", "cam_se", "cam_sw", "dog1_cam", "dog2_cam"], "ground_truth": ["go2_dog_1", "go2_dog_2", "suspect"]}}}