{"record_type": "perception_result", "recorded_wall_time": 1777599455.0416365, "result": {"source_module": "perception", "pipeline": "perception_pipeline_v1", "step": 1704, "timestamp": 8.52, "dogs": {"agent_1": {"detected": true, "localized": true, "position_world": [-1.6364964246749878, -2.1203243732452393, 0.41999998688697815], "orientation_world": [0.9770508408546448, -0.024357615038752556, -0.020645029842853546, -0.2105993628501892], "velocity_world": [0.005586041137576103, 0.03296203911304474, 0.0], "yaw_rad": null, "xy_error_m": 0.014374044723808765, "scan_match_score": 0.939930538995449, "scan_inliers": 0, "used_prediction_only": false}, "agent_2": {"detected": true, "localized": true, "position_world": [-1.736589789390564, 1.3443710803985596, 0.41999998688697815], "orientation_world": [0.938646674156189, -0.0659637600183487, -0.00951200071722269, -0.33837977051734924], "velocity_world": [-0.006830685306340456, -0.051910649985075, 0.0], "yaw_rad": null, "xy_error_m": 0.012224934995174408, "scan_match_score": 0.934449239927667, "scan_inliers": 0, "used_prediction_only": false}}, "intruder_estimate": {"detected": true, "position_world": [3.4315547943115234, 1.1164966821670532, 1.1549625396728516], "confidence": 0.2540661096572876, "camera_detections": 8, "lidar_detections": 2}, "input_summary": {"dog_imus": ["go2_dog_1", "go2_dog_2"], "dog_lidars": ["dog1_lidar", "dog2_lidar"], "cameras": ["cam_e_lower", "cam_e_upper", "cam_ne", "cam_nw", "cam_se", "cam_sw", "dog1_cam", "dog2_cam"], "ground_truth": ["go2_dog_1", "go2_dog_2", "suspect"]}}}