{"record_type": "perception_result", "recorded_wall_time": 1777599064.9440422, "result": {"source_module": "perception", "pipeline": "perception_pipeline_v1", "step": 772, "timestamp": 3.86, "dogs": {"agent_1": {"detected": true, "localized": true, "position_world": [-1.4707432985305786, -2.1251134872436523, 0.41999998688697815], "orientation_world": [0.988571047782898, -0.041072677820920944, -0.05378149449825287, -0.13471433520317078], "velocity_world": [0.11320570111274719, -0.10983029007911682, 0.0], "yaw_rad": null, "xy_error_m": 0.009787644259631634, "scan_match_score": 0.9323275722114064, "scan_inliers": 0, "used_prediction_only": false}, "agent_2": {"detected": true, "localized": true, "position_world": [-1.7564677000045776, 1.3028277158737183, 0.41999998688697815], "orientation_world": [0.9669416546821594, -0.08975160866975784, -0.0016279673436656594, -0.23867537081241608], "velocity_world": [0.1964784860610962, -0.0362432599067688, 0.0], "yaw_rad": null, "xy_error_m": 0.010747875086963177, "scan_match_score": 0.9332769214581802, "scan_inliers": 0, "used_prediction_only": false}}, "intruder_estimate": {"detected": true, "position_world": [3.5021188259124756, -0.45356249809265137, 1.148833155632019], "confidence": 0.21400344371795654, "camera_detections": 8, "lidar_detections": 2}, "input_summary": {"dog_imus": ["go2_dog_1", "go2_dog_2"], "dog_lidars": ["dog1_lidar", "dog2_lidar"], "cameras": ["cam_e_lower", "cam_e_upper", "cam_ne", "cam_nw", "cam_se", "cam_sw", "dog1_cam", "dog2_cam"], "ground_truth": ["go2_dog_1", "go2_dog_2", "suspect"]}}}