{"record_type": "perception_result", "recorded_wall_time": 1777599393.212258, "result": {"source_module": "perception", "pipeline": "perception_pipeline_v1", "step": 1556, "timestamp": 7.78, "dogs": {"agent_1": {"detected": true, "localized": true, "position_world": [-1.6108813285827637, -2.1228854656219482, 0.41999998688697815], "orientation_world": [0.9786933064460754, -0.013819812797009945, -0.012087876908481121, -0.20450541377067566], "velocity_world": [0.17879261076450348, 0.08983327448368073, 0.0], "yaw_rad": null, "xy_error_m": 0.00746071757748723, "scan_match_score": 0.9348047485875042, "scan_inliers": 0, "used_prediction_only": false}, "agent_2": {"detected": true, "localized": true, "position_world": [-1.7349579334259033, 1.3359980583190918, 0.41999998688697815], "orientation_world": [0.9409580826759338, -0.009966065175831318, -0.05739361792802811, -0.3334735035896301], "velocity_world": [0.017545286566019058, 0.0218413844704628, 0.0], "yaw_rad": null, "xy_error_m": 0.012326754629611969, "scan_match_score": 0.9337128514266588, "scan_inliers": 0, "used_prediction_only": false}}, "intruder_estimate": {"detected": true, "position_world": [3.4620347023010254, 0.856278121471405, 1.1633907556533813], "confidence": 0.3308644533157349, "camera_detections": 8, "lidar_detections": 2}, "input_summary": {"dog_imus": ["go2_dog_1", "go2_dog_2"], "dog_lidars": ["dog1_lidar", "dog2_lidar"], "cameras": ["cam_e_lower", "cam_e_upper", "cam_ne", "cam_nw", "cam_se", "cam_sw", "dog1_cam", "dog2_cam"], "ground_truth": ["go2_dog_1", "go2_dog_2", "suspect"]}}}