{"record_type": "perception_result", "recorded_wall_time": 1777599336.0982046, "result": {"source_module": "perception", "pipeline": "perception_pipeline_v1", "step": 1420, "timestamp": 7.1000000000000005, "dogs": {"agent_1": {"detected": true, "localized": true, "position_world": [-1.5891125202178955, -2.126216173171997, 0.41999998688697815], "orientation_world": [0.9802504777908325, -0.010873211547732353, -0.00986477080732584, -0.19721436500549316], "velocity_world": [-0.14060218632221222, 0.07905276119709015, 0.0], "yaw_rad": null, "xy_error_m": 0.009872166439890862, "scan_match_score": 0.9353440318982504, "scan_inliers": 0, "used_prediction_only": false}, "agent_2": {"detected": true, "localized": true, "position_world": [-1.7267858982086182, 1.3349279165267944, 0.41999998688697815], "orientation_world": [0.9439612627029419, -0.001011583604849875, -0.061789654195308685, -0.32421931624412537], "velocity_world": [0.07169371098279953, -0.01462077721953392, 0.0], "yaw_rad": null, "xy_error_m": 0.008601042442023754, "scan_match_score": 0.9315099955675353, "scan_inliers": 0, "used_prediction_only": false}}, "intruder_estimate": {"detected": true, "position_world": [3.5312180519104004, 0.5841256976127625, 1.1947295665740967], "confidence": 0.31224584579467773, "camera_detections": 8, "lidar_detections": 2}, "input_summary": {"dog_imus": ["go2_dog_1", "go2_dog_2"], "dog_lidars": ["dog1_lidar", "dog2_lidar"], "cameras": ["cam_e_lower", "cam_e_upper", "cam_ne", "cam_nw", "cam_se", "cam_sw", "dog1_cam", "dog2_cam"], "ground_truth": ["go2_dog_1", "go2_dog_2", "suspect"]}}}