{"record_type": "perception_result", "recorded_wall_time": 1777599528.9920816, "result": {"source_module": "perception", "pipeline": "perception_pipeline_v1", "step": 1880, "timestamp": 9.4, "dogs": {"agent_1": {"detected": true, "localized": true, "position_world": [-1.6453181505203247, -2.1296703815460205, 0.41999998688697815], "orientation_world": [0.978110134601593, -0.06059933453798294, -0.03455866128206253, -0.19604599475860596], "velocity_world": [0.03207053244113922, -0.001796602038666606, 0.0], "yaw_rad": null, "xy_error_m": 0.004653598181903362, "scan_match_score": 0.9351192465889545, "scan_inliers": 0, "used_prediction_only": false}, "agent_2": {"detected": true, "localized": true, "position_world": [-1.7283684015274048, 1.3366960287094116, 0.41999998688697815], "orientation_world": [0.9390490651130676, -0.09759554266929626, 0.013327999040484428, -0.3293697237968445], "velocity_world": [0.02950872853398323, -0.06479539722204208, 0.0], "yaw_rad": null, "xy_error_m": 0.015565463341772556, "scan_match_score": 0.9352618979033873, "scan_inliers": 0, "used_prediction_only": false}}, "intruder_estimate": {"detected": true, "position_world": [3.3180289268493652, 1.5215678215026855, 1.1372355222702026], "confidence": 0.24194891452789308, "camera_detections": 8, "lidar_detections": 2}, "input_summary": {"dog_imus": ["go2_dog_1", "go2_dog_2"], "dog_lidars": ["dog1_lidar", "dog2_lidar"], "cameras": ["cam_e_lower", "cam_e_upper", "cam_ne", "cam_nw", "cam_se", "cam_sw", "dog1_cam", "dog2_cam"], "ground_truth": ["go2_dog_1", "go2_dog_2", "suspect"]}}}