{"record_type": "perception_result", "recorded_wall_time": 1777599014.6366208, "result": {"source_module": "perception", "pipeline": "perception_pipeline_v1", "step": 652, "timestamp": 3.2600000000000002, "dogs": {"agent_1": {"detected": true, "localized": true, "position_world": [-1.5626803636550903, -2.085606336593628, 0.41999998688697815], "orientation_world": [0.9884870052337646, -0.06616507470607758, -0.06404110044240952, -0.12005964666604996], "velocity_world": [0.2397642880678177, 0.041403405368328094, 0.0], "yaw_rad": null, "xy_error_m": 0.00798429548740387, "scan_match_score": 0.9336171330351503, "scan_inliers": 0, "used_prediction_only": false}, "agent_2": {"detected": true, "localized": true, "position_world": [-1.8135374784469604, 1.3417638540267944, 0.41999998688697815], "orientation_world": [0.9661263823509216, -0.13391004502773285, -0.012234292924404144, -0.22026868164539337], "velocity_world": [0.08048799633979797, -0.18860864639282227, 0.0], "yaw_rad": null, "xy_error_m": 0.02894837222993374, "scan_match_score": 0.9284070672308695, "scan_inliers": 0, "used_prediction_only": false}}, "intruder_estimate": {"detected": true, "position_world": [3.352062225341797, -0.5395788550376892, 1.1444852352142334], "confidence": 0.22994771003723144, "camera_detections": 8, "lidar_detections": 2}, "input_summary": {"dog_imus": ["go2_dog_1", "go2_dog_2"], "dog_lidars": ["dog1_lidar", "dog2_lidar"], "cameras": ["cam_e_lower", "cam_e_upper", "cam_ne", "cam_nw", "cam_se", "cam_sw", "dog1_cam", "dog2_cam"], "ground_truth": ["go2_dog_1", "go2_dog_2", "suspect"]}}}