{"record_type": "perception_result", "recorded_wall_time": 1777599033.1144404, "result": {"source_module": "perception", "pipeline": "perception_pipeline_v1", "step": 696, "timestamp": 3.48, "dogs": {"agent_1": {"detected": true, "localized": true, "position_world": [-1.551037073135376, -2.1090333461761475, 0.41999998688697815], "orientation_world": [0.9885361194610596, -0.05802696943283081, -0.06133052706718445, -0.12517115473747253], "velocity_world": [0.13535943627357483, -0.13068626821041107, 0.0], "yaw_rad": null, "xy_error_m": 0.017414811998605728, "scan_match_score": 0.9339488369525617, "scan_inliers": 0, "used_prediction_only": false}, "agent_2": {"detected": true, "localized": true, "position_world": [-1.7808623313903809, 1.3301018476486206, 0.41999998688697815], "orientation_world": [0.9658477902412415, -0.12403149902820587, -0.012039083987474442, -0.22717678546905518], "velocity_world": [-0.03597096726298332, 0.05463860183954239, 0.0], "yaw_rad": null, "xy_error_m": 0.010293264873325825, "scan_match_score": 0.93548076025208, "scan_inliers": 0, "used_prediction_only": false}}, "intruder_estimate": {"detected": true, "position_world": [3.4016897678375244, -0.5153852701187134, 1.1469136476516724], "confidence": 0.2315269947052002, "camera_detections": 8, "lidar_detections": 2}, "input_summary": {"dog_imus": ["go2_dog_1", "go2_dog_2"], "dog_lidars": ["dog1_lidar", "dog2_lidar"], "cameras": ["cam_e_lower", "cam_e_upper", "cam_ne", "cam_nw", "cam_se", "cam_sw", "dog1_cam", "dog2_cam"], "ground_truth": ["go2_dog_1", "go2_dog_2", "suspect"]}}}