{"record_type": "perception_result", "recorded_wall_time": 1777599096.8480582, "result": {"source_module": "perception", "pipeline": "perception_pipeline_v1", "step": 848, "timestamp": 4.24, "dogs": {"agent_1": {"detected": true, "localized": true, "position_world": [-1.4370924234390259, -2.1345462799072266, 0.41999998688697815], "orientation_world": [0.9831358194351196, -0.029404520988464355, -0.05132627487182617, -0.17304635047912598], "velocity_world": [0.026865888386964798, -0.06648075580596924, 0.0], "yaw_rad": null, "xy_error_m": 0.008531572297215462, "scan_match_score": 0.9314180328477603, "scan_inliers": 0, "used_prediction_only": false}, "agent_2": {"detected": true, "localized": true, "position_world": [-1.7419776916503906, 1.322873592376709, 0.41999998688697815], "orientation_world": [0.9586124420166016, -0.044971439987421036, -0.03363018110394478, -0.2791215181350708], "velocity_world": [0.07745493948459625, 0.02597031369805336, 0.0], "yaw_rad": null, "xy_error_m": 0.009288259781897068, "scan_match_score": 0.9278919971180338, "scan_inliers": 0, "used_prediction_only": false}}, "intruder_estimate": {"detected": true, "position_world": [3.622145414352417, -0.45523688197135925, 1.1269100904464722], "confidence": 0.16295552253723145, "camera_detections": 8, "lidar_detections": 2}, "input_summary": {"dog_imus": ["go2_dog_1", "go2_dog_2"], "dog_lidars": ["dog1_lidar", "dog2_lidar"], "cameras": ["cam_e_lower", "cam_e_upper", "cam_ne", "cam_nw", "cam_se", "cam_sw", "dog1_cam", "dog2_cam"], "ground_truth": ["go2_dog_1", "go2_dog_2", "suspect"]}}}