{"record_type": "perception_result", "recorded_wall_time": 1777598930.5131447, "result": {"source_module": "perception", "pipeline": "perception_pipeline_v1", "step": 452, "timestamp": 2.2600000000000002, "dogs": {"agent_1": {"detected": true, "localized": true, "position_world": [-1.7079557180404663, -2.0435726642608643, 0.41999998688697815], "orientation_world": [0.9944385886192322, -0.047821786254644394, -0.061766039580106735, -0.07063928991556168], "velocity_world": [0.11985884606838226, -0.0361020602285862, 0.0], "yaw_rad": null, "xy_error_m": 0.010710486210882664, "scan_match_score": 0.9355187450426181, "scan_inliers": 0, "used_prediction_only": false}, "agent_2": {"detected": true, "localized": true, "position_world": [-1.914094090461731, 1.4349210262298584, 0.41999998688697815], "orientation_world": [0.9802331924438477, -0.11261021345853806, -0.022862952202558517, -0.16105623543262482], "velocity_world": [0.06342822313308716, -0.022659778594970703, 0.0], "yaw_rad": null, "xy_error_m": 0.011478738859295845, "scan_match_score": 0.932403681465096, "scan_inliers": 0, "used_prediction_only": false}}, "intruder_estimate": {"detected": false, "position_world": [2.14101243019104, 1.2661433219909668, 1.1991530656814575], "confidence": 0.0, "camera_detections": 8, "lidar_detections": 2}, "input_summary": {"dog_imus": ["go2_dog_1", "go2_dog_2"], "dog_lidars": ["dog1_lidar", "dog2_lidar"], "cameras": ["cam_e_lower", "cam_e_upper", "cam_ne", "cam_nw", "cam_se", "cam_sw", "dog1_cam", "dog2_cam"], "ground_truth": ["go2_dog_1", "go2_dog_2", "suspect"]}}}