{"record_type": "perception_result", "recorded_wall_time": 1777598980.9873095, "result": {"source_module": "perception", "pipeline": "perception_pipeline_v1", "step": 572, "timestamp": 2.86, "dogs": {"agent_1": {"detected": true, "localized": true, "position_world": [-1.6163026094436646, -2.0683350563049316, 0.41999998688697815], "orientation_world": [0.9917727708816528, -0.05469442903995514, -0.06374215334653854, -0.09660355001688004], "velocity_world": [0.2331802248954773, -0.0011835098266601562, 0.0], "yaw_rad": null, "xy_error_m": 0.016351554542779922, "scan_match_score": 0.9352336297738675, "scan_inliers": 0, "used_prediction_only": false}, "agent_2": {"detected": true, "localized": true, "position_world": [-1.8397772312164307, 1.3539756536483765, 0.41999998688697815], "orientation_world": [0.9729201197624207, -0.12530680000782013, -0.016795465722680092, -0.1935008019208908], "velocity_world": [0.02748115547001362, 0.014656326733529568, 0.0], "yaw_rad": null, "xy_error_m": 0.021096935495734215, "scan_match_score": 0.9293791803681019, "scan_inliers": 0, "used_prediction_only": false}}, "intruder_estimate": {"detected": false, "position_world": [1.9564440250396729, 2.3191633224487305, 1.1426150798797607], "confidence": 0.0, "camera_detections": 8, "lidar_detections": 2}, "input_summary": {"dog_imus": ["go2_dog_1", "go2_dog_2"], "dog_lidars": ["dog1_lidar", "dog2_lidar"], "cameras": ["cam_e_lower", "cam_e_upper", "cam_ne", "cam_nw", "cam_se", "cam_sw", "dog1_cam", "dog2_cam"], "ground_truth": ["go2_dog_1", "go2_dog_2", "suspect"]}}}