{"record_type": "perception_result", "recorded_wall_time": 1777598880.0269477, "result": {"source_module": "perception", "pipeline": "perception_pipeline_v1", "step": 332, "timestamp": 1.6600000000000001, "dogs": {"agent_1": {"detected": true, "localized": true, "position_world": [-1.7994662523269653, -2.0261504650115967, 0.41999998688697815], "orientation_world": [0.9967251420021057, -0.03779594972729683, -0.05778564512729645, -0.042087480425834656], "velocity_world": [0.24305778741836548, -0.03111804649233818, 0.0], "yaw_rad": null, "xy_error_m": 0.01848602294921875, "scan_match_score": 0.931232297980033, "scan_inliers": 0, "used_prediction_only": false}, "agent_2": {"detected": true, "localized": true, "position_world": [-1.9387260675430298, 1.4800562858581543, 0.41999998688697815], "orientation_world": [0.9853103160858154, -0.10170737653970718, -0.04372601583600044, -0.1300278753042221], "velocity_world": [0.27825555205345154, -0.08946254849433899, 0.0], "yaw_rad": null, "xy_error_m": 0.01615987718105316, "scan_match_score": 0.9320277743032983, "scan_inliers": 0, "used_prediction_only": false}}, "intruder_estimate": {"detected": true, "position_world": [2.3270435333251953, 0.1786547750234604, 1.287716031074524], "confidence": 0.011755238473415374, "camera_detections": 8, "lidar_detections": 2}, "input_summary": {"dog_imus": ["go2_dog_1", "go2_dog_2"], "dog_lidars": ["dog1_lidar", "dog2_lidar"], "cameras": ["cam_e_lower", "cam_e_upper", "cam_ne", "cam_nw", "cam_se", "cam_sw", "dog1_cam", "dog2_cam"], "ground_truth": ["go2_dog_1", "go2_dog_2", "suspect"]}}}