{"record_type": "perception_result", "recorded_wall_time": 1777599176.8906987, "result": {"source_module": "perception", "pipeline": "perception_pipeline_v1", "step": 1040, "timestamp": 5.2, "dogs": {"agent_1": {"detected": true, "localized": true, "position_world": [-1.5158888101577759, -2.168846845626831, 0.41999998688697815], "orientation_world": [0.9776192903518677, -0.02005664072930813, -0.04616779834032059, -0.20427139103412628], "velocity_world": [-0.01133045181632042, -0.08082751929759979, 0.0], "yaw_rad": null, "xy_error_m": 0.017820220440626144, "scan_match_score": 0.9326462441477184, "scan_inliers": 0, "used_prediction_only": false}, "agent_2": {"detected": true, "localized": true, "position_world": [-1.7015721797943115, 1.2954455614089966, 0.41999998688697815], "orientation_world": [0.9499536156654358, -0.010793551802635193, -0.0606771856546402, -0.30625131726264954], "velocity_world": [0.004608368035405874, 0.026613308116793633, 0.0], "yaw_rad": null, "xy_error_m": 0.023350335657596588, "scan_match_score": 0.9371351683204219, "scan_inliers": 0, "used_prediction_only": false}}, "intruder_estimate": {"detected": true, "position_world": [3.776034116744995, -0.1444525271654129, 1.184685230255127], "confidence": 0.251682186126709, "camera_detections": 8, "lidar_detections": 2}, "input_summary": {"dog_imus": ["go2_dog_1", "go2_dog_2"], "dog_lidars": ["dog1_lidar", "dog2_lidar"], "cameras": ["cam_e_lower", "cam_e_upper", "cam_ne", "cam_nw", "cam_se", "cam_sw", "dog1_cam", "dog2_cam"], "ground_truth": ["go2_dog_1", "go2_dog_2", "suspect"]}}}