{"record_type": "perception_result", "recorded_wall_time": 1777595654.035934, "result": {"source_module": "perception", "pipeline": "perception_pipeline_v1", "step": 104, "timestamp": 0.52, "dogs": {"agent_1": {"detected": true, "localized": true, "position_world": [-2.1531667709350586, -1.9990780353546143, 0.41999998688697815], "orientation_world": [0.9924805164337158, 7.021772034931928e-05, -0.12240230292081833, -0.00021351348550524563], "velocity_world": [-0.33375662565231323, -0.0203754510730505, 0.0], "yaw_rad": null, "xy_error_m": 0.06904682517051697, "scan_match_score": 0.9304863134199245, "scan_inliers": 0, "used_prediction_only": false}, "agent_2": {"detected": true, "localized": true, "position_world": [-2.1319386959075928, 1.6029607057571411, 0.41999998688697815], "orientation_world": [0.9924805164337158, 3.986504452768713e-05, -0.1224016323685646, -0.0004629124014172703], "velocity_world": [-0.22791080176830292, -0.020619060844182968, 0.0], "yaw_rad": null, "xy_error_m": 0.04790527746081352, "scan_match_score": 0.9314850814130858, "scan_inliers": 0, "used_prediction_only": false}}, "intruder_estimate": {"detected": true, "position_world": [2.738226890563965, 1.7451967000961304, 1.2206237316131592], "confidence": 0.26789982318878175, "camera_detections": 8, "lidar_detections": 2}, "input_summary": {"dog_imus": ["go2_dog_1", "go2_dog_2"], "dog_lidars": ["dog1_lidar", "dog2_lidar"], "cameras": ["cam_e_lower", "cam_e_upper", "cam_ne", "cam_nw", "cam_se", "cam_sw", "dog1_cam", "dog2_cam"], "ground_truth": ["go2_dog_1", "go2_dog_2", "suspect"]}}}