{"record_type": "perception_result", "recorded_wall_time": 1777598460.207367, "result": {"source_module": "perception", "pipeline": "perception_pipeline_v1", "step": 2040, "timestamp": 10.200000000000001, "dogs": {"agent_1": {"detected": true, "localized": true, "position_world": [-2.10197114944458, -2.013688802719116, 0.41999998688697815], "orientation_world": [0.9999083280563354, 0.00032411361462436616, 0.01318195927888155, 0.0030797317158430815], "velocity_world": [0.0002463658747728914, -2.066294473479502e-05, 0.0], "yaw_rad": null, "xy_error_m": 0.013742554932832718, "scan_match_score": 0.9321886968123196, "scan_inliers": 0, "used_prediction_only": false}, "agent_2": {"detected": true, "localized": true, "position_world": [-2.091066598892212, 1.5994395017623901, 0.41999998688697815], "orientation_world": [0.9999103546142578, 0.0003469987423159182, 0.013170812278985977, -0.002386379288509488], "velocity_world": [-0.0026496252976357937, 0.004579226486384869, 0.0], "yaw_rad": null, "xy_error_m": 0.008925702422857285, "scan_match_score": 0.9330758091950465, "scan_inliers": 0, "used_prediction_only": false}}, "intruder_estimate": {"detected": true, "position_world": [3.239522695541382, 1.8434244394302368, 1.0964059829711914], "confidence": 0.23278627395629883, "camera_detections": 8, "lidar_detections": 2}, "input_summary": {"dog_imus": ["go2_dog_1", "go2_dog_2"], "dog_lidars": ["dog1_lidar", "dog2_lidar"], "cameras": ["cam_e_lower", "cam_e_upper", "cam_ne", "cam_nw", "cam_se", "cam_sw", "dog1_cam", "dog2_cam"], "ground_truth": ["go2_dog_1", "go2_dog_2", "suspect"]}}}