{"record_type": "perception_result", "recorded_wall_time": 1777599329.4980783, "result": {"source_module": "perception", "pipeline": "perception_pipeline_v1", "step": 1404, "timestamp": 7.0200000000000005, "dogs": {"agent_1": {"detected": true, "localized": true, "position_world": [-1.5828098058700562, -2.1344211101531982, 0.41999998688697815], "orientation_world": [0.9794708490371704, -0.009274513460695744, -0.011680824682116508, -0.20103339850902557], "velocity_world": [0.04477127268910408, 0.07102909684181213, 0.0], "yaw_rad": null, "xy_error_m": 0.007851299829781055, "scan_match_score": 0.9330473286954913, "scan_inliers": 0, "used_prediction_only": false}, "agent_2": {"detected": true, "localized": true, "position_world": [-1.7301424741744995, 1.3332022428512573, 0.41999998688697815], "orientation_world": [0.9446590542793274, -0.0016106334514915943, -0.06223373860120773, -0.3220926523208618], "velocity_world": [-0.0005654287524521351, 0.02290191501379013, 0.0], "yaw_rad": null, "xy_error_m": 0.011394649744033813, "scan_match_score": 0.9307909362403967, "scan_inliers": 0, "used_prediction_only": false}}, "intruder_estimate": {"detected": true, "position_world": [3.5375380516052246, 0.5533695816993713, 1.1970531940460205], "confidence": 0.31224584579467773, "camera_detections": 8, "lidar_detections": 2}, "input_summary": {"dog_imus": ["go2_dog_1", "go2_dog_2"], "dog_lidars": ["dog1_lidar", "dog2_lidar"], "cameras": ["cam_e_lower", "cam_e_upper", "cam_ne", "cam_nw", "cam_se", "cam_sw", "dog1_cam", "dog2_cam"], "ground_truth": ["go2_dog_1", "go2_dog_2", "suspect"]}}}