{"record_type": "perception_result", "recorded_wall_time": 1777599090.210233, "result": {"source_module": "perception", "pipeline": "perception_pipeline_v1", "step": 832, "timestamp": 4.16, "dogs": {"agent_1": {"detected": true, "localized": true, "position_world": [-1.4352195262908936, -2.1297318935394287, 0.41999998688697815], "orientation_world": [0.9849449396133423, -0.044150274246931076, -0.047684475779533386, -0.16018883883953094], "velocity_world": [0.15634962916374207, 0.04131254553794861, 0.0], "yaw_rad": null, "xy_error_m": 0.00965362973511219, "scan_match_score": 0.9337506417820018, "scan_inliers": 0, "used_prediction_only": false}, "agent_2": {"detected": true, "localized": true, "position_world": [-1.7447130680084229, 1.3041479587554932, 0.41999998688697815], "orientation_world": [0.9616571664810181, -0.06784049421548843, -0.011447872966527939, -0.26548483967781067], "velocity_world": [0.04303629696369171, -0.10380731523036957, 0.0], "yaw_rad": null, "xy_error_m": 0.01683638244867325, "scan_match_score": 0.9314701951165812, "scan_inliers": 0, "used_prediction_only": false}}, "intruder_estimate": {"detected": true, "position_world": [3.5962650775909424, -0.45199868083000183, 1.142464280128479], "confidence": 0.16295552253723145, "camera_detections": 8, "lidar_detections": 2}, "input_summary": {"dog_imus": ["go2_dog_1", "go2_dog_2"], "dog_lidars": ["dog1_lidar", "dog2_lidar"], "cameras": ["cam_e_lower", "cam_e_upper", "cam_ne", "cam_nw", "cam_se", "cam_sw", "dog1_cam", "dog2_cam"], "ground_truth": ["go2_dog_1", "go2_dog_2", "suspect"]}}}