{"record_type": "perception_result", "recorded_wall_time": 1777599011.160383, "result": {"source_module": "perception", "pipeline": "perception_pipeline_v1", "step": 644, "timestamp": 3.22, "dogs": {"agent_1": {"detected": true, "localized": true, "position_world": [-1.578255295753479, -2.0929582118988037, 0.41999998688697815], "orientation_world": [0.9883102178573608, -0.07360351830720901, -0.06666170060634613, -0.11567912995815277], "velocity_world": [0.19563814997673035, -0.09102024137973785, 0.0], "yaw_rad": null, "xy_error_m": 0.008899742737412453, "scan_match_score": 0.9329639306407638, "scan_inliers": 0, "used_prediction_only": false}, "agent_2": {"detected": true, "localized": true, "position_world": [-1.8123944997787476, 1.3463853597640991, 0.41999998688697815], "orientation_world": [0.9673144221305847, -0.1293531358242035, -0.014519947580993176, -0.21762296557426453], "velocity_world": [0.1558675467967987, -0.17818883061408997, 0.0], "yaw_rad": null, "xy_error_m": 0.030398184433579445, "scan_match_score": 0.9297207046403888, "scan_inliers": 0, "used_prediction_only": false}}, "intruder_estimate": {"detected": true, "position_world": [3.3337442874908447, -0.5330753326416016, 1.145782470703125], "confidence": 0.2355149507522583, "camera_detections": 8, "lidar_detections": 2}, "input_summary": {"dog_imus": ["go2_dog_1", "go2_dog_2"], "dog_lidars": ["dog1_lidar", "dog2_lidar"], "cameras": ["cam_e_lower", "cam_e_upper", "cam_ne", "cam_nw", "cam_se", "cam_sw", "dog1_cam", "dog2_cam"], "ground_truth": ["go2_dog_1", "go2_dog_2", "suspect"]}}}