{"record_type": "perception_result", "recorded_wall_time": 1777598885.076304, "result": {"source_module": "perception", "pipeline": "perception_pipeline_v1", "step": 344, "timestamp": 1.72, "dogs": {"agent_1": {"detected": true, "localized": true, "position_world": [-1.7935842275619507, -2.012525796890259, 0.41999998688697815], "orientation_world": [0.9955658912658691, -0.04956699162721634, -0.06513670086860657, -0.0463557243347168], "velocity_world": [0.1886686384677887, 0.04567660763859749, 0.0], "yaw_rad": null, "xy_error_m": 0.004879286978393793, "scan_match_score": 0.9318561547338658, "scan_inliers": 0, "used_prediction_only": false}, "agent_2": {"detected": true, "localized": true, "position_world": [-1.925696849822998, 1.4582173824310303, 0.41999998688697815], "orientation_world": [0.981458306312561, -0.12794047594070435, -0.036634910851716995, -0.13794463872909546], "velocity_world": [0.16179898381233215, -0.27107444405555725, 0.0], "yaw_rad": null, "xy_error_m": 0.02731182985007763, "scan_match_score": 0.9304636704793806, "scan_inliers": 0, "used_prediction_only": false}}, "intruder_estimate": {"detected": true, "position_world": [2.3123974800109863, 0.28833913803100586, 1.2770202159881592], "confidence": 0.01133808514976509, "camera_detections": 8, "lidar_detections": 2}, "input_summary": {"dog_imus": ["go2_dog_1", "go2_dog_2"], "dog_lidars": ["dog1_lidar", "dog2_lidar"], "cameras": ["cam_e_lower", "cam_e_upper", "cam_ne", "cam_nw", "cam_se", "cam_sw", "dog1_cam", "dog2_cam"], "ground_truth": ["go2_dog_1", "go2_dog_2", "suspect"]}}}