{"record_type": "perception_result", "recorded_wall_time": 1777599410.0428698, "result": {"source_module": "perception", "pipeline": "perception_pipeline_v1", "step": 1596, "timestamp": 7.98, "dogs": {"agent_1": {"detected": true, "localized": true, "position_world": [-1.6110235452651978, -2.1222519874572754, 0.41999998688697815], "orientation_world": [0.9805362224578857, -0.018790705129504204, -0.007499746046960354, -0.1952931433916092], "velocity_world": [-0.0386219397187233, 0.0761636421084404, 0.0], "yaw_rad": null, "xy_error_m": 0.004134397953748703, "scan_match_score": 0.937024651591604, "scan_inliers": 0, "used_prediction_only": false}, "agent_2": {"detected": true, "localized": true, "position_world": [-1.7298777103424072, 1.3272391557693481, 0.41999998688697815], "orientation_world": [0.9408942461013794, 1.986191637115553e-05, -0.05944046750664711, -0.33344388008117676], "velocity_world": [0.056243449449539185, -0.05333765596151352, 0.0], "yaw_rad": null, "xy_error_m": 0.013453933410346508, "scan_match_score": 0.9325559087494871, "scan_inliers": 0, "used_prediction_only": false}}, "intruder_estimate": {"detected": true, "position_world": [3.443488836288452, 0.9323976039886475, 1.1516873836517334], "confidence": 0.33569610118865967, "camera_detections": 8, "lidar_detections": 2}, "input_summary": {"dog_imus": ["go2_dog_1", "go2_dog_2"], "dog_lidars": ["dog1_lidar", "dog2_lidar"], "cameras": ["cam_e_lower", "cam_e_upper", "cam_ne", "cam_nw", "cam_se", "cam_sw", "dog1_cam", "dog2_cam"], "ground_truth": ["go2_dog_1", "go2_dog_2", "suspect"]}}}