{"record_type": "perception_result", "recorded_wall_time": 1777598851.6108162, "result": {"source_module": "perception", "pipeline": "perception_pipeline_v1", "step": 264, "timestamp": 1.32, "dogs": {"agent_1": {"detected": true, "localized": true, "position_world": [-1.8753256797790527, -2.0041158199310303, 0.41999998688697815], "orientation_world": [0.9980167746543884, -0.017253397032618523, -0.05032061040401459, -0.03365601971745491], "velocity_world": [0.28080064058303833, 0.08436189591884613, 0.0], "yaw_rad": null, "xy_error_m": 0.0032017177436500788, "scan_match_score": 0.9331457315167804, "scan_inliers": 0, "used_prediction_only": false}, "agent_2": {"detected": true, "localized": true, "position_world": [-1.9778339862823486, 1.5262982845306396, 0.41999998688697815], "orientation_world": [0.9894473552703857, -0.09080511331558228, -0.029134158045053482, -0.10908538103103638], "velocity_world": [0.2955177426338196, -0.17867419123649597, 0.0], "yaw_rad": null, "xy_error_m": 0.02289077825844288, "scan_match_score": 0.9352520845504433, "scan_inliers": 0, "used_prediction_only": false}}, "intruder_estimate": {"detected": true, "position_world": [2.4679465293884277, -0.46544626355171204, 1.2841310501098633], "confidence": 0.16850665807724, "camera_detections": 8, "lidar_detections": 2}, "input_summary": {"dog_imus": ["go2_dog_1", "go2_dog_2"], "dog_lidars": ["dog1_lidar", "dog2_lidar"], "cameras": ["cam_e_lower", "cam_e_upper", "cam_ne", "cam_nw", "cam_se", "cam_sw", "dog1_cam", "dog2_cam"], "ground_truth": ["go2_dog_1", "go2_dog_2", "suspect"]}}}