{"record_type": "perception_result", "recorded_wall_time": 1777599471.8565798, "result": {"source_module": "perception", "pipeline": "perception_pipeline_v1", "step": 1744, "timestamp": 8.72, "dogs": {"agent_1": {"detected": true, "localized": true, "position_world": [-1.6348575353622437, -2.1147384643554688, 0.41999998688697815], "orientation_world": [0.977634072303772, -0.03138158097863197, -0.033194854855537415, -0.20529241859912872], "velocity_world": [-0.028351452201604843, 0.005103121977299452, 0.0], "yaw_rad": null, "xy_error_m": 0.006349204573780298, "scan_match_score": 0.9352352601754844, "scan_inliers": 0, "used_prediction_only": false}, "agent_2": {"detected": true, "localized": true, "position_world": [-1.7320970296859741, 1.332607388496399, 0.41999998688697815], "orientation_world": [0.9365943670272827, -0.08408806473016739, 0.008846785873174667, -0.3400617837905884], "velocity_world": [-0.012283854186534882, -0.015478722751140594, 0.0], "yaw_rad": null, "xy_error_m": 0.012633844278752804, "scan_match_score": 0.9296469629958324, "scan_inliers": 0, "used_prediction_only": false}}, "intruder_estimate": {"detected": true, "position_world": [3.443127393722534, 1.1708226203918457, 1.1431715488433838], "confidence": 0.2531086206436157, "camera_detections": 8, "lidar_detections": 2}, "input_summary": {"dog_imus": ["go2_dog_1", "go2_dog_2"], "dog_lidars": ["dog1_lidar", "dog2_lidar"], "cameras": ["cam_e_lower", "cam_e_upper", "cam_ne", "cam_nw", "cam_se", "cam_sw", "dog1_cam", "dog2_cam"], "ground_truth": ["go2_dog_1", "go2_dog_2", "suspect"]}}}