{"record_type": "perception_result", "recorded_wall_time": 1777599043.2091799, "result": {"source_module": "perception", "pipeline": "perception_pipeline_v1", "step": 720, "timestamp": 3.6, "dogs": {"agent_1": {"detected": true, "localized": true, "position_world": [-1.5281038284301758, -2.127418279647827, 0.41999998688697815], "orientation_world": [0.9877718091011047, -0.06978975981473923, -0.060164421796798706, -0.12576404213905334], "velocity_world": [0.12420159578323364, -0.11324414610862732, 0.0], "yaw_rad": null, "xy_error_m": 0.021167095750570297, "scan_match_score": 0.9315110751833323, "scan_inliers": 0, "used_prediction_only": false}, "agent_2": {"detected": true, "localized": true, "position_world": [-1.783231496810913, 1.3189725875854492, 0.41999998688697815], "orientation_world": [0.9675986170768738, -0.1118612140417099, -0.012165366671979427, -0.22603528201580048], "velocity_world": [-0.022875789552927017, -0.10342985391616821, 0.0], "yaw_rad": null, "xy_error_m": 0.013888556510210037, "scan_match_score": 0.9358945301348475, "scan_inliers": 0, "used_prediction_only": false}}, "intruder_estimate": {"detected": true, "position_world": [3.4382309913635254, -0.4874827563762665, 1.1396124362945557], "confidence": 0.22671980857849122, "camera_detections": 8, "lidar_detections": 2}, "input_summary": {"dog_imus": ["go2_dog_1", "go2_dog_2"], "dog_lidars": ["dog1_lidar", "dog2_lidar"], "cameras": ["cam_e_lower", "cam_e_upper", "cam_ne", "cam_nw", "cam_se", "cam_sw", "dog1_cam", "dog2_cam"], "ground_truth": ["go2_dog_1", "go2_dog_2", "suspect"]}}}