{"record_type": "perception_result", "recorded_wall_time": 1777598969.1523116, "result": {"source_module": "perception", "pipeline": "perception_pipeline_v1", "step": 544, "timestamp": 2.72, "dogs": {"agent_1": {"detected": true, "localized": true, "position_world": [-1.6444965600967407, -2.0698258876800537, 0.41999998688697815], "orientation_world": [0.9894112348556519, -0.08273213356733322, -0.07167628407478333, -0.09530661255121231], "velocity_world": [0.24587149918079376, -0.03800780698657036, 0.0], "yaw_rad": null, "xy_error_m": 0.011089715175330639, "scan_match_score": 0.9379648137318708, "scan_inliers": 0, "used_prediction_only": false}, "agent_2": {"detected": true, "localized": true, "position_world": [-1.8537721633911133, 1.3819812536239624, 0.41999998688697815], "orientation_world": [0.9767947196960449, -0.1137642040848732, -0.027941415086388588, -0.17930178344249725], "velocity_world": [0.06120956689119339, -0.17305709421634674, 0.0], "yaw_rad": null, "xy_error_m": 0.009114389307796955, "scan_match_score": 0.9313379969879892, "scan_inliers": 0, "used_prediction_only": false}}, "intruder_estimate": {"detected": false, "position_world": [1.9959943294525146, 2.0935161113739014, 1.137450933456421], "confidence": 0.0, "camera_detections": 8, "lidar_detections": 2}, "input_summary": {"dog_imus": ["go2_dog_1", "go2_dog_2"], "dog_lidars": ["dog1_lidar", "dog2_lidar"], "cameras": ["cam_e_lower", "cam_e_upper", "cam_ne", "cam_nw", "cam_se", "cam_sw", "dog1_cam", "dog2_cam"], "ground_truth": ["go2_dog_1", "go2_dog_2", "suspect"]}}}