{"record_type": "perception_result", "recorded_wall_time": 1777599206.9207644, "result": {"source_module": "perception", "pipeline": "perception_pipeline_v1", "step": 1112, "timestamp": 5.5600000000000005, "dogs": {"agent_1": {"detected": true, "localized": true, "position_world": [-1.5169800519943237, -2.124846935272217, 0.41999998688697815], "orientation_world": [0.9796146750450134, -0.02900146320462227, -0.003994798753410578, -0.1987411230802536], "velocity_world": [-0.02520538866519928, 0.03525871783494949, 0.0], "yaw_rad": null, "xy_error_m": 0.00984298624098301, "scan_match_score": 0.9332987459092265, "scan_inliers": 0, "used_prediction_only": false}, "agent_2": {"detected": true, "localized": true, "position_world": [-1.728471279144287, 1.2938430309295654, 0.41999998688697815], "orientation_world": [0.9466677904129028, 0.0014076691586524248, -0.07273160666227341, -0.31389203667640686], "velocity_world": [-0.04183419048786163, 0.017415154725313187, 0.0], "yaw_rad": null, "xy_error_m": 0.036682236939668655, "scan_match_score": 0.9330418508682867, "scan_inliers": 0, "used_prediction_only": false}}, "intruder_estimate": {"detected": true, "position_world": [3.713193655014038, -0.004759491421282291, 1.1896694898605347], "confidence": 0.2553624868392944, "camera_detections": 8, "lidar_detections": 2}, "input_summary": {"dog_imus": ["go2_dog_1", "go2_dog_2"], "dog_lidars": ["dog1_lidar", "dog2_lidar"], "cameras": ["cam_e_lower", "cam_e_upper", "cam_ne", "cam_nw", "cam_se", "cam_sw", "dog1_cam", "dog2_cam"], "ground_truth": ["go2_dog_1", "go2_dog_2", "suspect"]}}}