{"record_type": "perception_result", "recorded_wall_time": 1777600013.205855, "result": {"source_module": "perception", "pipeline": "perception_pipeline_v1", "step": 52, "timestamp": 0.26, "dogs": {"agent_1": {"detected": true, "localized": true, "position_world": [-1.9907662868499756, -2.003032922744751, 0.41999998688697815], "orientation_world": [0.9994156956672668, -0.018656227737665176, 0.027500642463564873, 0.007997308857738972], "velocity_world": [0.10076779127120972, 0.06608492136001587, 0.0], "yaw_rad": null, "xy_error_m": 0.005664221476763487, "scan_match_score": 0.9290782811424821, "scan_inliers": 0, "used_prediction_only": false}, "agent_2": {"detected": true, "localized": true, "position_world": [-1.9936442375183105, 1.597621202468872, 0.41999998688697815], "orientation_world": [0.9994936585426331, -0.012974470853805542, 0.02836146205663681, 0.00631073210388422], "velocity_world": [0.11178622394800186, 0.004325440153479576, 0.0], "yaw_rad": null, "xy_error_m": 0.002913665259256959, "scan_match_score": 0.9322817762404606, "scan_inliers": 0, "used_prediction_only": false}}, "intruder_estimate": {"detected": true, "position_world": [1.95907723903656, -0.48883718252182007, 1.2342861890792847], "confidence": 0.31620135307312014, "camera_detections": 8, "lidar_detections": 2}, "input_summary": {"dog_imus": ["go2_dog_1", "go2_dog_2"], "dog_lidars": ["dog1_lidar", "dog2_lidar"], "cameras": ["cam_e_lower", "cam_e_upper", "cam_ne", "cam_nw", "cam_se", "cam_sw", "dog1_cam", "dog2_cam"], "ground_truth": ["go2_dog_1", "go2_dog_2", "suspect"]}}}