{"record_type": "perception_result", "recorded_wall_time": 1777599441.6625555, "result": {"source_module": "perception", "pipeline": "perception_pipeline_v1", "step": 1672, "timestamp": 8.36, "dogs": {"agent_1": {"detected": true, "localized": true, "position_world": [-1.6270716190338135, -2.1283175945281982, 0.41999998688697815], "orientation_world": [0.9763147234916687, -0.015034748241305351, -0.021327495574951172, -0.21477612853050232], "velocity_world": [0.011178597807884216, -0.08749674260616302, 0.0], "yaw_rad": null, "xy_error_m": 0.005764069966971874, "scan_match_score": 0.9381929422759304, "scan_inliers": 0, "used_prediction_only": false}, "agent_2": {"detected": true, "localized": true, "position_world": [-1.7330520153045654, 1.3416014909744263, 0.41999998688697815], "orientation_world": [0.9396120309829712, -0.053867168724536896, -0.013812956400215626, -0.33769333362579346], "velocity_world": [0.008916296996176243, 0.034013133496046066, 0.0], "yaw_rad": null, "xy_error_m": 0.011213211342692375, "scan_match_score": 0.9349084093837902, "scan_inliers": 0, "used_prediction_only": false}}, "intruder_estimate": {"detected": true, "position_world": [3.428776741027832, 1.0588524341583252, 1.158532738685608], "confidence": 0.3315655469894409, "camera_detections": 8, "lidar_detections": 2}, "input_summary": {"dog_imus": ["go2_dog_1", "go2_dog_2"], "dog_lidars": ["dog1_lidar", "dog2_lidar"], "cameras": ["cam_e_lower", "cam_e_upper", "cam_ne", "cam_nw", "cam_se", "cam_sw", "dog1_cam", "dog2_cam"], "ground_truth": ["go2_dog_1", "go2_dog_2", "suspect"]}}}