{"record_type": "perception_result", "recorded_wall_time": 1777599525.4877653, "result": {"source_module": "perception", "pipeline": "perception_pipeline_v1", "step": 1872, "timestamp": 9.36, "dogs": {"agent_1": {"detected": true, "localized": true, "position_world": [-1.6443012952804565, -2.1291708946228027, 0.41999998688697815], "orientation_world": [0.9784902334213257, -0.056383151561021805, -0.03087133914232254, -0.19602255523204803], "velocity_world": [0.15531089901924133, 0.03673213720321655, 0.0], "yaw_rad": null, "xy_error_m": 0.006424979772418737, "scan_match_score": 0.9350341229380322, "scan_inliers": 0, "used_prediction_only": false}, "agent_2": {"detected": true, "localized": true, "position_world": [-1.7254575490951538, 1.3403189182281494, 0.41999998688697815], "orientation_world": [0.9384100437164307, -0.09677659720182419, 0.007798245642334223, -0.3316023349761963], "velocity_world": [0.1171693205833435, -0.010309811681509018, 0.0], "yaw_rad": null, "xy_error_m": 0.01031434815376997, "scan_match_score": 0.9345122958321213, "scan_inliers": 0, "used_prediction_only": false}}, "intruder_estimate": {"detected": true, "position_world": [3.3246569633483887, 1.4960176944732666, 1.1376488208770752], "confidence": 0.24121510982513428, "camera_detections": 8, "lidar_detections": 2}, "input_summary": {"dog_imus": ["go2_dog_1", "go2_dog_2"], "dog_lidars": ["dog1_lidar", "dog2_lidar"], "cameras": ["cam_e_lower", "cam_e_upper", "cam_ne", "cam_nw", "cam_se", "cam_sw", "dog1_cam", "dog2_cam"], "ground_truth": ["go2_dog_1", "go2_dog_2", "suspect"]}}}