{"record_type": "perception_result", "recorded_wall_time": 1777599056.652599, "result": {"source_module": "perception", "pipeline": "perception_pipeline_v1", "step": 752, "timestamp": 3.7600000000000002, "dogs": {"agent_1": {"detected": true, "localized": true, "position_world": [-1.4812438488006592, -2.1157948970794678, 0.41999998688697815], "orientation_world": [0.9874928593635559, -0.06533332169055939, -0.05008947476744652, -0.13446399569511414], "velocity_world": [0.15934796631336212, 0.024900492280721664, 0.0], "yaw_rad": null, "xy_error_m": 0.010146982036530972, "scan_match_score": 0.9350660836708614, "scan_inliers": 0, "used_prediction_only": false}, "agent_2": {"detected": true, "localized": true, "position_world": [-1.7780112028121948, 1.3090980052947998, 0.41999998688697815], "orientation_world": [0.9656179547309875, -0.11751189827919006, -0.007268525660037994, -0.23177605867385864], "velocity_world": [0.14188119769096375, -0.137807235121727, 0.0], "yaw_rad": null, "xy_error_m": 0.014192664064466953, "scan_match_score": 0.9325133266029159, "scan_inliers": 0, "used_prediction_only": false}}, "intruder_estimate": {"detected": true, "position_world": [3.485909938812256, -0.4612139165401459, 1.1484825611114502], "confidence": 0.21400344371795654, "camera_detections": 8, "lidar_detections": 2}, "input_summary": {"dog_imus": ["go2_dog_1", "go2_dog_2"], "dog_lidars": ["dog1_lidar", "dog2_lidar"], "cameras": ["cam_e_lower", "cam_e_upper", "cam_ne", "cam_nw", "cam_se", "cam_sw", "dog1_cam", "dog2_cam"], "ground_truth": ["go2_dog_1", "go2_dog_2", "suspect"]}}}