{"record_type": "perception_result", "recorded_wall_time": 1777599995.0201514, "result": {"source_module": "perception", "pipeline": "perception_pipeline_v1", "step": 8, "timestamp": 0.04, "dogs": {"agent_1": {"detected": true, "localized": true, "position_world": [-1.9963821172714233, -1.9981516599655151, 0.41999998688697815], "orientation_world": [0.9999999403953552, 7.903553367327731e-10, 1.4849563800822807e-09, -0.00035605308949016035], "velocity_world": [0.020418167114257812, 0.006026029586791992, 0.0], "yaw_rad": null, "xy_error_m": 0.004062688443809748, "scan_match_score": 0.9340645981251576, "scan_inliers": 0, "used_prediction_only": false}, "agent_2": {"detected": true, "localized": true, "position_world": [-1.9987564086914062, 1.598343014717102, 0.41999998688697815], "orientation_world": [0.9999997019767761, 9.48667033817685e-10, 1.3023402356537872e-09, 0.0007692765211686492], "velocity_world": [-0.010796785354614258, -0.0372469425201416, 0.0], "yaw_rad": null, "xy_error_m": 0.0020717622246593237, "scan_match_score": 0.9341597291944123, "scan_inliers": 0, "used_prediction_only": false}}, "intruder_estimate": {"detected": true, "position_world": [1.9016211032867432, -0.4923838973045349, 1.0093450546264648], "confidence": 0.3430877923965454, "camera_detections": 8, "lidar_detections": 2}, "input_summary": {"dog_imus": ["go2_dog_1", "go2_dog_2"], "dog_lidars": ["dog1_lidar", "dog2_lidar"], "cameras": ["cam_e_lower", "cam_e_upper", "cam_ne", "cam_nw", "cam_se", "cam_sw", "dog1_cam", "dog2_cam"], "ground_truth": ["go2_dog_1", "go2_dog_2", "suspect"]}}}