{"record_type": "perception_result", "recorded_wall_time": 1777595639.393538, "result": {"source_module": "perception", "pipeline": "perception_pipeline_v1", "step": 68, "timestamp": 0.34, "dogs": {"agent_1": {"detected": true, "localized": true, "position_world": [-2.050044536590576, -1.9980026483535767, 0.41999998688697815], "orientation_world": [0.9988522529602051, -8.256589353550225e-05, -0.04785932973027229, -0.0019243628485128284], "velocity_world": [-0.11690440028905869, -3.940208625863306e-05, 0.0], "yaw_rad": null, "xy_error_m": 0.012740583159029484, "scan_match_score": 0.9265267071676146, "scan_inliers": 0, "used_prediction_only": false}, "agent_2": {"detected": true, "localized": true, "position_world": [-2.0689327716827393, 1.597211241722107, 0.41999998688697815], "orientation_world": [0.9988465905189514, 0.00019632256589829922, -0.04785902425646782, 0.00386971072293818], "velocity_world": [-0.11690445244312286, -3.972848935518414e-05, 0.0], "yaw_rad": null, "xy_error_m": 0.03159160166978836, "scan_match_score": 0.9274455692277159, "scan_inliers": 0, "used_prediction_only": false}}, "intruder_estimate": {"detected": true, "position_world": [3.4421849250793457, 1.0668437480926514, 1.540547490119934], "confidence": 0.2990532875061035, "camera_detections": 8, "lidar_detections": 2}, "input_summary": {"dog_imus": ["go2_dog_1", "go2_dog_2"], "dog_lidars": ["dog1_lidar", "dog2_lidar"], "cameras": ["cam_e_lower", "cam_e_upper", "cam_ne", "cam_nw", "cam_se", "cam_sw", "dog1_cam", "dog2_cam"], "ground_truth": ["go2_dog_1", "go2_dog_2", "suspect"]}}}