{"record_type": "perception_result", "recorded_wall_time": 1777599200.1736202, "result": {"source_module": "perception", "pipeline": "perception_pipeline_v1", "step": 1096, "timestamp": 5.48, "dogs": {"agent_1": {"detected": true, "localized": true, "position_world": [-1.5200843811035156, -2.1303091049194336, 0.41999998688697815], "orientation_world": [0.978606104850769, -0.02865651249885559, -0.009749245829880238, -0.2035040259361267], "velocity_world": [-0.046106986701488495, 0.20646780729293823, 0.0], "yaw_rad": null, "xy_error_m": 0.002860320033505559, "scan_match_score": 0.9361922413037128, "scan_inliers": 0, "used_prediction_only": false}, "agent_2": {"detected": true, "localized": true, "position_world": [-1.7246185541152954, 1.2945973873138428, 0.41999998688697815], "orientation_world": [0.9469794034957886, -0.00046230453881435096, -0.07215150445699692, -0.3130878210067749], "velocity_world": [-0.024911165237426758, -0.028612537309527397, 0.0], "yaw_rad": null, "xy_error_m": 0.033445652574300766, "scan_match_score": 0.9326722233190131, "scan_inliers": 0, "used_prediction_only": false}}, "intruder_estimate": {"detected": true, "position_world": [3.734743595123291, -0.03645417094230652, 1.191702127456665], "confidence": 0.26161630153656007, "camera_detections": 8, "lidar_detections": 2}, "input_summary": {"dog_imus": ["go2_dog_1", "go2_dog_2"], "dog_lidars": ["dog1_lidar", "dog2_lidar"], "cameras": ["cam_e_lower", "cam_e_upper", "cam_ne", "cam_nw", "cam_se", "cam_sw", "dog1_cam", "dog2_cam"], "ground_truth": ["go2_dog_1", "go2_dog_2", "suspect"]}}}