{"record_type": "perception_result", "recorded_wall_time": 1777598446.8548083, "result": {"source_module": "perception", "pipeline": "perception_pipeline_v1", "step": 2008, "timestamp": 10.040000000000001, "dogs": {"agent_1": {"detected": true, "localized": true, "position_world": [-2.102111339569092, -2.0128257274627686, 0.41999998688697815], "orientation_world": [0.9999092817306519, 0.00032255827682092786, 0.013136496767401695, 0.0029568278696388006], "velocity_world": [0.0011666616192087531, 0.0008630752563476562, 0.0], "yaw_rad": null, "xy_error_m": 0.012874053791165352, "scan_match_score": 0.9326637266817213, "scan_inliers": 0, "used_prediction_only": false}, "agent_2": {"detected": true, "localized": true, "position_world": [-2.091175079345703, 1.5993236303329468, 0.41999998688697815], "orientation_world": [0.9999109506607056, 0.0003487869107630104, 0.013123570010066032, -0.00240400992333889], "velocity_world": [-0.0005086263408884406, -0.00039021176053211093, 0.0], "yaw_rad": null, "xy_error_m": 0.009063267149031162, "scan_match_score": 0.9328837790404019, "scan_inliers": 0, "used_prediction_only": false}}, "intruder_estimate": {"detected": true, "position_world": [3.26393985748291, 1.7694604396820068, 1.0868998765945435], "confidence": 0.23628227710723876, "camera_detections": 8, "lidar_detections": 2}, "input_summary": {"dog_imus": ["go2_dog_1", "go2_dog_2"], "dog_lidars": ["dog1_lidar", "dog2_lidar"], "cameras": ["cam_e_lower", "cam_e_upper", "cam_ne", "cam_nw", "cam_se", "cam_sw", "dog1_cam", "dog2_cam"], "ground_truth": ["go2_dog_1", "go2_dog_2", "suspect"]}}}