{"record_type": "perception_result", "recorded_wall_time": 1777599735.6309385, "result": {"source_module": "perception", "pipeline": "perception_pipeline_v1", "step": 184, "timestamp": 0.92, "dogs": {"agent_1": {"detected": true, "localized": true, "position_world": [-1.910172939300537, -1.9981423616409302, 0.41999998688697815], "orientation_world": [0.9995852708816528, -0.004433778114616871, -0.02844424732029438, 0.0007389390957541764], "velocity_world": [0.11742107570171356, -0.10632245987653732, 0.0], "yaw_rad": null, "xy_error_m": 0.0085067143663764, "scan_match_score": 0.9352936937837719, "scan_inliers": 0, "used_prediction_only": false}, "agent_2": {"detected": true, "localized": true, "position_world": [-1.9618335962295532, 1.5900071859359741, 0.41999998688697815], "orientation_world": [0.9981197714805603, -0.047467950731515884, -0.037959981709718704, -0.007920779287815094], "velocity_world": [0.04783274233341217, -0.02512708120048046, 0.0], "yaw_rad": null, "xy_error_m": 0.020253578200936317, "scan_match_score": 0.9324568922780267, "scan_inliers": 0, "used_prediction_only": false}}, "intruder_estimate": {"detected": true, "position_world": [2.295447587966919, -0.46507176756858826, 1.2671618461608887], "confidence": 0.23294620513916015, "camera_detections": 8, "lidar_detections": 2}, "input_summary": {"dog_imus": ["go2_dog_1", "go2_dog_2"], "dog_lidars": ["dog1_lidar", "dog2_lidar"], "cameras": ["cam_e_lower", "cam_e_upper", "cam_ne", "cam_nw", "cam_se", "cam_sw", "dog1_cam", "dog2_cam"], "ground_truth": ["go2_dog_1", "go2_dog_2", "suspect"]}}}