{"record_type": "perception_result", "recorded_wall_time": 1777599723.817026, "result": {"source_module": "perception", "pipeline": "perception_pipeline_v1", "step": 156, "timestamp": 0.78, "dogs": {"agent_1": {"detected": true, "localized": true, "position_world": [-1.9309347867965698, -1.9869585037231445, 0.41999998688697815], "orientation_world": [0.9994487762451172, -0.007832949049770832, -0.03113645501434803, 0.008448552340269089], "velocity_world": [0.1399548500776291, -0.05450356379151344, 0.0], "yaw_rad": null, "xy_error_m": 0.003290899097919464, "scan_match_score": 0.9352733226755882, "scan_inliers": 0, "used_prediction_only": false}, "agent_2": {"detected": true, "localized": true, "position_world": [-1.9651914834976196, 1.6006156206130981, 0.41999998688697815], "orientation_world": [0.9994833469390869, -0.013293457217514515, -0.029149767011404037, -0.0025761169381439686], "velocity_world": [0.007348335348069668, 0.04859756678342819, 0.0], "yaw_rad": null, "xy_error_m": 0.015986820682883263, "scan_match_score": 0.9325857533401504, "scan_inliers": 0, "used_prediction_only": false}}, "intruder_estimate": {"detected": true, "position_world": [2.24426531791687, -0.4667474031448364, 1.2722409963607788], "confidence": 0.2499891996383667, "camera_detections": 8, "lidar_detections": 2}, "input_summary": {"dog_imus": ["go2_dog_1", "go2_dog_2"], "dog_lidars": ["dog1_lidar", "dog2_lidar"], "cameras": ["cam_e_lower", "cam_e_upper", "cam_ne", "cam_nw", "cam_se", "cam_sw", "dog1_cam", "dog2_cam"], "ground_truth": ["go2_dog_1", "go2_dog_2", "suspect"]}}}