{"record_type": "perception_result", "recorded_wall_time": 1777600003.34562, "result": {"source_module": "perception", "pipeline": "perception_pipeline_v1", "step": 28, "timestamp": 0.14, "dogs": {"agent_1": {"detected": true, "localized": true, "position_world": [-1.996537208557129, -1.9942394495010376, 0.41999998688697815], "orientation_world": [0.9995765686035156, 0.029069572687149048, 0.0007356771966442466, -0.001099553657695651], "velocity_world": [-0.013130402192473412, -0.015134524554014206, 0.0], "yaw_rad": null, "xy_error_m": 0.007144542410969734, "scan_match_score": 0.9341682040602344, "scan_inliers": 0, "used_prediction_only": false}, "agent_2": {"detected": true, "localized": true, "position_world": [-1.995676040649414, 1.600730538368225, 0.41999998688697815], "orientation_world": [0.9992815852165222, 0.03786261007189751, 0.0016447734087705612, -0.000310660368995741], "velocity_world": [-0.002519199624657631, 0.005991367623209953, 0.0], "yaw_rad": null, "xy_error_m": 0.004435812123119831, "scan_match_score": 0.9350461790939181, "scan_inliers": 0, "used_prediction_only": false}}, "intruder_estimate": {"detected": true, "position_world": [1.9117860794067383, -0.48887959122657776, 1.031981348991394], "confidence": 0.33796894550323486, "camera_detections": 8, "lidar_detections": 2}, "input_summary": {"dog_imus": ["go2_dog_1", "go2_dog_2"], "dog_lidars": ["dog1_lidar", "dog2_lidar"], "cameras": ["cam_e_lower", "cam_e_upper", "cam_ne", "cam_nw", "cam_se", "cam_sw", "dog1_cam", "dog2_cam"], "ground_truth": ["go2_dog_1", "go2_dog_2", "suspect"]}}}