{"record_type": "perception_result", "recorded_wall_time": 1777598487.0494063, "result": {"source_module": "perception", "pipeline": "perception_pipeline_v1", "step": 2104, "timestamp": 10.52, "dogs": {"agent_1": {"detected": true, "localized": true, "position_world": [-2.1019339561462402, -2.0136961936950684, 0.41999998688697815], "orientation_world": [0.9999096989631653, 0.00032856286270543933, 0.013078682124614716, 0.0030803182162344456], "velocity_world": [-0.00010013580322265625, 4.76837158203125e-06, 0.0], "yaw_rad": null, "xy_error_m": 0.013753958977758884, "scan_match_score": 0.9321816578782154, "scan_inliers": 0, "used_prediction_only": false}, "agent_2": {"detected": true, "localized": true, "position_world": [-2.0904369354248047, 1.598839521408081, 0.41999998688697815], "orientation_world": [0.9999114871025085, 0.0003485930210445076, 0.013066370971500874, -0.002490648766979575], "velocity_world": [0.002557436702772975, 0.0004315376281738281, 0.0], "yaw_rad": null, "xy_error_m": 0.00952629093080759, "scan_match_score": 0.9330335938689409, "scan_inliers": 0, "used_prediction_only": false}}, "intruder_estimate": {"detected": true, "position_world": [3.136181354522705, 1.9206527471542358, 1.0827070474624634], "confidence": 0.20878608226776124, "camera_detections": 8, "lidar_detections": 2}, "input_summary": {"dog_imus": ["go2_dog_1", "go2_dog_2"], "dog_lidars": ["dog1_lidar", "dog2_lidar"], "cameras": ["cam_e_lower", "cam_e_upper", "cam_ne", "cam_nw", "cam_se", "cam_sw", "dog1_cam", "dog2_cam"], "ground_truth": ["go2_dog_1", "go2_dog_2", "suspect"]}}}