{"record_type": "perception_result", "recorded_wall_time": 1777599290.9477825, "result": {"source_module": "perception", "pipeline": "perception_pipeline_v1", "step": 1312, "timestamp": 6.5600000000000005, "dogs": {"agent_1": {"detected": true, "localized": true, "position_world": [-1.568424940109253, -2.1251447200775146, 0.41999998688697815], "orientation_world": [0.9792023301124573, -0.007529972121119499, -0.019058501347899437, -0.2018488198518753], "velocity_world": [-0.07966112345457077, -0.08220453560352325, 0.0], "yaw_rad": null, "xy_error_m": 0.007772700395435095, "scan_match_score": 0.9330357003068037, "scan_inliers": 0, "used_prediction_only": false}, "agent_2": {"detected": true, "localized": true, "position_world": [-1.7260072231292725, 1.2997403144836426, 0.41999998688697815], "orientation_world": [0.9484798312187195, 0.0048011247999966145, -0.06187470629811287, -0.31070011854171753], "velocity_world": [-0.009980011731386185, 0.022869771346449852, 0.0], "yaw_rad": null, "xy_error_m": 0.02807164378464222, "scan_match_score": 0.9326706847973676, "scan_inliers": 0, "used_prediction_only": false}}, "intruder_estimate": {"detected": true, "position_world": [3.5860393047332764, 0.362771213054657, 1.2058253288269043], "confidence": 0.30477137565612794, "camera_detections": 8, "lidar_detections": 2}, "input_summary": {"dog_imus": ["go2_dog_1", "go2_dog_2"], "dog_lidars": ["dog1_lidar", "dog2_lidar"], "cameras": ["cam_e_lower", "cam_e_upper", "cam_ne", "cam_nw", "cam_se", "cam_sw", "dog1_cam", "dog2_cam"], "ground_truth": ["go2_dog_1", "go2_dog_2", "suspect"]}}}