{"record_type": "perception_result", "recorded_wall_time": 1777599302.56997, "result": {"source_module": "perception", "pipeline": "perception_pipeline_v1", "step": 1340, "timestamp": 6.7, "dogs": {"agent_1": {"detected": true, "localized": true, "position_world": [-1.5826297998428345, -2.1433632373809814, 0.41999998688697815], "orientation_world": [0.9770627617835999, -0.028708215802907944, -0.026308687403798103, -0.2093612402677536], "velocity_world": [-0.008800135925412178, -0.11202836036682129, 0.0], "yaw_rad": null, "xy_error_m": 0.013335890136659145, "scan_match_score": 0.9351576578677894, "scan_inliers": 0, "used_prediction_only": false}, "agent_2": {"detected": true, "localized": true, "position_world": [-1.726358413696289, 1.2984745502471924, 0.41999998688697815], "orientation_world": [0.9473793506622314, -0.017628617584705353, -0.051130883395671844, -0.31551098823547363], "velocity_world": [-0.019749734550714493, 0.03603001683950424, 0.0], "yaw_rad": null, "xy_error_m": 0.035358283668756485, "scan_match_score": 0.9332138893513886, "scan_inliers": 0, "used_prediction_only": false}}, "intruder_estimate": {"detected": true, "position_world": [3.5730068683624268, 0.4159826934337616, 1.2170655727386475], "confidence": 0.30694358348846434, "camera_detections": 8, "lidar_detections": 2}, "input_summary": {"dog_imus": ["go2_dog_1", "go2_dog_2"], "dog_lidars": ["dog1_lidar", "dog2_lidar"], "cameras": ["cam_e_lower", "cam_e_upper", "cam_ne", "cam_nw", "cam_se", "cam_sw", "dog1_cam", "dog2_cam"], "ground_truth": ["go2_dog_1", "go2_dog_2", "suspect"]}}}