{"record_type": "perception_result", "recorded_wall_time": 1777598465.234303, "result": {"source_module": "perception", "pipeline": "perception_pipeline_v1", "step": 2052, "timestamp": 10.26, "dogs": {"agent_1": {"detected": true, "localized": true, "position_world": [-2.101942539215088, -2.0136916637420654, 0.41999998688697815], "orientation_world": [0.9999082684516907, 0.00032929235021583736, 0.013187582604587078, 0.0030800551176071167], "velocity_world": [0.00019073486328125, -1.9073486328125e-05, 0.0], "yaw_rad": null, "xy_error_m": 0.013749780133366585, "scan_match_score": 0.9321841256889584, "scan_inliers": 0, "used_prediction_only": false}, "agent_2": {"detected": true, "localized": true, "position_world": [-2.0910277366638184, 1.5994465351104736, 0.41999998688697815], "orientation_world": [0.999910295009613, 0.0003502564795780927, 0.013176792301237583, -0.0023877976927906275], "velocity_world": [0.00025908154202625155, 4.6888988435966894e-05, 0.0], "yaw_rad": null, "xy_error_m": 0.008902710862457752, "scan_match_score": 0.9330778412766739, "scan_inliers": 0, "used_prediction_only": false}}, "intruder_estimate": {"detected": true, "position_world": [3.2215757369995117, 1.865747332572937, 1.093111276626587], "confidence": 0.22823469638824462, "camera_detections": 8, "lidar_detections": 2}, "input_summary": {"dog_imus": ["go2_dog_1", "go2_dog_2"], "dog_lidars": ["dog1_lidar", "dog2_lidar"], "cameras": ["cam_e_lower", "cam_e_upper", "cam_ne", "cam_nw", "cam_se", "cam_sw", "dog1_cam", "dog2_cam"], "ground_truth": ["go2_dog_1", "go2_dog_2", "suspect"]}}}