{"record_type": "perception_result", "recorded_wall_time": 1777599458.3919122, "result": {"source_module": "perception", "pipeline": "perception_pipeline_v1", "step": 1712, "timestamp": 8.56, "dogs": {"agent_1": {"detected": true, "localized": true, "position_world": [-1.63212251663208, -2.1175460815429688, 0.41999998688697815], "orientation_world": [0.9773640632629395, -0.02760656736791134, -0.02503557875752449, -0.2082560956478119], "velocity_world": [0.06701917201280594, 0.04660078138113022, 0.0], "yaw_rad": null, "xy_error_m": 0.011508242227137089, "scan_match_score": 0.9374365268379813, "scan_inliers": 0, "used_prediction_only": false}, "agent_2": {"detected": true, "localized": true, "position_world": [-1.7370381355285645, 1.340354323387146, 0.41999998688697815], "orientation_world": [0.937762439250946, -0.07278726249933243, -0.005451951175928116, -0.3395201563835144], "velocity_world": [0.010714703239500523, -0.10430166125297546, 0.0], "yaw_rad": null, "xy_error_m": 0.01473146677017212, "scan_match_score": 0.9347547829437982, "scan_inliers": 0, "used_prediction_only": false}}, "intruder_estimate": {"detected": true, "position_world": [3.4347636699676514, 1.1308047771453857, 1.1486412286758423], "confidence": 0.2540661096572876, "camera_detections": 8, "lidar_detections": 2}, "input_summary": {"dog_imus": ["go2_dog_1", "go2_dog_2"], "dog_lidars": ["dog1_lidar", "dog2_lidar"], "cameras": ["cam_e_lower", "cam_e_upper", "cam_ne", "cam_nw", "cam_se", "cam_sw", "dog1_cam", "dog2_cam"], "ground_truth": ["go2_dog_1", "go2_dog_2", "suspect"]}}}