{"record_type": "perception_result", "recorded_wall_time": 1777599312.7918231, "result": {"source_module": "perception", "pipeline": "perception_pipeline_v1", "step": 1364, "timestamp": 6.82, "dogs": {"agent_1": {"detected": true, "localized": true, "position_world": [-1.5811318159103394, -2.1469388008117676, 0.41999998688697815], "orientation_world": [0.9777350425720215, -0.009121105074882507, -0.021138522773981094, -0.20857642590999603], "velocity_world": [-0.007490379735827446, 0.016432372853159904, 0.0], "yaw_rad": null, "xy_error_m": 0.008961877785623074, "scan_match_score": 0.9357131673447441, "scan_inliers": 0, "used_prediction_only": false}, "agent_2": {"detected": true, "localized": true, "position_world": [-1.72349214553833, 1.3124878406524658, 0.41999998688697815], "orientation_world": [0.9460742473602295, -0.007569851819425821, -0.05537625402212143, -0.3190920352935791], "velocity_world": [-0.005478824954479933, -0.008030425757169724, 0.0], "yaw_rad": null, "xy_error_m": 0.02826070599257946, "scan_match_score": 0.9314291939928775, "scan_inliers": 0, "used_prediction_only": false}}, "intruder_estimate": {"detected": true, "position_world": [3.560059070587158, 0.4665556252002716, 1.2083946466445923], "confidence": 0.30883982181549074, "camera_detections": 8, "lidar_detections": 2}, "input_summary": {"dog_imus": ["go2_dog_1", "go2_dog_2"], "dog_lidars": ["dog1_lidar", "dog2_lidar"], "cameras": ["cam_e_lower", "cam_e_upper", "cam_ne", "cam_nw", "cam_se", "cam_sw", "dog1_cam", "dog2_cam"], "ground_truth": ["go2_dog_1", "go2_dog_2", "suspect"]}}}