{"record_type": "perception_result", "recorded_wall_time": 1777599753.9726255, "result": {"source_module": "perception", "pipeline": "perception_pipeline_v1", "step": 228, "timestamp": 1.1400000000000001, "dogs": {"agent_1": {"detected": true, "localized": true, "position_world": [-1.8647931814193726, -1.9845010042190552, 0.41999998688697815], "orientation_world": [0.9985370635986328, -0.01375212986022234, -0.051497459411621094, -0.00909164547920227], "velocity_world": [0.2573475241661072, -0.01117958314716816, 0.0], "yaw_rad": null, "xy_error_m": 0.009800642728805542, "scan_match_score": 0.9355169538404111, "scan_inliers": 0, "used_prediction_only": false}, "agent_2": {"detected": true, "localized": true, "position_world": [-1.9858914613723755, 1.582945704460144, 0.41999998688697815], "orientation_world": [0.9977798461914062, -0.05285050347447395, -0.03867673501372337, -0.012097250670194626], "velocity_world": [-0.023346155881881714, -0.0028039738535881042, 0.0], "yaw_rad": null, "xy_error_m": 0.008332514204084873, "scan_match_score": 0.9328327467089216, "scan_inliers": 0, "used_prediction_only": false}}, "intruder_estimate": {"detected": true, "position_world": [2.3801891803741455, -0.465970903635025, 1.2533228397369385], "confidence": 0.17302476167678832, "camera_detections": 8, "lidar_detections": 2}, "input_summary": {"dog_imus": ["go2_dog_1", "go2_dog_2"], "dog_lidars": ["dog1_lidar", "dog2_lidar"], "cameras": ["cam_e_lower", "cam_e_upper", "cam_ne", "cam_nw", "cam_se", "cam_sw", "dog1_cam", "dog2_cam"], "ground_truth": ["go2_dog_1", "go2_dog_2", "suspect"]}}}