{"record_type": "perception_result", "recorded_wall_time": 1777599017.9821508, "result": {"source_module": "perception", "pipeline": "perception_pipeline_v1", "step": 660, "timestamp": 3.3000000000000003, "dogs": {"agent_1": {"detected": true, "localized": true, "position_world": [-1.557778000831604, -2.0959386825561523, 0.41999998688697815], "orientation_world": [0.9885258674621582, -0.0664096474647522, -0.06043246015906334, -0.12146741151809692], "velocity_world": [0.15401217341423035, -0.10829710215330124, 0.0], "yaw_rad": null, "xy_error_m": 0.010831653140485287, "scan_match_score": 0.9359781093552141, "scan_inliers": 0, "used_prediction_only": false}, "agent_2": {"detected": true, "localized": true, "position_world": [-1.7931376695632935, 1.3449119329452515, 0.41999998688697815], "orientation_world": [0.9642612338066101, -0.13612060248851776, -0.008798062801361084, -0.22714325785636902], "velocity_world": [0.26119038462638855, -0.14863428473472595, 0.0], "yaw_rad": null, "xy_error_m": 0.01706172525882721, "scan_match_score": 0.9348978959660241, "scan_inliers": 0, "used_prediction_only": false}}, "intruder_estimate": {"detected": true, "position_world": [3.3637475967407227, -0.5407582521438599, 1.146693468093872], "confidence": 0.22994771003723144, "camera_detections": 8, "lidar_detections": 2}, "input_summary": {"dog_imus": ["go2_dog_1", "go2_dog_2"], "dog_lidars": ["dog1_lidar", "dog2_lidar"], "cameras": ["cam_e_lower", "cam_e_upper", "cam_ne", "cam_nw", "cam_se", "cam_sw", "dog1_cam", "dog2_cam"], "ground_truth": ["go2_dog_1", "go2_dog_2", "suspect"]}}}