{"record_type": "perception_result", "recorded_wall_time": 1777600028.2074232, "result": {"source_module": "perception", "pipeline": "perception_pipeline_v1", "step": 88, "timestamp": 0.44, "dogs": {"agent_1": {"detected": true, "localized": true, "position_world": [-1.9716532230377197, -1.9942604303359985, 0.41999998688697815], "orientation_world": [0.9988146424293518, -0.04207635298371315, -0.023972300812602043, 0.004926352761685848], "velocity_world": [-0.02572900429368019, 0.11334800720214844, 0.0], "yaw_rad": null, "xy_error_m": 0.010911534540355206, "scan_match_score": 0.9310360063533087, "scan_inliers": 0, "used_prediction_only": false}, "agent_2": {"detected": true, "localized": true, "position_world": [-1.9561185836791992, 1.5897958278656006, 0.41999998688697815], "orientation_world": [0.9992864727973938, -0.03334115073084831, -0.017611825838685036, 0.0021864743903279305], "velocity_world": [0.08490943908691406, 0.09785518050193787, 0.0], "yaw_rad": null, "xy_error_m": 0.022528192028403282, "scan_match_score": 0.9333453420427704, "scan_inliers": 0, "used_prediction_only": false}}, "intruder_estimate": {"detected": true, "position_world": [2.068211555480957, -0.49124255776405334, 1.3193600177764893], "confidence": 0.2640373706817627, "camera_detections": 8, "lidar_detections": 2}, "input_summary": {"dog_imus": ["go2_dog_1", "go2_dog_2"], "dog_lidars": ["dog1_lidar", "dog2_lidar"], "cameras": ["cam_e_lower", "cam_e_upper", "cam_ne", "cam_nw", "cam_se", "cam_sw", "dog1_cam", "dog2_cam"], "ground_truth": ["go2_dog_1", "go2_dog_2", "suspect"]}}}