{"record_type": "perception_result", "recorded_wall_time": 1777599339.4910147, "result": {"source_module": "perception", "pipeline": "perception_pipeline_v1", "step": 1428, "timestamp": 7.140000000000001, "dogs": {"agent_1": {"detected": true, "localized": true, "position_world": [-1.5865336656570435, -2.125990629196167, 0.41999998688697815], "orientation_world": [0.9806248545646667, -0.01054245512932539, -0.010716534219682217, -0.1953173577785492], "velocity_world": [-0.014387071132659912, 0.027054522186517715, 0.0], "yaw_rad": null, "xy_error_m": 0.007501912768930197, "scan_match_score": 0.9353378280589665, "scan_inliers": 0, "used_prediction_only": false}, "agent_2": {"detected": true, "localized": true, "position_world": [-1.7193459272384644, 1.337392807006836, 0.41999998688697815], "orientation_world": [0.9438047409057617, 0.0001308348582824692, -0.06000632792711258, -0.3250105679035187], "velocity_world": [0.12347018718719482, 0.0041494183242321014, 0.0], "yaw_rad": null, "xy_error_m": 0.007686517667025328, "scan_match_score": 0.9313573352685574, "scan_inliers": 0, "used_prediction_only": false}}, "intruder_estimate": {"detected": true, "position_world": [3.5250186920166016, 0.6057275533676147, 1.1935194730758667], "confidence": 0.3134344816207886, "camera_detections": 8, "lidar_detections": 2}, "input_summary": {"dog_imus": ["go2_dog_1", "go2_dog_2"], "dog_lidars": ["dog1_lidar", "dog2_lidar"], "cameras": ["cam_e_lower", "cam_e_upper", "cam_ne", "cam_nw", "cam_se", "cam_sw", "dog1_cam", "dog2_cam"], "ground_truth": ["go2_dog_1", "go2_dog_2", "suspect"]}}}