{"record_type": "perception_result", "recorded_wall_time": 1777599358.0037518, "result": {"source_module": "perception", "pipeline": "perception_pipeline_v1", "step": 1472, "timestamp": 7.36, "dogs": {"agent_1": {"detected": true, "localized": true, "position_world": [-1.5946428775787354, -2.132903814315796, 0.41999998688697815], "orientation_world": [0.9800689816474915, -0.005427747033536434, -0.021538686007261276, -0.1974119395017624], "velocity_world": [-0.10605444014072418, -0.08758392930030823, 0.0], "yaw_rad": null, "xy_error_m": 0.007012358866631985, "scan_match_score": 0.9334272326304597, "scan_inliers": 0, "used_prediction_only": false}, "agent_2": {"detected": true, "localized": true, "position_world": [-1.733976125717163, 1.3352633714675903, 0.41999998688697815], "orientation_world": [0.9433562159538269, -0.0032880036160349846, -0.06432215124368668, -0.3254704475402832], "velocity_world": [-0.1294439733028412, 0.03364204242825508, 0.0], "yaw_rad": null, "xy_error_m": 0.00842419732362032, "scan_match_score": 0.9311889082487527, "scan_inliers": 0, "used_prediction_only": false}}, "intruder_estimate": {"detected": true, "position_world": [3.5046279430389404, 0.6825535893440247, 1.1895558834075928], "confidence": 0.31997663974761964, "camera_detections": 8, "lidar_detections": 2}, "input_summary": {"dog_imus": ["go2_dog_1", "go2_dog_2"], "dog_lidars": ["dog1_lidar", "dog2_lidar"], "cameras": ["cam_e_lower", "cam_e_upper", "cam_ne", "cam_nw", "cam_se", "cam_sw", "dog1_cam", "dog2_cam"], "ground_truth": ["go2_dog_1", "go2_dog_2", "suspect"]}}}