{"record_type": "perception_result", "recorded_wall_time": 1777598428.4460394, "result": {"source_module": "perception", "pipeline": "perception_pipeline_v1", "step": 1964, "timestamp": 9.82, "dogs": {"agent_1": {"detected": true, "localized": true, "position_world": [-2.102001667022705, -2.014826774597168, 0.41999998688697815], "orientation_world": [0.9999109506607056, 0.0003126280498690903, 0.012970742769539356, 0.003120522713288665], "velocity_world": [0.0033593177795410156, 0.005259513854980469, 0.0], "yaw_rad": null, "xy_error_m": 0.014805295504629612, "scan_match_score": 0.9324316336070597, "scan_inliers": 0, "used_prediction_only": false}, "agent_2": {"detected": true, "localized": true, "position_world": [-2.0903687477111816, 1.5987660884857178, 0.41999998688697815], "orientation_world": [0.9999130964279175, 0.0003426116600167006, 0.012959581799805164, -0.002402388956397772], "velocity_world": [0.004661083221435547, 0.0066792964935302734, 0.0], "yaw_rad": null, "xy_error_m": 0.010254922322928905, "scan_match_score": 0.9332492790559385, "scan_inliers": 0, "used_prediction_only": false}}, "intruder_estimate": {"detected": true, "position_world": [3.280771017074585, 1.6869009733200073, 1.0851185321807861], "confidence": 0.23813242912292482, "camera_detections": 8, "lidar_detections": 2}, "input_summary": {"dog_imus": ["go2_dog_1", "go2_dog_2"], "dog_lidars": ["dog1_lidar", "dog2_lidar"], "cameras": ["cam_e_lower", "cam_e_upper", "cam_ne", "cam_nw", "cam_se", "cam_sw", "dog1_cam", "dog2_cam"], "ground_truth": ["go2_dog_1", "go2_dog_2", "suspect"]}}}