{"record_type": "perception_result", "recorded_wall_time": 1777598425.125774, "result": {"source_module": "perception", "pipeline": "perception_pipeline_v1", "step": 1956, "timestamp": 9.78, "dogs": {"agent_1": {"detected": true, "localized": true, "position_world": [-2.102337598800659, -2.015352725982666, 0.41999998688697815], "orientation_world": [0.9999113082885742, 0.00031812183442525566, 0.012948104180395603, 0.0030960284639149904], "velocity_world": [-0.0029659271240234375, 0.0004975001211278141, 0.0], "yaw_rad": null, "xy_error_m": 0.015359542332589626, "scan_match_score": 0.9319773987381025, "scan_inliers": 0, "used_prediction_only": false}, "agent_2": {"detected": true, "localized": true, "position_world": [-2.090834856033325, 1.5980981588363647, 0.41999998688697815], "orientation_world": [0.9999133348464966, 0.00034867884824052453, 0.012935862876474857, -0.002432869281619787], "velocity_world": [-0.0018723806133493781, -0.0005173683166503906, 0.0], "yaw_rad": null, "xy_error_m": 0.009930946864187717, "scan_match_score": 0.9334644542543896, "scan_inliers": 0, "used_prediction_only": false}}, "intruder_estimate": {"detected": true, "position_world": [3.2839126586914062, 1.6699577569961548, 1.0841747522354126], "confidence": 0.23813071250915527, "camera_detections": 8, "lidar_detections": 2}, "input_summary": {"dog_imus": ["go2_dog_1", "go2_dog_2"], "dog_lidars": ["dog1_lidar", "dog2_lidar"], "cameras": ["cam_e_lower", "cam_e_upper", "cam_ne", "cam_nw", "cam_se", "cam_sw", "dog1_cam", "dog2_cam"], "ground_truth": ["go2_dog_1", "go2_dog_2", "suspect"]}}}