{"record_type": "perception_result", "recorded_wall_time": 1777599148.562859, "result": {"source_module": "perception", "pipeline": "perception_pipeline_v1", "step": 972, "timestamp": 4.86, "dogs": {"agent_1": {"detected": true, "localized": true, "position_world": [-1.4874054193496704, -2.1429672241210938, 0.41999998688697815], "orientation_world": [0.9807159900665283, -0.006063931155949831, -0.033659446984529495, -0.1924225389957428], "velocity_world": [-0.07716308534145355, 0.015664104372262955, 0.0], "yaw_rad": null, "xy_error_m": 0.011003687046468258, "scan_match_score": 0.9323521638362409, "scan_inliers": 0, "used_prediction_only": false}, "agent_2": {"detected": true, "localized": true, "position_world": [-1.7094603776931763, 1.2977097034454346, 0.41999998688697815], "orientation_world": [0.948773980140686, -0.010373380035161972, -0.06440149992704391, -0.3091486394405365], "velocity_world": [-0.07506261765956879, -0.014457485638558865, 0.0], "yaw_rad": null, "xy_error_m": 0.018793370574712753, "scan_match_score": 0.9356480910469708, "scan_inliers": 0, "used_prediction_only": false}}, "intruder_estimate": {"detected": true, "position_world": [3.760050058364868, -0.3627874255180359, 1.1732372045516968], "confidence": 0.15858685970306396, "camera_detections": 8, "lidar_detections": 2}, "input_summary": {"dog_imus": ["go2_dog_1", "go2_dog_2"], "dog_lidars": ["dog1_lidar", "dog2_lidar"], "cameras": ["cam_e_lower", "cam_e_upper", "cam_ne", "cam_nw", "cam_se", "cam_sw", "dog1_cam", "dog2_cam"], "ground_truth": ["go2_dog_1", "go2_dog_2", "suspect"]}}}