{"record_type": "perception_result", "recorded_wall_time": 1777599222.108805, "result": {"source_module": "perception", "pipeline": "perception_pipeline_v1", "step": 1148, "timestamp": 5.74, "dogs": {"agent_1": {"detected": true, "localized": true, "position_world": [-1.5399702787399292, -2.1199095249176025, 0.41999998688697815], "orientation_world": [0.9803157448768616, -0.02428543008863926, -0.017120787873864174, -0.19518758356571198], "velocity_world": [-0.06011020764708519, -0.032871708273887634, 0.0], "yaw_rad": null, "xy_error_m": 0.006789363455027342, "scan_match_score": 0.9338717448446553, "scan_inliers": 0, "used_prediction_only": false}, "agent_2": {"detected": true, "localized": true, "position_world": [-1.7230098247528076, 1.2961939573287964, 0.41999998688697815], "orientation_world": [0.9473908543586731, -0.014193417504429817, -0.05570392683148384, -0.3148748576641083], "velocity_world": [0.09128867089748383, 0.013557272031903267, 0.0], "yaw_rad": null, "xy_error_m": 0.036201272159814835, "scan_match_score": 0.9327789921776013, "scan_inliers": 0, "used_prediction_only": false}}, "intruder_estimate": {"detected": true, "position_world": [3.676194429397583, 0.051363591104745865, 1.1839990615844727], "confidence": 0.2628108739852905, "camera_detections": 8, "lidar_detections": 2}, "input_summary": {"dog_imus": ["go2_dog_1", "go2_dog_2"], "dog_lidars": ["dog1_lidar", "dog2_lidar"], "cameras": ["cam_e_lower", "cam_e_upper", "cam_ne", "cam_nw", "cam_se", "cam_sw", "dog1_cam", "dog2_cam"], "ground_truth": ["go2_dog_1", "go2_dog_2", "suspect"]}}}