{"record_type": "perception_result", "recorded_wall_time": 1777599116.787336, "result": {"source_module": "perception", "pipeline": "perception_pipeline_v1", "step": 896, "timestamp": 4.48, "dogs": {"agent_1": {"detected": true, "localized": true, "position_world": [-1.4705666303634644, -2.1528024673461914, 0.41999998688697815], "orientation_world": [0.9792970418930054, -0.016536414623260498, -0.05680752545595169, -0.19358913600444794], "velocity_world": [-0.15174604952335358, -0.029965125024318695, 0.0], "yaw_rad": null, "xy_error_m": 0.009129200130701065, "scan_match_score": 0.9331092434645988, "scan_inliers": 0, "used_prediction_only": false}, "agent_2": {"detected": true, "localized": true, "position_world": [-1.704441785812378, 1.3026049137115479, 0.41999998688697815], "orientation_world": [0.9503019452095032, -0.02823103964328766, -0.053726356476545334, -0.3053566813468933], "velocity_world": [0.052455686032772064, 0.03433689847588539, 0.0], "yaw_rad": null, "xy_error_m": 0.02622959017753601, "scan_match_score": 0.9367326260803109, "scan_inliers": 0, "used_prediction_only": false}}, "intruder_estimate": {"detected": true, "position_world": [3.7072196006774902, -0.4646141529083252, 1.1407428979873657], "confidence": 0.16379101276397706, "camera_detections": 8, "lidar_detections": 2}, "input_summary": {"dog_imus": ["go2_dog_1", "go2_dog_2"], "dog_lidars": ["dog1_lidar", "dog2_lidar"], "cameras": ["cam_e_lower", "cam_e_upper", "cam_ne", "cam_nw", "cam_se", "cam_sw", "dog1_cam", "dog2_cam"], "ground_truth": ["go2_dog_1", "go2_dog_2", "suspect"]}}}