{"record_type": "perception_result", "recorded_wall_time": 1777599406.7545645, "result": {"source_module": "perception", "pipeline": "perception_pipeline_v1", "step": 1588, "timestamp": 7.94, "dogs": {"agent_1": {"detected": true, "localized": true, "position_world": [-1.6111193895339966, -2.1264054775238037, 0.41999998688697815], "orientation_world": [0.980674684047699, -0.012308411300182343, -0.009635146707296371, -0.1950201392173767], "velocity_world": [-0.040339145809412, 0.03959270939230919, 0.0], "yaw_rad": null, "xy_error_m": 0.007107516750693321, "scan_match_score": 0.9352795383809573, "scan_inliers": 0, "used_prediction_only": false}, "agent_2": {"detected": true, "localized": true, "position_world": [-1.733238697052002, 1.3298561573028564, 0.41999998688697815], "orientation_world": [0.9409613609313965, -0.0019235225627198815, -0.0603710412979126, -0.3330816328525543], "velocity_world": [0.04595496505498886, -0.06832720339298248, 0.0], "yaw_rad": null, "xy_error_m": 0.01328372023999691, "scan_match_score": 0.9331701650022789, "scan_inliers": 0, "used_prediction_only": false}}, "intruder_estimate": {"detected": true, "position_world": [3.445847272872925, 0.9205531477928162, 1.1491725444793701], "confidence": 0.33569610118865967, "camera_detections": 8, "lidar_detections": 2}, "input_summary": {"dog_imus": ["go2_dog_1", "go2_dog_2"], "dog_lidars": ["dog1_lidar", "dog2_lidar"], "cameras": ["cam_e_lower", "cam_e_upper", "cam_ne", "cam_nw", "cam_se", "cam_sw", "dog1_cam", "dog2_cam"], "ground_truth": ["go2_dog_1", "go2_dog_2", "suspect"]}}}