{"record_type": "perception_result", "recorded_wall_time": 1777599533.9637694, "result": {"source_module": "perception", "pipeline": "perception_pipeline_v1", "step": 1892, "timestamp": 9.46, "dogs": {"agent_1": {"detected": true, "localized": true, "position_world": [-1.6533937454223633, -2.133516788482666, 0.41999998688697815], "orientation_world": [0.9780176877975464, -0.053839631378650665, -0.03535076603293419, -0.19832564890384674], "velocity_world": [-0.09743012487888336, -0.022470703348517418, 0.0], "yaw_rad": null, "xy_error_m": 0.005276204086840153, "scan_match_score": 0.9370106146700758, "scan_inliers": 0, "used_prediction_only": false}, "agent_2": {"detected": true, "localized": true, "position_world": [-1.711234450340271, 1.3466514348983765, 0.41999998688697815], "orientation_world": [0.9421516060829163, -0.08211823552846909, 0.01313534751534462, -0.32470664381980896], "velocity_world": [0.13658390939235687, 0.058982327580451965, 0.0], "yaw_rad": null, "xy_error_m": 0.0025082353968173265, "scan_match_score": 0.9322753676795571, "scan_inliers": 0, "used_prediction_only": false}}, "intruder_estimate": {"detected": true, "position_world": [3.313180923461914, 1.540722131729126, 1.1459482908248901], "confidence": 0.2419496536254883, "camera_detections": 8, "lidar_detections": 2}, "input_summary": {"dog_imus": ["go2_dog_1", "go2_dog_2"], "dog_lidars": ["dog1_lidar", "dog2_lidar"], "cameras": ["cam_e_lower", "cam_e_upper", "cam_ne", "cam_nw", "cam_se", "cam_sw", "dog1_cam", "dog2_cam"], "ground_truth": ["go2_dog_1", "go2_dog_2", "suspect"]}}}