{"record_type": "perception_result", "recorded_wall_time": 1777599260.9307349, "result": {"source_module": "perception", "pipeline": "perception_pipeline_v1", "step": 1240, "timestamp": 6.2, "dogs": {"agent_1": {"detected": true, "localized": true, "position_world": [-1.5571372509002686, -2.149698495864868, 0.41999998688697815], "orientation_world": [0.9767692685127258, -0.015055081807076931, -0.022054241970181465, -0.21262355148792267], "velocity_world": [0.018541190773248672, 0.07263866811990738, 0.0], "yaw_rad": null, "xy_error_m": 0.018773699179291725, "scan_match_score": 0.9335880998747513, "scan_inliers": 0, "used_prediction_only": false}, "agent_2": {"detected": true, "localized": true, "position_world": [-1.7148737907409668, 1.3124158382415771, 0.41999998688697815], "orientation_world": [0.9494497776031494, -0.018906105309724808, -0.05109255015850067, -0.3091557025909424], "velocity_world": [-0.08145463466644287, 0.023083021864295006, 0.0], "yaw_rad": null, "xy_error_m": 0.018547015264630318, "scan_match_score": 0.9377096351391364, "scan_inliers": 0, "used_prediction_only": false}}, "intruder_estimate": {"detected": true, "position_world": [3.6146960258483887, 0.21384446322917938, 1.2467117309570312], "confidence": 0.29409151077270507, "camera_detections": 8, "lidar_detections": 2}, "input_summary": {"dog_imus": ["go2_dog_1", "go2_dog_2"], "dog_lidars": ["dog1_lidar", "dog2_lidar"], "cameras": ["cam_e_lower", "cam_e_upper", "cam_ne", "cam_nw", "cam_se", "cam_sw", "dog1_cam", "dog2_cam"], "ground_truth": ["go2_dog_1", "go2_dog_2", "suspect"]}}}