{"record_type": "perception_result", "recorded_wall_time": 1777599252.4473848, "result": {"source_module": "perception", "pipeline": "perception_pipeline_v1", "step": 1220, "timestamp": 6.1000000000000005, "dogs": {"agent_1": {"detected": true, "localized": true, "position_world": [-1.5502127408981323, -2.155380964279175, 0.41999998688697815], "orientation_world": [0.9766789674758911, 0.004264743532985449, -0.027205800637602806, -0.2129315584897995], "velocity_world": [-0.02281549572944641, 0.056655433028936386, 0.0], "yaw_rad": null, "xy_error_m": 0.01528543047606945, "scan_match_score": 0.9297035114404026, "scan_inliers": 0, "used_prediction_only": false}, "agent_2": {"detected": true, "localized": true, "position_world": [-1.7050421237945557, 1.307378888130188, 0.41999998688697815], "orientation_world": [0.9495988488197327, 0.001498576020821929, -0.061593592166900635, -0.3073531687259674], "velocity_world": [-0.017486467957496643, -0.009674075059592724, 0.0], "yaw_rad": null, "xy_error_m": 0.02356109209358692, "scan_match_score": 0.9367078877200127, "scan_inliers": 0, "used_prediction_only": false}}, "intruder_estimate": {"detected": true, "position_world": [3.622680425643921, 0.17960959672927856, 1.2399191856384277], "confidence": 0.2898057699203491, "camera_detections": 8, "lidar_detections": 2}, "input_summary": {"dog_imus": ["go2_dog_1", "go2_dog_2"], "dog_lidars": ["dog1_lidar", "dog2_lidar"], "cameras": ["cam_e_lower", "cam_e_upper", "cam_ne", "cam_nw", "cam_se", "cam_sw", "dog1_cam", "dog2_cam"], "ground_truth": ["go2_dog_1", "go2_dog_2", "suspect"]}}}