{"record_type": "perception_result", "recorded_wall_time": 1777599026.3419566, "result": {"source_module": "perception", "pipeline": "perception_pipeline_v1", "step": 680, "timestamp": 3.4, "dogs": {"agent_1": {"detected": true, "localized": true, "position_world": [-1.5605313777923584, -2.0999557971954346, 0.41999998688697815], "orientation_world": [0.9892313480377197, -0.05163175240159035, -0.05587628856301308, -0.12503325939178467], "velocity_world": [0.07787375152111053, -0.05471015349030495, 0.0], "yaw_rad": null, "xy_error_m": 0.013273759745061398, "scan_match_score": 0.9325129670982019, "scan_inliers": 0, "used_prediction_only": false}, "agent_2": {"detected": true, "localized": true, "position_world": [-1.784816861152649, 1.325626015663147, 0.41999998688697815], "orientation_world": [0.9671081304550171, -0.114659883081913, -0.007272046059370041, -0.22694072127342224], "velocity_world": [0.06684204936027527, -0.153335303068161, 0.0], "yaw_rad": null, "xy_error_m": 0.015371682122349739, "scan_match_score": 0.9322261696150638, "scan_inliers": 0, "used_prediction_only": false}}, "intruder_estimate": {"detected": true, "position_world": [3.385319948196411, -0.5315049290657043, 1.1476101875305176], "confidence": 0.2315269947052002, "camera_detections": 8, "lidar_detections": 2}, "input_summary": {"dog_imus": ["go2_dog_1", "go2_dog_2"], "dog_lidars": ["dog1_lidar", "dog2_lidar"], "cameras": ["cam_e_lower", "cam_e_upper", "cam_ne", "cam_nw", "cam_se", "cam_sw", "dog1_cam", "dog2_cam"], "ground_truth": ["go2_dog_1", "go2_dog_2", "suspect"]}}}