{"record_type": "perception_result", "recorded_wall_time": 1777599155.2354486, "result": {"source_module": "perception", "pipeline": "perception_pipeline_v1", "step": 988, "timestamp": 4.94, "dogs": {"agent_1": {"detected": true, "localized": true, "position_world": [-1.492195963859558, -2.14288592338562, 0.41999998688697815], "orientation_world": [0.980153501033783, -0.0058290171436965466, -0.03892211988568306, -0.19429421424865723], "velocity_world": [-0.08537234365940094, -0.009900318458676338, 0.0], "yaw_rad": null, "xy_error_m": 0.008920376189053059, "scan_match_score": 0.9334693988168912, "scan_inliers": 0, "used_prediction_only": false}, "agent_2": {"detected": true, "localized": true, "position_world": [-1.714192509651184, 1.2953156232833862, 0.41999998688697815], "orientation_world": [0.9480920433998108, -0.009815375320613384, -0.06564562767744064, -0.31099164485931396], "velocity_world": [0.013131529092788696, -0.043337151408195496, 0.0], "yaw_rad": null, "xy_error_m": 0.018368162214756012, "scan_match_score": 0.9347621621221677, "scan_inliers": 0, "used_prediction_only": false}}, "intruder_estimate": {"detected": true, "position_world": [3.7680273056030273, -0.30337247252464294, 1.1826622486114502], "confidence": 0.18522975444793702, "camera_detections": 8, "lidar_detections": 2}, "input_summary": {"dog_imus": ["go2_dog_1", "go2_dog_2"], "dog_lidars": ["dog1_lidar", "dog2_lidar"], "cameras": ["cam_e_lower", "cam_e_upper", "cam_ne", "cam_nw", "cam_se", "cam_sw", "dog1_cam", "dog2_cam"], "ground_truth": ["go2_dog_1", "go2_dog_2", "suspect"]}}}