{"record_type": "perception_result", "recorded_wall_time": 1777599086.8440373, "result": {"source_module": "perception", "pipeline": "perception_pipeline_v1", "step": 824, "timestamp": 4.12, "dogs": {"agent_1": {"detected": true, "localized": true, "position_world": [-1.450098991394043, -2.130603075027466, 0.41999998688697815], "orientation_world": [0.9858198761940002, -0.0468888022005558, -0.05037428066134453, -0.1530459225177765], "velocity_world": [0.044053636491298676, 0.13698886334896088, 0.0], "yaw_rad": null, "xy_error_m": 0.004149425309151411, "scan_match_score": 0.9336635404550345, "scan_inliers": 0, "used_prediction_only": false}, "agent_2": {"detected": true, "localized": true, "position_world": [-1.7447445392608643, 1.3104113340377808, 0.41999998688697815], "orientation_world": [0.9628820419311523, -0.07946498692035675, -0.007868739776313305, -0.2578403055667877], "velocity_world": [0.05120016634464264, -0.06953747570514679, 0.0], "yaw_rad": null, "xy_error_m": 0.013784833252429962, "scan_match_score": 0.9311643183666813, "scan_inliers": 0, "used_prediction_only": false}}, "intruder_estimate": {"detected": true, "position_world": [3.577511787414551, -0.4500824213027954, 1.146769642829895], "confidence": 0.16122257709503174, "camera_detections": 8, "lidar_detections": 2}, "input_summary": {"dog_imus": ["go2_dog_1", "go2_dog_2"], "dog_lidars": ["dog1_lidar", "dog2_lidar"], "cameras": ["cam_e_lower", "cam_e_upper", "cam_ne", "cam_nw", "cam_se", "cam_sw", "dog1_cam", "dog2_cam"], "ground_truth": ["go2_dog_1", "go2_dog_2", "suspect"]}}}