{"record_type": "perception_result", "recorded_wall_time": 1777600036.6308339, "result": {"source_module": "perception", "pipeline": "perception_pipeline_v1", "step": 108, "timestamp": 0.54, "dogs": {"agent_1": {"detected": true, "localized": true, "position_world": [-1.9673919677734375, -1.9774967432022095, 0.41999998688697815], "orientation_world": [0.9993816018104553, -0.028883779421448708, -0.019100625067949295, 0.006111706141382456], "velocity_world": [0.06664194911718369, 0.08805906027555466, 0.0], "yaw_rad": null, "xy_error_m": 0.012244977056980133, "scan_match_score": 0.9321941021573635, "scan_inliers": 0, "used_prediction_only": false}, "agent_2": {"detected": true, "localized": true, "position_world": [-1.9567232131958008, 1.6095914840698242, 0.41999998688697815], "orientation_world": [0.9992011785507202, -0.03627990931272507, -0.016754817217588425, 0.0002187281643273309], "velocity_world": [-0.03383995220065117, 0.13215792179107666, 0.0], "yaw_rad": null, "xy_error_m": 0.021016640588641167, "scan_match_score": 0.9346579253411117, "scan_inliers": 0, "used_prediction_only": false}}, "intruder_estimate": {"detected": true, "position_world": [2.138314723968506, -0.48590585589408875, 1.314557671546936], "confidence": 0.2614197015762329, "camera_detections": 8, "lidar_detections": 2}, "input_summary": {"dog_imus": ["go2_dog_1", "go2_dog_2"], "dog_lidars": ["dog1_lidar", "dog2_lidar"], "cameras": ["cam_e_lower", "cam_e_upper", "cam_ne", "cam_nw", "cam_se", "cam_sw", "dog1_cam", "dog2_cam"], "ground_truth": ["go2_dog_1", "go2_dog_2", "suspect"]}}}