{"record_type": "perception_result", "recorded_wall_time": 1777599100.129757, "result": {"source_module": "perception", "pipeline": "perception_pipeline_v1", "step": 856, "timestamp": 4.28, "dogs": {"agent_1": {"detected": true, "localized": true, "position_world": [-1.4329338073730469, -2.1321072578430176, 0.41999998688697815], "orientation_world": [0.9818480610847473, -0.025170741602778435, -0.057449523359537125, -0.17899833619594574], "velocity_world": [0.00847509503364563, -0.003006931394338608, 0.0], "yaw_rad": null, "xy_error_m": 0.011995860375463963, "scan_match_score": 0.9330160566626363, "scan_inliers": 0, "used_prediction_only": false}, "agent_2": {"detected": true, "localized": true, "position_world": [-1.7488481998443604, 1.2777982950210571, 0.41999998688697815], "orientation_world": [0.957077145576477, -0.03440224751830101, -0.046169765293598175, -0.2840566635131836], "velocity_world": [0.056900251656770706, -0.05249246954917908, 0.0], "yaw_rad": null, "xy_error_m": 0.034978657960891724, "scan_match_score": 0.9280611024779584, "scan_inliers": 0, "used_prediction_only": false}}, "intruder_estimate": {"detected": true, "position_world": [3.641186475753784, -0.45732590556144714, 1.1251951456069946], "confidence": 0.16335952281951904, "camera_detections": 8, "lidar_detections": 2}, "input_summary": {"dog_imus": ["go2_dog_1", "go2_dog_2"], "dog_lidars": ["dog1_lidar", "dog2_lidar"], "cameras": ["cam_e_lower", "cam_e_upper", "cam_ne", "cam_nw", "cam_se", "cam_sw", "dog1_cam", "dog2_cam"], "ground_truth": ["go2_dog_1", "go2_dog_2", "suspect"]}}}