{"record_type": "perception_result", "recorded_wall_time": 1777595673.7211578, "result": {"source_module": "perception", "pipeline": "perception_pipeline_v1", "step": 152, "timestamp": 0.76, "dogs": {"agent_1": {"detected": true, "localized": true, "position_world": [-2.174445629119873, -1.9965389966964722, 0.41999998688697815], "orientation_world": [0.9979416131973267, 0.00015513418475165963, -0.06412945687770844, -1.7699105228530243e-05], "velocity_world": [-0.1209733709692955, 0.02400004304945469, 0.0], "yaw_rad": null, "xy_error_m": 0.05694233998656273, "scan_match_score": 0.9338132521863918, "scan_inliers": 0, "used_prediction_only": false}, "agent_2": {"detected": true, "localized": true, "position_world": [-2.1574699878692627, 1.6013050079345703, 0.41999998688697815], "orientation_world": [0.9979396462440491, 2.6331401386414655e-05, -0.06412827223539352, -0.0020155932288616896], "velocity_world": [-0.17738191783428192, 0.01622873730957508, 0.0], "yaw_rad": null, "xy_error_m": 0.03988281264901161, "scan_match_score": 0.9336248965564736, "scan_inliers": 0, "used_prediction_only": false}}, "intruder_estimate": {"detected": true, "position_world": [0.18152888119220734, 2.3288960456848145, 1.1101603507995605], "confidence": 0.3590384960174561, "camera_detections": 8, "lidar_detections": 2}, "input_summary": {"dog_imus": ["go2_dog_1", "go2_dog_2"], "dog_lidars": ["dog1_lidar", "dog2_lidar"], "cameras": ["cam_e_lower", "cam_e_upper", "cam_ne", "cam_nw", "cam_se", "cam_sw", "dog1_cam", "dog2_cam"], "ground_truth": ["go2_dog_1", "go2_dog_2", "suspect"]}}}