{"record_type": "perception_result", "recorded_wall_time": 1777599161.837649, "result": {"source_module": "perception", "pipeline": "perception_pipeline_v1", "step": 1004, "timestamp": 5.0200000000000005, "dogs": {"agent_1": {"detected": true, "localized": true, "position_world": [-1.5047069787979126, -2.1523547172546387, 0.41999998688697815], "orientation_world": [0.9796060919761658, -0.001634871237911284, -0.04350303113460541, -0.19615474343299866], "velocity_world": [-0.14248374104499817, -0.09180513024330139, 0.0], "yaw_rad": null, "xy_error_m": 0.014271890744566917, "scan_match_score": 0.9301177241028189, "scan_inliers": 0, "used_prediction_only": false}, "agent_2": {"detected": true, "localized": true, "position_world": [-1.7095979452133179, 1.2965550422668457, 0.41999998688697815], "orientation_world": [0.9487287402153015, -0.003512619063258171, -0.06310522556304932, -0.3097083866596222], "velocity_world": [0.029362495988607407, 0.03606383502483368, 0.0], "yaw_rad": null, "xy_error_m": 0.01537138968706131, "scan_match_score": 0.9340305846344173, "scan_inliers": 0, "used_prediction_only": false}}, "intruder_estimate": {"detected": true, "position_world": [3.7740635871887207, -0.24600256979465485, 1.1843398809432983], "confidence": 0.23732140064239501, "camera_detections": 8, "lidar_detections": 2}, "input_summary": {"dog_imus": ["go2_dog_1", "go2_dog_2"], "dog_lidars": ["dog1_lidar", "dog2_lidar"], "cameras": ["cam_e_lower", "cam_e_upper", "cam_ne", "cam_nw", "cam_se", "cam_sw", "dog1_cam", "dog2_cam"], "ground_truth": ["go2_dog_1", "go2_dog_2", "suspect"]}}}