{"record_type": "perception_result", "recorded_wall_time": 1777599046.522621, "result": {"source_module": "perception", "pipeline": "perception_pipeline_v1", "step": 728, "timestamp": 3.64, "dogs": {"agent_1": {"detected": true, "localized": true, "position_world": [-1.508978009223938, -2.130565643310547, 0.41999998688697815], "orientation_world": [0.9884743094444275, -0.06578972935676575, -0.055920299142599106, -0.12435098737478256], "velocity_world": [0.2740235924720764, -0.057397693395614624, 0.0], "yaw_rad": null, "xy_error_m": 0.01733134500682354, "scan_match_score": 0.9316706544276214, "scan_inliers": 0, "used_prediction_only": false}, "agent_2": {"detected": true, "localized": true, "position_world": [-1.767917513847351, 1.32322359085083, 0.41999998688697815], "orientation_world": [0.9667246341705322, -0.11449716985225677, -0.009341335855424404, -0.22857528924942017], "velocity_world": [0.15240423381328583, 0.008597023785114288, 0.0], "yaw_rad": null, "xy_error_m": 0.013264920562505722, "scan_match_score": 0.9365337674546791, "scan_inliers": 0, "used_prediction_only": false}}, "intruder_estimate": {"detected": true, "position_world": [3.4535927772521973, -0.4794182777404785, 1.1393711566925049], "confidence": 0.2239858865737915, "camera_detections": 8, "lidar_detections": 2}, "input_summary": {"dog_imus": ["go2_dog_1", "go2_dog_2"], "dog_lidars": ["dog1_lidar", "dog2_lidar"], "cameras": ["cam_e_lower", "cam_e_upper", "cam_ne", "cam_nw", "cam_se", "cam_sw", "dog1_cam", "dog2_cam"], "ground_truth": ["go2_dog_1", "go2_dog_2", "suspect"]}}}