{"record_type": "perception_result", "recorded_wall_time": 1777599762.2125986, "result": {"source_module": "perception", "pipeline": "perception_pipeline_v1", "step": 248, "timestamp": 1.24, "dogs": {"agent_1": {"detected": true, "localized": true, "position_world": [-1.8431403636932373, -1.98940908908844, 0.41999998688697815], "orientation_world": [0.9987941384315491, -0.012948035262525082, -0.046780895441770554, -0.007366044446825981], "velocity_world": [0.12750953435897827, 0.026324080303311348, 0.0], "yaw_rad": null, "xy_error_m": 0.01308896578848362, "scan_match_score": 0.9348931400878678, "scan_inliers": 0, "used_prediction_only": false}, "agent_2": {"detected": true, "localized": true, "position_world": [-1.9757752418518066, 1.58742094039917, 0.41999998688697815], "orientation_world": [0.9960678815841675, -0.0754733681678772, -0.04332670196890831, -0.016596395522356033], "velocity_world": [-0.013353908434510231, -0.0013080500066280365, 0.0], "yaw_rad": null, "xy_error_m": 0.008555280975997448, "scan_match_score": 0.9330270308962381, "scan_inliers": 0, "used_prediction_only": false}}, "intruder_estimate": {"detected": true, "position_world": [2.424914836883545, -0.46902185678482056, 1.2717489004135132], "confidence": 0.17302476167678832, "camera_detections": 8, "lidar_detections": 2}, "input_summary": {"dog_imus": ["go2_dog_1", "go2_dog_2"], "dog_lidars": ["dog1_lidar", "dog2_lidar"], "cameras": ["cam_e_lower", "cam_e_upper", "cam_ne", "cam_nw", "cam_se", "cam_sw", "dog1_cam", "dog2_cam"], "ground_truth": ["go2_dog_1", "go2_dog_2", "suspect"]}}}