{"record_type": "perception_result", "recorded_wall_time": 1777599193.617995, "result": {"source_module": "perception", "pipeline": "perception_pipeline_v1", "step": 1080, "timestamp": 5.4, "dogs": {"agent_1": {"detected": true, "localized": true, "position_world": [-1.5207371711730957, -2.1454148292541504, 0.41999998688697815], "orientation_world": [0.9780802130699158, -0.022028308361768723, -0.018200743943452835, -0.2062586396932602], "velocity_world": [-0.046851493418216705, 0.23561960458755493, 0.0], "yaw_rad": null, "xy_error_m": 0.006822070572525263, "scan_match_score": 0.9341019734485078, "scan_inliers": 0, "used_prediction_only": false}, "agent_2": {"detected": true, "localized": true, "position_world": [-1.7220051288604736, 1.300581455230713, 0.41999998688697815], "orientation_world": [0.9478971362113953, -0.0011914931237697601, -0.07007668912410736, -0.31077146530151367], "velocity_world": [-0.0697733610868454, 0.019831238314509392, 0.0], "yaw_rad": null, "xy_error_m": 0.024785123765468597, "scan_match_score": 0.9333092063835849, "scan_inliers": 0, "used_prediction_only": false}}, "intruder_estimate": {"detected": true, "position_world": [3.746673345565796, -0.05886460840702057, 1.2022877931594849], "confidence": 0.26161630153656007, "camera_detections": 8, "lidar_detections": 2}, "input_summary": {"dog_imus": ["go2_dog_1", "go2_dog_2"], "dog_lidars": ["dog1_lidar", "dog2_lidar"], "cameras": ["cam_e_lower", "cam_e_upper", "cam_ne", "cam_nw", "cam_se", "cam_sw", "dog1_cam", "dog2_cam"], "ground_truth": ["go2_dog_1", "go2_dog_2", "suspect"]}}}