{"record_type": "perception_result", "recorded_wall_time": 1777598863.3197734, "result": {"source_module": "perception", "pipeline": "perception_pipeline_v1", "step": 292, "timestamp": 1.46, "dogs": {"agent_1": {"detected": true, "localized": true, "position_world": [-1.8312177658081055, -2.011650323867798, 0.41999998688697815], "orientation_world": [0.997227668762207, -0.03023943491280079, -0.05636632815003395, -0.0380190946161747], "velocity_world": [0.2015264332294464, -0.10706505179405212, 0.0], "yaw_rad": null, "xy_error_m": 0.008444507606327534, "scan_match_score": 0.9359124688688496, "scan_inliers": 0, "used_prediction_only": false}, "agent_2": {"detected": true, "localized": true, "position_world": [-1.9548503160476685, 1.5049285888671875, 0.41999998688697815], "orientation_world": [0.989591658115387, -0.08138777315616608, -0.03758389875292778, -0.11256948113441467], "velocity_world": [0.21556536853313446, -0.0736338347196579, 0.0], "yaw_rad": null, "xy_error_m": 0.02187621407210827, "scan_match_score": 0.9315426147354102, "scan_inliers": 0, "used_prediction_only": false}}, "intruder_estimate": {"detected": true, "position_world": [2.505441904067993, -0.4556529223918915, 1.293034553527832], "confidence": 0.15019509792327881, "camera_detections": 8, "lidar_detections": 2}, "input_summary": {"dog_imus": ["go2_dog_1", "go2_dog_2"], "dog_lidars": ["dog1_lidar", "dog2_lidar"], "cameras": ["cam_e_lower", "cam_e_upper", "cam_ne", "cam_nw", "cam_se", "cam_sw", "dog1_cam", "dog2_cam"], "ground_truth": ["go2_dog_1", "go2_dog_2", "suspect"]}}}