{"record_type": "perception_result", "recorded_wall_time": 1777595668.7961764, "result": {"source_module": "perception", "pipeline": "perception_pipeline_v1", "step": 140, "timestamp": 0.7000000000000001, "dogs": {"agent_1": {"detected": true, "localized": true, "position_world": [-2.168997049331665, -2.0006027221679688, 0.41999998688697815], "orientation_world": [0.9977976083755493, 0.00011147750046802685, -0.06633210182189941, 0.00012536074791569263], "velocity_world": [-0.14160412549972534, -0.034611355513334274, 0.0], "yaw_rad": null, "xy_error_m": 0.05961267277598381, "scan_match_score": 0.9333877941108695, "scan_inliers": 0, "used_prediction_only": false}, "agent_2": {"detected": true, "localized": true, "position_world": [-2.142925977706909, 1.599415898323059, 0.41999998688697815], "orientation_world": [0.9977942109107971, -7.103387179085985e-05, -0.06633119285106659, -0.0026282041799277067], "velocity_world": [-0.09367255866527557, 0.04154369980096817, 0.0], "yaw_rad": null, "xy_error_m": 0.03354347497224808, "scan_match_score": 0.9332536977663943, "scan_inliers": 0, "used_prediction_only": false}}, "intruder_estimate": {"detected": true, "position_world": [0.7733640074729919, 2.272311210632324, 1.085544466972351], "confidence": 0.30456159114837644, "camera_detections": 8, "lidar_detections": 2}, "input_summary": {"dog_imus": ["go2_dog_1", "go2_dog_2"], "dog_lidars": ["dog1_lidar", "dog2_lidar"], "cameras": ["cam_e_lower", "cam_e_upper", "cam_ne", "cam_nw", "cam_se", "cam_sw", "dog1_cam", "dog2_cam"], "ground_truth": ["go2_dog_1", "go2_dog_2", "suspect"]}}}