{"record_type": "perception_result", "recorded_wall_time": 1777599396.6336825, "result": {"source_module": "perception", "pipeline": "perception_pipeline_v1", "step": 1564, "timestamp": 7.82, "dogs": {"agent_1": {"detected": true, "localized": true, "position_world": [-1.602565884590149, -2.13572359085083, 0.41999998688697815], "orientation_world": [0.9796333312988281, -0.013453739695250988, -0.009372030384838581, -0.20012420415878296], "velocity_world": [0.10795202851295471, -0.08164487034082413, 0.0], "yaw_rad": null, "xy_error_m": 0.00891109649091959, "scan_match_score": 0.9325781718288532, "scan_inliers": 0, "used_prediction_only": false}, "agent_2": {"detected": true, "localized": true, "position_world": [-1.7363930940628052, 1.3354524374008179, 0.41999998688697815], "orientation_world": [0.9408652186393738, -0.007629308383911848, -0.05746190622448921, -0.3337852358818054], "velocity_world": [-0.011218363419175148, 0.003895093686878681, 0.0], "yaw_rad": null, "xy_error_m": 0.013354174792766571, "scan_match_score": 0.9339574417951529, "scan_inliers": 0, "used_prediction_only": false}}, "intruder_estimate": {"detected": true, "position_world": [3.457200765609741, 0.8721891641616821, 1.1616045236587524], "confidence": 0.3308644533157349, "camera_detections": 8, "lidar_detections": 2}, "input_summary": {"dog_imus": ["go2_dog_1", "go2_dog_2"], "dog_lidars": ["dog1_lidar", "dog2_lidar"], "cameras": ["cam_e_lower", "cam_e_upper", "cam_ne", "cam_nw", "cam_se", "cam_sw", "dog1_cam", "dog2_cam"], "ground_truth": ["go2_dog_1", "go2_dog_2", "suspect"]}}}