{"record_type": "perception_result", "recorded_wall_time": 1777598468.628413, "result": {"source_module": "perception", "pipeline": "perception_pipeline_v1", "step": 2060, "timestamp": 10.3, "dogs": {"agent_1": {"detected": true, "localized": true, "position_world": [-2.10146164894104, -2.013762950897217, 0.41999998688697815], "orientation_world": [0.9999085068702698, 0.00032138769165612757, 0.013161213137209415, 0.003111895639449358], "velocity_world": [0.004808902740478516, -0.0007128715515136719, 0.0], "yaw_rad": null, "xy_error_m": 0.013761358335614204, "scan_match_score": 0.9321768669624634, "scan_inliers": 0, "used_prediction_only": false}, "agent_2": {"detected": true, "localized": true, "position_world": [-2.0907034873962402, 1.599356770515442, 0.41999998688697815], "orientation_world": [0.9999105930328369, 0.00034513132413849235, 0.01315061841160059, -0.0024108579382300377], "velocity_world": [0.00324249267578125, -0.0008976459503173828, 0.0], "yaw_rad": null, "xy_error_m": 0.00920309592038393, "scan_match_score": 0.9329078115658656, "scan_inliers": 0, "used_prediction_only": false}}, "intruder_estimate": {"detected": true, "position_world": [3.206882953643799, 1.8834096193313599, 1.0908095836639404], "confidence": 0.23086414337158204, "camera_detections": 8, "lidar_detections": 2}, "input_summary": {"dog_imus": ["go2_dog_1", "go2_dog_2"], "dog_lidars": ["dog1_lidar", "dog2_lidar"], "cameras": ["cam_e_lower", "cam_e_upper", "cam_ne", "cam_nw", "cam_se", "cam_sw", "dog1_cam", "dog2_cam"], "ground_truth": ["go2_dog_1", "go2_dog_2", "suspect"]}}}