{"record_type": "perception_result", "recorded_wall_time": 1777599351.2875805, "result": {"source_module": "perception", "pipeline": "perception_pipeline_v1", "step": 1456, "timestamp": 7.28, "dogs": {"agent_1": {"detected": true, "localized": true, "position_world": [-1.586133599281311, -2.1276893615722656, 0.41999998688697815], "orientation_world": [0.9806500673294067, -0.010979573242366314, -0.02211586944758892, -0.1942056119441986], "velocity_world": [-0.0653553456068039, -0.03735017776489258, 0.0], "yaw_rad": null, "xy_error_m": 0.005406503565609455, "scan_match_score": 0.934515731111258, "scan_inliers": 0, "used_prediction_only": false}, "agent_2": {"detected": true, "localized": true, "position_world": [-1.7189891338348389, 1.336254596710205, 0.41999998688697815], "orientation_world": [0.9444832801818848, -0.008444486185908318, -0.05973266065120697, -0.32297393679618835], "velocity_world": [-0.024283958598971367, 0.01492770854383707, 0.0], "yaw_rad": null, "xy_error_m": 0.006104710977524519, "scan_match_score": 0.9310090426654436, "scan_inliers": 0, "used_prediction_only": false}}, "intruder_estimate": {"detected": true, "position_world": [3.5113556385040283, 0.6552649736404419, 1.1954094171524048], "confidence": 0.31997663974761964, "camera_detections": 8, "lidar_detections": 2}, "input_summary": {"dog_imus": ["go2_dog_1", "go2_dog_2"], "dog_lidars": ["dog1_lidar", "dog2_lidar"], "cameras": ["cam_e_lower", "cam_e_upper", "cam_ne", "cam_nw", "cam_se", "cam_sw", "dog1_cam", "dog2_cam"], "ground_truth": ["go2_dog_1", "go2_dog_2", "suspect"]}}}