{"record_type": "perception_result", "recorded_wall_time": 1777599720.4200726, "result": {"source_module": "perception", "pipeline": "perception_pipeline_v1", "step": 148, "timestamp": 0.74, "dogs": {"agent_1": {"detected": true, "localized": true, "position_world": [-1.9302585124969482, -1.9876062870025635, 0.41999998688697815], "orientation_world": [0.9997221231460571, -4.841358895646408e-05, -0.022819101810455322, 0.005915193818509579], "velocity_world": [0.21487686038017273, -0.10052737593650818, 0.0], "yaw_rad": null, "xy_error_m": 0.011581146158277988, "scan_match_score": 0.9343650499749135, "scan_inliers": 0, "used_prediction_only": false}, "agent_2": {"detected": true, "localized": true, "position_world": [-1.967200756072998, 1.5941882133483887, 0.41999998688697815], "orientation_world": [0.9996996521949768, -0.005149602424353361, -0.02390241250395775, -0.001680696033872664], "velocity_world": [0.015387166291475296, -0.04064461961388588, 0.0], "yaw_rad": null, "xy_error_m": 0.012241504155099392, "scan_match_score": 0.9354751249828746, "scan_inliers": 0, "used_prediction_only": false}}, "intruder_estimate": {"detected": true, "position_world": [2.2233402729034424, -0.46964991092681885, 1.2813612222671509], "confidence": 0.2600646734237671, "camera_detections": 8, "lidar_detections": 2}, "input_summary": {"dog_imus": ["go2_dog_1", "go2_dog_2"], "dog_lidars": ["dog1_lidar", "dog2_lidar"], "cameras": ["cam_e_lower", "cam_e_upper", "cam_ne", "cam_nw", "cam_se", "cam_sw", "dog1_cam", "dog2_cam"], "ground_truth": ["go2_dog_1", "go2_dog_2", "suspect"]}}}