{"record_type": "perception_result", "recorded_wall_time": 1777598972.5747607, "result": {"source_module": "perception", "pipeline": "perception_pipeline_v1", "step": 552, "timestamp": 2.7600000000000002, "dogs": {"agent_1": {"detected": true, "localized": true, "position_world": [-1.6457360982894897, -2.063830614089966, 0.41999998688697815], "orientation_world": [0.9899090528488159, -0.07735801488161087, -0.07115097343921661, -0.09504451602697372], "velocity_world": [0.09401512145996094, 0.03356383740901947, 0.0], "yaw_rad": null, "xy_error_m": 0.0033400896936655045, "scan_match_score": 0.9374114186250158, "scan_inliers": 0, "used_prediction_only": false}, "agent_2": {"detected": true, "localized": true, "position_world": [-1.8443800210952759, 1.360392451286316, 0.41999998688697815], "orientation_world": [0.9755656123161316, -0.11372578889131546, -0.023254092782735825, -0.18654076755046844], "velocity_world": [0.13923272490501404, -0.3229355812072754, 0.0], "yaw_rad": null, "xy_error_m": 0.021002626046538353, "scan_match_score": 0.9324910260521244, "scan_inliers": 0, "used_prediction_only": false}}, "intruder_estimate": {"detected": false, "position_world": [1.9828109741210938, 2.168731927871704, 1.140650749206543], "confidence": 0.0, "camera_detections": 8, "lidar_detections": 2}, "input_summary": {"dog_imus": ["go2_dog_1", "go2_dog_2"], "dog_lidars": ["dog1_lidar", "dog2_lidar"], "cameras": ["cam_e_lower", "cam_e_upper", "cam_ne", "cam_nw", "cam_se", "cam_sw", "dog1_cam", "dog2_cam"], "ground_truth": ["go2_dog_1", "go2_dog_2", "suspect"]}}}