{"record_type": "perception_result", "recorded_wall_time": 1777599183.5906258, "result": {"source_module": "perception", "pipeline": "perception_pipeline_v1", "step": 1056, "timestamp": 5.28, "dogs": {"agent_1": {"detected": true, "localized": true, "position_world": [-1.517647385597229, -2.1683108806610107, 0.41999998688697815], "orientation_world": [0.9781473278999329, -0.013662165030837059, -0.03252669423818588, -0.20489788055419922], "velocity_world": [0.017997220158576965, 0.042492762207984924, 0.0], "yaw_rad": null, "xy_error_m": 0.017631689086556435, "scan_match_score": 0.9334296931140801, "scan_inliers": 0, "used_prediction_only": false}, "agent_2": {"detected": true, "localized": true, "position_world": [-1.7033469676971436, 1.300374150276184, 0.41999998688697815], "orientation_world": [0.9495844841003418, -0.0010825317585840821, -0.062050510197877884, -0.3073074221611023], "velocity_world": [-0.01918904483318329, 0.08712628483772278, 0.0], "yaw_rad": null, "xy_error_m": 0.0225862804800272, "scan_match_score": 0.936542668992489, "scan_inliers": 0, "used_prediction_only": false}}, "intruder_estimate": {"detected": true, "position_world": [3.7669150829315186, -0.10577236860990524, 1.1955432891845703], "confidence": 0.25548367500305175, "camera_detections": 8, "lidar_detections": 2}, "input_summary": {"dog_imus": ["go2_dog_1", "go2_dog_2"], "dog_lidars": ["dog1_lidar", "dog2_lidar"], "cameras": ["cam_e_lower", "cam_e_upper", "cam_ne", "cam_nw", "cam_se", "cam_sw", "dog1_cam", "dog2_cam"], "ground_truth": ["go2_dog_1", "go2_dog_2", "suspect"]}}}