{"record_type": "perception_result", "recorded_wall_time": 1777598994.2843444, "result": {"source_module": "perception", "pipeline": "perception_pipeline_v1", "step": 604, "timestamp": 3.02, "dogs": {"agent_1": {"detected": true, "localized": true, "position_world": [-1.6055837869644165, -2.065049409866333, 0.41999998688697815], "orientation_world": [0.9897748231887817, -0.06291250884532928, -0.06709367036819458, -0.10902415215969086], "velocity_world": [0.018654249608516693, 0.004529211670160294, 0.0], "yaw_rad": null, "xy_error_m": 0.004421859979629517, "scan_match_score": 0.9366345085234967, "scan_inliers": 0, "used_prediction_only": false}, "agent_2": {"detected": true, "localized": true, "position_world": [-1.8407076597213745, 1.3796160221099854, 0.41999998688697815], "orientation_world": [0.9701541066169739, -0.1243206113576889, -0.01770704612135887, -0.20744137465953827], "velocity_world": [-0.07659493386745453, 0.10122884809970856, 0.0], "yaw_rad": null, "xy_error_m": 0.007512181997299194, "scan_match_score": 0.9318651124427012, "scan_inliers": 0, "used_prediction_only": false}}, "intruder_estimate": {"detected": true, "position_world": [3.178858518600464, -0.3422778844833374, 1.1560205221176147], "confidence": 0.16283124685287476, "camera_detections": 8, "lidar_detections": 2}, "input_summary": {"dog_imus": ["go2_dog_1", "go2_dog_2"], "dog_lidars": ["dog1_lidar", "dog2_lidar"], "cameras": ["cam_e_lower", "cam_e_upper", "cam_ne", "cam_nw", "cam_se", "cam_sw", "dog1_cam", "dog2_cam"], "ground_truth": ["go2_dog_1", "go2_dog_2", "suspect"]}}}