{"record_type": "perception_result", "recorded_wall_time": 1777599264.2534401, "result": {"source_module": "perception", "pipeline": "perception_pipeline_v1", "step": 1248, "timestamp": 6.24, "dogs": {"agent_1": {"detected": true, "localized": true, "position_world": [-1.561169147491455, -2.142303943634033, 0.41999998688697815], "orientation_world": [0.9771745204925537, -0.01690097525715828, -0.015915654599666595, -0.21116599440574646], "velocity_world": [-0.03088502213358879, 0.14896082878112793, 0.0], "yaw_rad": null, "xy_error_m": 0.016285642981529236, "scan_match_score": 0.9345980579394431, "scan_inliers": 0, "used_prediction_only": false}, "agent_2": {"detected": true, "localized": true, "position_world": [-1.716935157775879, 1.3128852844238281, 0.41999998688697815], "orientation_world": [0.9493594169616699, -0.011824412271380424, -0.05631021782755852, -0.308878630399704], "velocity_world": [-0.05444994196295738, 0.020069586113095284, 0.0], "yaw_rad": null, "xy_error_m": 0.019063318148255348, "scan_match_score": 0.9368706804669521, "scan_inliers": 0, "used_prediction_only": false}}, "intruder_estimate": {"detected": true, "position_world": [3.61232852935791, 0.2251041978597641, 1.2363618612289429], "confidence": 0.29409151077270507, "camera_detections": 8, "lidar_detections": 2}, "input_summary": {"dog_imus": ["go2_dog_1", "go2_dog_2"], "dog_lidars": ["dog1_lidar", "dog2_lidar"], "cameras": ["cam_e_lower", "cam_e_upper", "cam_ne", "cam_nw", "cam_se", "cam_sw", "dog1_cam", "dog2_cam"], "ground_truth": ["go2_dog_1", "go2_dog_2", "suspect"]}}}