{"record_type": "perception_result", "recorded_wall_time": 1777599503.538938, "result": {"source_module": "perception", "pipeline": "perception_pipeline_v1", "step": 1820, "timestamp": 9.1, "dogs": {"agent_1": {"detected": true, "localized": true, "position_world": [-1.6541242599487305, -2.1342971324920654, 0.41999998688697815], "orientation_world": [0.9759195446968079, -0.047801557928323746, -0.0253207478672266, -0.21131698787212372], "velocity_world": [-0.023084960877895355, -0.043932899832725525, 0.0], "yaw_rad": null, "xy_error_m": 0.006485411431640387, "scan_match_score": 0.9398300503492464, "scan_inliers": 0, "used_prediction_only": false}, "agent_2": {"detected": true, "localized": true, "position_world": [-1.7074917554855347, 1.3520008325576782, 0.41999998688697815], "orientation_world": [0.9429933428764343, -0.07850351184606552, 0.004550623707473278, -0.32338833808898926], "velocity_world": [-0.10440006107091904, -0.036295268684625626, 0.0], "yaw_rad": null, "xy_error_m": 0.01228510495275259, "scan_match_score": 0.9330402982577545, "scan_inliers": 0, "used_prediction_only": false}}, "intruder_estimate": {"detected": true, "position_world": [3.3688724040985107, 1.3523279428482056, 1.2069556713104248], "confidence": 0.24068846702575683, "camera_detections": 8, "lidar_detections": 2}, "input_summary": {"dog_imus": ["go2_dog_1", "go2_dog_2"], "dog_lidars": ["dog1_lidar", "dog2_lidar"], "cameras": ["cam_e_lower", "cam_e_upper", "cam_ne", "cam_nw", "cam_se", "cam_sw", "dog1_cam", "dog2_cam"], "ground_truth": ["go2_dog_1", "go2_dog_2", "suspect"]}}}