{"record_type": "perception_result", "recorded_wall_time": 1777598451.8904996, "result": {"source_module": "perception", "pipeline": "perception_pipeline_v1", "step": 2020, "timestamp": 10.1, "dogs": {"agent_1": {"detected": true, "localized": true, "position_world": [-2.1020641326904297, -2.0128302574157715, 0.41999998688697815], "orientation_world": [0.9999088644981384, 0.0003272213798481971, 0.01317087933421135, 0.0029574064537882805], "velocity_world": [0.0003147125244140625, -3.0199689717846923e-05, 0.0], "yaw_rad": null, "xy_error_m": 0.012886753305792809, "scan_match_score": 0.9326563218392614, "scan_inliers": 0, "used_prediction_only": false}, "agent_2": {"detected": true, "localized": true, "position_world": [-2.0911550521850586, 1.599423885345459, 0.41999998688697815], "orientation_world": [0.9999105334281921, 0.0003499771119095385, 0.01315893605351448, -0.002383317332714796], "velocity_world": [0.000133514404296875, 0.0006683667888864875, 0.0], "yaw_rad": null, "xy_error_m": 0.008978174068033695, "scan_match_score": 0.933071073404647, "scan_inliers": 0, "used_prediction_only": false}}, "intruder_estimate": {"detected": true, "position_world": [3.261829376220703, 1.785897970199585, 1.0890001058578491], "confidence": 0.23628411293029786, "camera_detections": 8, "lidar_detections": 2}, "input_summary": {"dog_imus": ["go2_dog_1", "go2_dog_2"], "dog_lidars": ["dog1_lidar", "dog2_lidar"], "cameras": ["cam_e_lower", "cam_e_upper", "cam_ne", "cam_nw", "cam_se", "cam_sw", "dog1_cam", "dog2_cam"], "ground_truth": ["go2_dog_1", "go2_dog_2", "suspect"]}}}