{"record_type": "perception_result", "recorded_wall_time": 1777599141.8832242, "result": {"source_module": "perception", "pipeline": "perception_pipeline_v1", "step": 956, "timestamp": 4.78, "dogs": {"agent_1": {"detected": true, "localized": true, "position_world": [-1.4844255447387695, -2.1427664756774902, 0.41999998688697815], "orientation_world": [0.9803957343101501, -0.012010774575173855, -0.03451354429125786, -0.19362027943134308], "velocity_world": [-0.002640332095324993, 0.008897926658391953, 0.0], "yaw_rad": null, "xy_error_m": 0.009438084438443184, "scan_match_score": 0.9363514054558876, "scan_inliers": 0, "used_prediction_only": false}, "agent_2": {"detected": true, "localized": true, "position_world": [-1.698410987854004, 1.297401785850525, 0.41999998688697815], "orientation_world": [0.9505758881568909, -0.01152358204126358, -0.05632996931672096, -0.30512237548828125], "velocity_world": [-0.018546748906373978, -0.06183597445487976, 0.0], "yaw_rad": null, "xy_error_m": 0.02610970102250576, "scan_match_score": 0.9374301065359248, "scan_inliers": 0, "used_prediction_only": false}}, "intruder_estimate": {"detected": true, "position_world": [3.759165048599243, -0.401545912027359, 1.1553857326507568], "confidence": 0.15858685970306396, "camera_detections": 8, "lidar_detections": 2}, "input_summary": {"dog_imus": ["go2_dog_1", "go2_dog_2"], "dog_lidars": ["dog1_lidar", "dog2_lidar"], "cameras": ["cam_e_lower", "cam_e_upper", "cam_ne", "cam_nw", "cam_se", "cam_sw", "dog1_cam", "dog2_cam"], "ground_truth": ["go2_dog_1", "go2_dog_2", "suspect"]}}}