{"record_type": "perception_result", "recorded_wall_time": 1777598476.9782288, "result": {"source_module": "perception", "pipeline": "perception_pipeline_v1", "step": 2080, "timestamp": 10.4, "dogs": {"agent_1": {"detected": true, "localized": true, "position_world": [-2.1017191410064697, -2.0132858753204346, 0.41999998688697815], "orientation_world": [0.9999089241027832, 0.00031938220490701497, 0.013119890354573727, 0.003151979297399521], "velocity_world": [2.384185791015625e-05, -9.5367431640625e-06, 0.0], "yaw_rad": null, "xy_error_m": 0.013324297033250332, "scan_match_score": 0.9325973305631836, "scan_inliers": 0, "used_prediction_only": false}, "agent_2": {"detected": true, "localized": true, "position_world": [-2.0908563137054443, 1.5995206832885742, 0.41999998688697815], "orientation_world": [0.9999111890792847, 0.0003417436091694981, 0.013107381761074066, -0.002398912562057376], "velocity_world": [0.0040531158447265625, 0.0006639957427978516, 0.0], "yaw_rad": null, "xy_error_m": 0.009012816473841667, "scan_match_score": 0.9333040110701407, "scan_inliers": 0, "used_prediction_only": false}}, "intruder_estimate": {"detected": true, "position_world": [3.1755621433258057, 1.9066312313079834, 1.0863441228866577], "confidence": 0.22193636894226074, "camera_detections": 8, "lidar_detections": 2}, "input_summary": {"dog_imus": ["go2_dog_1", "go2_dog_2"], "dog_lidars": ["dog1_lidar", "dog2_lidar"], "cameras": ["cam_e_lower", "cam_e_upper", "cam_ne", "cam_nw", "cam_se", "cam_sw", "dog1_cam", "dog2_cam"], "ground_truth": ["go2_dog_1", "go2_dog_2", "suspect"]}}}