{"record_type": "perception_result", "recorded_wall_time": 1777599415.086986, "result": {"source_module": "perception", "pipeline": "perception_pipeline_v1", "step": 1608, "timestamp": 8.040000000000001, "dogs": {"agent_1": {"detected": true, "localized": true, "position_world": [-1.6113828420639038, -2.1177289485931396, 0.41999998688697815], "orientation_world": [0.9793097376823425, -0.03568345680832863, -0.02672121673822403, -0.19739581644535065], "velocity_world": [0.02057376317679882, 0.12474830448627472, 0.0], "yaw_rad": null, "xy_error_m": 0.0036701958160847425, "scan_match_score": 0.9344895814364756, "scan_inliers": 0, "used_prediction_only": false}, "agent_2": {"detected": true, "localized": true, "position_world": [-1.727762222290039, 1.3266749382019043, 0.41999998688697815], "orientation_world": [0.9408866763114929, -0.02102978713810444, -0.0421636700630188, -0.33542847633361816], "velocity_world": [0.008830100297927856, -0.0066278777085244656, 0.0], "yaw_rad": null, "xy_error_m": 0.012631443329155445, "scan_match_score": 0.9337642481293487, "scan_inliers": 0, "used_prediction_only": false}}, "intruder_estimate": {"detected": true, "position_world": [3.4392693042755127, 0.9539031386375427, 1.157133936882019], "confidence": 0.3327957630157471, "camera_detections": 8, "lidar_detections": 2}, "input_summary": {"dog_imus": ["go2_dog_1", "go2_dog_2"], "dog_lidars": ["dog1_lidar", "dog2_lidar"], "cameras": ["cam_e_lower", "cam_e_upper", "cam_ne", "cam_nw", "cam_se", "cam_sw", "dog1_cam", "dog2_cam"], "ground_truth": ["go2_dog_1", "go2_dog_2", "suspect"]}}}