{"record_type": "perception_result", "recorded_wall_time": 1777599347.9442563, "result": {"source_module": "perception", "pipeline": "perception_pipeline_v1", "step": 1448, "timestamp": 7.24, "dogs": {"agent_1": {"detected": true, "localized": true, "position_world": [-1.5831581354141235, -2.126620292663574, 0.41999998688697815], "orientation_world": [0.9806254506111145, -0.01627221144735813, -0.02153674140572548, -0.19402340054512024], "velocity_world": [-0.035263121128082275, -0.024094071239233017, 0.0], "yaw_rad": null, "xy_error_m": 0.005964833311736584, "scan_match_score": 0.9360020801685491, "scan_inliers": 0, "used_prediction_only": false}, "agent_2": {"detected": true, "localized": true, "position_world": [-1.718408465385437, 1.3354597091674805, 0.41999998688697815], "orientation_world": [0.9445862174034119, -0.013724040240049362, -0.05348717048764229, -0.3235856294631958], "velocity_world": [-0.00582016259431839, -0.019761823117733, 0.0], "yaw_rad": null, "xy_error_m": 0.005952361039817333, "scan_match_score": 0.9307025685158758, "scan_inliers": 0, "used_prediction_only": false}}, "intruder_estimate": {"detected": true, "position_world": [3.5164237022399902, 0.6348575353622437, 1.1970568895339966], "confidence": 0.3134344816207886, "camera_detections": 8, "lidar_detections": 2}, "input_summary": {"dog_imus": ["go2_dog_1", "go2_dog_2"], "dog_lidars": ["dog1_lidar", "dog2_lidar"], "cameras": ["cam_e_lower", "cam_e_upper", "cam_ne", "cam_nw", "cam_se", "cam_sw", "dog1_cam", "dog2_cam"], "ground_truth": ["go2_dog_1", "go2_dog_2", "suspect"]}}}