{"record_type": "perception_result", "recorded_wall_time": 1777598965.7928126, "result": {"source_module": "perception", "pipeline": "perception_pipeline_v1", "step": 536, "timestamp": 2.68, "dogs": {"agent_1": {"detected": true, "localized": true, "position_world": [-1.6558165550231934, -2.0691323280334473, 0.41999998688697815], "orientation_world": [0.9902162551879883, -0.07793435454368591, -0.0657903179526329, -0.09523452818393707], "velocity_world": [0.11846858263015747, 0.015315609984099865, 0.0], "yaw_rad": null, "xy_error_m": 0.008742972277104855, "scan_match_score": 0.9358031533019023, "scan_inliers": 0, "used_prediction_only": false}, "agent_2": {"detected": true, "localized": true, "position_world": [-1.850376844406128, 1.3845614194869995, 0.41999998688697815], "orientation_world": [0.9785728454589844, -0.10467506945133209, -0.027110444381833076, -0.17522375285625458], "velocity_world": [0.12375086545944214, -0.22280311584472656, 0.0], "yaw_rad": null, "xy_error_m": 0.013798363506793976, "scan_match_score": 0.9299500801484739, "scan_inliers": 0, "used_prediction_only": false}}, "intruder_estimate": {"detected": false, "position_world": [2.0091779232025146, 2.0183005332946777, 1.1368417739868164], "confidence": 0.0, "camera_detections": 8, "lidar_detections": 2}, "input_summary": {"dog_imus": ["go2_dog_1", "go2_dog_2"], "dog_lidars": ["dog1_lidar", "dog2_lidar"], "cameras": ["cam_e_lower", "cam_e_upper", "cam_ne", "cam_nw", "cam_se", "cam_sw", "dog1_cam", "dog2_cam"], "ground_truth": ["go2_dog_1", "go2_dog_2", "suspect"]}}}