{"record_type": "perception_result", "recorded_wall_time": 1777600023.2303658, "result": {"source_module": "perception", "pipeline": "perception_pipeline_v1", "step": 76, "timestamp": 0.38, "dogs": {"agent_1": {"detected": true, "localized": true, "position_world": [-1.9697586297988892, -2.0010952949523926, 0.41999998688697815], "orientation_world": [0.9996824264526367, -0.011229332536458969, -0.022541671991348267, 0.0008741450146771967], "velocity_world": [0.04903300106525421, 0.06317447870969772, 0.0], "yaw_rad": null, "xy_error_m": 0.011635344475507736, "scan_match_score": 0.9360748657425898, "scan_inliers": 0, "used_prediction_only": false}, "agent_2": {"detected": true, "localized": true, "position_world": [-1.969866394996643, 1.5831921100616455, 0.41999998688697815], "orientation_world": [0.9997976422309875, 0.010051124729216099, -0.017335696145892143, 0.001776723307557404], "velocity_world": [0.07811121642589569, -0.004025697708129883, 0.0], "yaw_rad": null, "xy_error_m": 0.01153471413999796, "scan_match_score": 0.9321573770794331, "scan_inliers": 0, "used_prediction_only": false}}, "intruder_estimate": {"detected": true, "position_world": [2.034485101699829, -0.4910327196121216, 1.328001618385315], "confidence": 0.2640326738357544, "camera_detections": 8, "lidar_detections": 2}, "input_summary": {"dog_imus": ["go2_dog_1", "go2_dog_2"], "dog_lidars": ["dog1_lidar", "dog2_lidar"], "cameras": ["cam_e_lower", "cam_e_upper", "cam_ne", "cam_nw", "cam_se", "cam_sw", "dog1_cam", "dog2_cam"], "ground_truth": ["go2_dog_1", "go2_dog_2", "suspect"]}}}