{"record_type": "perception_result", "recorded_wall_time": 1777595662.2541132, "result": {"source_module": "perception", "pipeline": "perception_pipeline_v1", "step": 124, "timestamp": 0.62, "dogs": {"agent_1": {"detected": true, "localized": true, "position_world": [-2.158867359161377, -1.9989902973175049, 0.41999998688697815], "orientation_world": [0.9962007403373718, 9.035041875904426e-05, -0.08708652853965759, -0.000198961075511761], "velocity_world": [-0.08251841366291046, 0.0027706536930054426, 0.0], "yaw_rad": null, "xy_error_m": 0.05911305919289589, "scan_match_score": 0.9321795230637654, "scan_inliers": 0, "used_prediction_only": false}, "agent_2": {"detected": true, "localized": true, "position_world": [-2.136039972305298, 1.6011871099472046, 0.41999998688697815], "orientation_world": [0.9961974620819092, -0.0001166153306257911, -0.08708592504262924, -0.002567891264334321], "velocity_world": [-0.06078708544373512, -0.015490286983549595, 0.0], "yaw_rad": null, "xy_error_m": 0.036297135055065155, "scan_match_score": 0.9339726267287587, "scan_inliers": 0, "used_prediction_only": false}}, "intruder_estimate": {"detected": true, "position_world": [1.8347954750061035, 2.0344159603118896, 1.0821645259857178], "confidence": 0.2816992044448853, "camera_detections": 8, "lidar_detections": 2}, "input_summary": {"dog_imus": ["go2_dog_1", "go2_dog_2"], "dog_lidars": ["dog1_lidar", "dog2_lidar"], "cameras": ["cam_e_lower", "cam_e_upper", "cam_ne", "cam_nw", "cam_se", "cam_sw", "dog1_cam", "dog2_cam"], "ground_truth": ["go2_dog_1", "go2_dog_2", "suspect"]}}}