{"record_type": "perception_result", "recorded_wall_time": 1777599445.0666933, "result": {"source_module": "perception", "pipeline": "perception_pipeline_v1", "step": 1680, "timestamp": 8.4, "dogs": {"agent_1": {"detected": true, "localized": true, "position_world": [-1.626268744468689, -2.1275997161865234, 0.41999998688697815], "orientation_world": [0.9762372970581055, -0.02347053401172161, -0.018291611224412918, -0.2146516591310501], "velocity_world": [0.03294377028942108, -0.03893544152379036, 0.0], "yaw_rad": null, "xy_error_m": 0.00221843714825809, "scan_match_score": 0.9384941820214878, "scan_inliers": 0, "used_prediction_only": false}, "agent_2": {"detected": true, "localized": true, "position_world": [-1.734554409980774, 1.341355562210083, 0.41999998688697815], "orientation_world": [0.9391871094703674, -0.062460411339998245, -0.005987845826894045, -0.33762460947036743], "velocity_world": [-0.025693021714687347, 0.013308227062225342, 0.0], "yaw_rad": null, "xy_error_m": 0.01274081226438284, "scan_match_score": 0.9340444719817864, "scan_inliers": 0, "used_prediction_only": false}}, "intruder_estimate": {"detected": true, "position_world": [3.428241014480591, 1.080701231956482, 1.1597808599472046], "confidence": 0.3299558639526367, "camera_detections": 8, "lidar_detections": 2}, "input_summary": {"dog_imus": ["go2_dog_1", "go2_dog_2"], "dog_lidars": ["dog1_lidar", "dog2_lidar"], "cameras": ["cam_e_lower", "cam_e_upper", "cam_ne", "cam_nw", "cam_se", "cam_sw", "dog1_cam", "dog2_cam"], "ground_truth": ["go2_dog_1", "go2_dog_2", "suspect"]}}}