{"record_type": "perception_result", "recorded_wall_time": 1777599712.1390376, "result": {"source_module": "perception", "pipeline": "perception_pipeline_v1", "step": 128, "timestamp": 0.64, "dogs": {"agent_1": {"detected": true, "localized": true, "position_world": [-1.9513283967971802, -1.9782958030700684, 0.41999998688697815], "orientation_world": [0.9995558857917786, -0.01557027269154787, -0.02496853657066822, 0.004720195196568966], "velocity_world": [0.22060024738311768, -0.029583683237433434, 0.0], "yaw_rad": null, "xy_error_m": 0.01530842948704958, "scan_match_score": 0.9312223130384472, "scan_inliers": 0, "used_prediction_only": false}, "agent_2": {"detected": true, "localized": true, "position_world": [-1.9706565141677856, 1.5963529348373413, 0.41999998688697815], "orientation_world": [0.999419629573822, -0.025962211191654205, -0.02204214036464691, 0.0007492241566069424], "velocity_world": [-0.04923629015684128, -0.048480648547410965, 0.0], "yaw_rad": null, "xy_error_m": 0.008237087167799473, "scan_match_score": 0.9351003760570014, "scan_inliers": 0, "used_prediction_only": false}}, "intruder_estimate": {"detected": true, "position_world": [2.18855357170105, -0.4780856668949127, 1.2977585792541504], "confidence": 0.26007082462310793, "camera_detections": 8, "lidar_detections": 2}, "input_summary": {"dog_imus": ["go2_dog_1", "go2_dog_2"], "dog_lidars": ["dog1_lidar", "dog2_lidar"], "cameras": ["cam_e_lower", "cam_e_upper", "cam_ne", "cam_nw", "cam_se", "cam_sw", "dog1_cam", "dog2_cam"], "ground_truth": ["go2_dog_1", "go2_dog_2", "suspect"]}}}