{"record_type": "perception_result", "recorded_wall_time": 1777598876.7285678, "result": {"source_module": "perception", "pipeline": "perception_pipeline_v1", "step": 324, "timestamp": 1.62, "dogs": {"agent_1": {"detected": true, "localized": true, "position_world": [-1.8091371059417725, -2.023963212966919, 0.41999998688697815], "orientation_world": [0.9971611499786377, -0.03392292559146881, -0.05362052470445633, -0.04054291918873787], "velocity_world": [0.17459547519683838, -0.11264705657958984, 0.0], "yaw_rad": null, "xy_error_m": 0.01574486307799816, "scan_match_score": 0.9315718318162848, "scan_inliers": 0, "used_prediction_only": false}, "agent_2": {"detected": true, "localized": true, "position_world": [-1.95753812789917, 1.4748027324676514, 0.41999998688697815], "orientation_world": [0.9871072769165039, -0.09300898015499115, -0.04207524284720421, -0.12328121811151505], "velocity_world": [0.10994068533182144, -0.22113384306430817, 0.0], "yaw_rad": null, "xy_error_m": 0.02839670516550541, "scan_match_score": 0.9305973236269919, "scan_inliers": 0, "used_prediction_only": false}}, "intruder_estimate": {"detected": true, "position_world": [2.397578477859497, 0.013454184867441654, 1.293961763381958], "confidence": 0.013890941441059113, "camera_detections": 8, "lidar_detections": 2}, "input_summary": {"dog_imus": ["go2_dog_1", "go2_dog_2"], "dog_lidars": ["dog1_lidar", "dog2_lidar"], "cameras": ["cam_e_lower", "cam_e_upper", "cam_ne", "cam_nw", "cam_se", "cam_sw", "dog1_cam", "dog2_cam"], "ground_truth": ["go2_dog_1", "go2_dog_2", "suspect"]}}}