{"record_type": "perception_result", "recorded_wall_time": 1777598895.1106162, "result": {"source_module": "perception", "pipeline": "perception_pipeline_v1", "step": 368, "timestamp": 1.84, "dogs": {"agent_1": {"detected": true, "localized": true, "position_world": [-1.7723218202590942, -2.020610809326172, 0.41999998688697815], "orientation_world": [0.9952970743179321, -0.0496283583343029, -0.06713806092739105, -0.049124229699373245], "velocity_world": [0.16309082508087158, -0.09923982620239258, 0.0], "yaw_rad": null, "xy_error_m": 0.007407261524349451, "scan_match_score": 0.9326631896062025, "scan_inliers": 0, "used_prediction_only": false}, "agent_2": {"detected": true, "localized": true, "position_world": [-1.9192572832107544, 1.4505493640899658, 0.41999998688697815], "orientation_world": [0.981838047504425, -0.11824416369199753, -0.043720584362745285, -0.14177754521369934], "velocity_world": [0.17710508406162262, -0.04450013488531113, 0.0], "yaw_rad": null, "xy_error_m": 0.017153872177004814, "scan_match_score": 0.9299868401979953, "scan_inliers": 0, "used_prediction_only": false}}, "intruder_estimate": {"detected": false, "position_world": [2.2728471755981445, 0.5139862895011902, 1.2692205905914307], "confidence": 0.0, "camera_detections": 8, "lidar_detections": 2}, "input_summary": {"dog_imus": ["go2_dog_1", "go2_dog_2"], "dog_lidars": ["dog1_lidar", "dog2_lidar"], "cameras": ["cam_e_lower", "cam_e_upper", "cam_ne", "cam_nw", "cam_se", "cam_sw", "dog1_cam", "dog2_cam"], "ground_truth": ["go2_dog_1", "go2_dog_2", "suspect"]}}}