{"record_type": "perception_result", "recorded_wall_time": 1777599485.1879156, "result": {"source_module": "perception", "pipeline": "perception_pipeline_v1", "step": 1776, "timestamp": 8.88, "dogs": {"agent_1": {"detected": true, "localized": true, "position_world": [-1.6453121900558472, -2.1244843006134033, 0.41999998688697815], "orientation_world": [0.9761200547218323, -0.03479905053973198, -0.033688511699438095, -0.21176333725452423], "velocity_world": [-0.03950614854693413, -0.06721914559602737, 0.0], "yaw_rad": null, "xy_error_m": 0.003345504403114319, "scan_match_score": 0.9387476836089695, "scan_inliers": 0, "used_prediction_only": false}, "agent_2": {"detected": true, "localized": true, "position_world": [-1.7243887186050415, 1.3476358652114868, 0.41999998688697815], "orientation_world": [0.9383572340011597, -0.07340504974126816, 0.013566074892878532, -0.33751049637794495], "velocity_world": [0.049964725971221924, 0.10051030665636063, 0.0], "yaw_rad": null, "xy_error_m": 0.004277658183127642, "scan_match_score": 0.9338162641523078, "scan_inliers": 0, "used_prediction_only": false}}, "intruder_estimate": {"detected": true, "position_world": [3.4137954711914062, 1.2461352348327637, 1.150368571281433], "confidence": 0.27903127670288086, "camera_detections": 8, "lidar_detections": 2}, "input_summary": {"dog_imus": ["go2_dog_1", "go2_dog_2"], "dog_lidars": ["dog1_lidar", "dog2_lidar"], "cameras": ["cam_e_lower", "cam_e_upper", "cam_ne", "cam_nw", "cam_se", "cam_sw", "dog1_cam", "dog2_cam"], "ground_truth": ["go2_dog_1", "go2_dog_2", "suspect"]}}}