{"record_type": "perception_result", "recorded_wall_time": 1777513083.531723, "result": {"source_module": "perception", "pipeline": "perception_pipeline_v1", "step": 252, "timestamp": 1.26, "dogs": {"agent_1": {"detected": true, "localized": true, "position_world": [-2.1268458366394043, -1.99807870388031, 0.41999998688697815], "orientation_world": [0.9999803304672241, 7.395091961370781e-05, 0.006272800732403994, 3.1906434742268175e-05], "velocity_world": [0.019757097586989403, -0.007257678546011448, 0.0], "yaw_rad": null, "xy_error_m": 0.015136157162487507, "scan_match_score": 0.9332989893232677, "scan_inliers": 0, "used_prediction_only": false}, "agent_2": {"detected": true, "localized": true, "position_world": [-2.114551067352295, 1.5961076021194458, 0.41999998688697815], "orientation_world": [0.9999794363975525, 8.220847666962072e-05, 0.006269580684602261, -0.0013759403955191374], "velocity_world": [0.026574134826660156, -0.004741061944514513, 0.0], "yaw_rad": null, "xy_error_m": 0.004714039620012045, "scan_match_score": 0.9336880957793421, "scan_inliers": 0, "used_prediction_only": false}}, "intruder_estimate": {"detected": true, "position_world": [-3.1160595417022705, -4.569811820983887, 1.1700081825256348], "confidence": 0.04328648425638676, "camera_detections": 8, "lidar_detections": 2}, "input_summary": {"dog_imus": ["go2_dog_1", "go2_dog_2"], "dog_lidars": ["dog1_lidar", "dog2_lidar"], "cameras": ["cam_e_lower", "cam_e_upper", "cam_ne", "cam_nw", "cam_se", "cam_sw", "dog1_cam", "dog2_cam"], "ground_truth": ["go2_dog_1", "go2_dog_2", "suspect"]}}}