{"record_type": "perception_result", "recorded_wall_time": 1777599071.7923238, "result": {"source_module": "perception", "pipeline": "perception_pipeline_v1", "step": 788, "timestamp": 3.94, "dogs": {"agent_1": {"detected": true, "localized": true, "position_world": [-1.4672144651412964, -2.1428563594818115, 0.41999998688697815], "orientation_world": [0.9872995615005493, -0.05463821813464165, -0.06083177030086517, -0.13621224462985992], "velocity_world": [0.040930867195129395, -0.12514778971672058, 0.0], "yaw_rad": null, "xy_error_m": 0.018088173121213913, "scan_match_score": 0.9356612236131244, "scan_inliers": 0, "used_prediction_only": false}, "agent_2": {"detected": true, "localized": true, "position_world": [-1.7501389980316162, 1.3037521839141846, 0.41999998688697815], "orientation_world": [0.9654955863952637, -0.09322740882635117, -0.00598184997215867, -0.24308685958385468], "velocity_world": [0.03671246021986008, 0.13256493210792542, 0.0], "yaw_rad": null, "xy_error_m": 0.013516511768102646, "scan_match_score": 0.9321158542474186, "scan_inliers": 0, "used_prediction_only": false}}, "intruder_estimate": {"detected": true, "position_world": [3.526036262512207, -0.4461042582988739, 1.1467026472091675], "confidence": 0.20396854877471923, "camera_detections": 8, "lidar_detections": 2}, "input_summary": {"dog_imus": ["go2_dog_1", "go2_dog_2"], "dog_lidars": ["dog1_lidar", "dog2_lidar"], "cameras": ["cam_e_lower", "cam_e_upper", "cam_ne", "cam_nw", "cam_se", "cam_sw", "dog1_cam", "dog2_cam"], "ground_truth": ["go2_dog_1", "go2_dog_2", "suspect"]}}}