{"record_type": "perception_result", "recorded_wall_time": 1777598898.4724362, "result": {"source_module": "perception", "pipeline": "perception_pipeline_v1", "step": 376, "timestamp": 1.8800000000000001, "dogs": {"agent_1": {"detected": true, "localized": true, "position_world": [-1.7609728574752808, -2.028090715408325, 0.41999998688697815], "orientation_world": [0.995627224445343, -0.046181462705135345, -0.06296541541814804, -0.051274821162223816], "velocity_world": [0.19369839131832123, -0.08848360180854797, 0.0], "yaw_rad": null, "xy_error_m": 0.010600742883980274, "scan_match_score": 0.9339860325687837, "scan_inliers": 0, "used_prediction_only": false}, "agent_2": {"detected": true, "localized": true, "position_world": [-1.9360183477401733, 1.4372382164001465, 0.41999998688697815], "orientation_world": [0.9826310276985168, -0.11576119065284729, -0.041153863072395325, -0.1390753984451294], "velocity_world": [-0.07432426512241364, -0.20619481801986694, 0.0], "yaw_rad": null, "xy_error_m": 0.026407143101096153, "scan_match_score": 0.9308083576746329, "scan_inliers": 0, "used_prediction_only": false}}, "intruder_estimate": {"detected": false, "position_world": [2.2596635818481445, 0.5892019867897034, 1.2591619491577148], "confidence": 0.0, "camera_detections": 8, "lidar_detections": 2}, "input_summary": {"dog_imus": ["go2_dog_1", "go2_dog_2"], "dog_lidars": ["dog1_lidar", "dog2_lidar"], "cameras": ["cam_e_lower", "cam_e_upper", "cam_ne", "cam_nw", "cam_se", "cam_sw", "dog1_cam", "dog2_cam"], "ground_truth": ["go2_dog_1", "go2_dog_2", "suspect"]}}}