{"record_type": "perception_result", "recorded_wall_time": 1777598987.5577633, "result": {"source_module": "perception", "pipeline": "perception_pipeline_v1", "step": 588, "timestamp": 2.94, "dogs": {"agent_1": {"detected": true, "localized": true, "position_world": [-1.6030036211013794, -2.0665390491485596, 0.41999998688697815], "orientation_world": [0.9904852509498596, -0.062299732118844986, -0.06412548571825027, -0.10462173819541931], "velocity_world": [0.2656609117984772, 0.03659757971763611, 0.0], "yaw_rad": null, "xy_error_m": 0.017850739881396294, "scan_match_score": 0.9332236118605263, "scan_inliers": 0, "used_prediction_only": false}, "agent_2": {"detected": true, "localized": true, "position_world": [-1.8270659446716309, 1.365944743156433, 0.41999998688697815], "orientation_world": [0.9715464115142822, -0.12034044414758682, -0.026445113122463226, -0.20227806270122528], "velocity_world": [0.15736530721187592, -0.010968662798404694, 0.0], "yaw_rad": null, "xy_error_m": 0.017481915652751923, "scan_match_score": 0.9319302869338739, "scan_inliers": 0, "used_prediction_only": false}}, "intruder_estimate": {"detected": false, "position_world": [1.930077075958252, 2.469594717025757, 1.1487926244735718], "confidence": 0.0, "camera_detections": 8, "lidar_detections": 2}, "input_summary": {"dog_imus": ["go2_dog_1", "go2_dog_2"], "dog_lidars": ["dog1_lidar", "dog2_lidar"], "cameras": ["cam_e_lower", "cam_e_upper", "cam_ne", "cam_nw", "cam_se", "cam_sw", "dog1_cam", "dog2_cam"], "ground_truth": ["go2_dog_1", "go2_dog_2", "suspect"]}}}