{"record_type": "perception_result", "recorded_wall_time": 1777599319.531467, "result": {"source_module": "perception", "pipeline": "perception_pipeline_v1", "step": 1380, "timestamp": 6.9, "dogs": {"agent_1": {"detected": true, "localized": true, "position_world": [-1.5897504091262817, -2.145583391189575, 0.41999998688697815], "orientation_world": [0.9782218933105469, -0.006862648297101259, -0.015732411295175552, -0.20685112476348877], "velocity_world": [-0.08412173390388489, 0.030061759054660797, 0.0], "yaw_rad": null, "xy_error_m": 0.013870908878743649, "scan_match_score": 0.9325754319959173, "scan_inliers": 0, "used_prediction_only": false}, "agent_2": {"detected": true, "localized": true, "position_world": [-1.7272003889083862, 1.3105007410049438, 0.41999998688697815], "orientation_world": [0.9456211924552917, -0.005000310484319925, -0.058324892073869705, -0.3199590742588043], "velocity_world": [-0.04772358387708664, -0.017224028706550598, 0.0], "yaw_rad": null, "xy_error_m": 0.03211774304509163, "scan_match_score": 0.9288168340412399, "scan_inliers": 0, "used_prediction_only": false}}, "intruder_estimate": {"detected": true, "position_world": [3.5508289337158203, 0.5007378458976746, 1.2085976600646973], "confidence": 0.3102407932281494, "camera_detections": 8, "lidar_detections": 2}, "input_summary": {"dog_imus": ["go2_dog_1", "go2_dog_2"], "dog_lidars": ["dog1_lidar", "dog2_lidar"], "cameras": ["cam_e_lower", "cam_e_upper", "cam_ne", "cam_nw", "cam_se", "cam_sw", "dog1_cam", "dog2_cam"], "ground_truth": ["go2_dog_1", "go2_dog_2", "suspect"]}}}