{"record_type": "perception_result", "recorded_wall_time": 1777599506.8908432, "result": {"source_module": "perception", "pipeline": "perception_pipeline_v1", "step": 1828, "timestamp": 9.14, "dogs": {"agent_1": {"detected": true, "localized": true, "position_world": [-1.657240629196167, -2.136927604675293, 0.41999998688697815], "orientation_world": [0.9760319590568542, -0.05169256031513214, -0.022051630541682243, -0.21024568378925323], "velocity_world": [-0.004996253177523613, -0.042873017489910126, 0.0], "yaw_rad": null, "xy_error_m": 0.005963452160358429, "scan_match_score": 0.9407292313496688, "scan_inliers": 0, "used_prediction_only": false}, "agent_2": {"detected": true, "localized": true, "position_world": [-1.7107956409454346, 1.3454010486602783, 0.41999998688697815], "orientation_world": [0.9417676329612732, -0.08865777403116226, 0.008424042724072933, -0.324256956577301], "velocity_world": [-0.0822920948266983, -0.08121322840452194, 0.0], "yaw_rad": null, "xy_error_m": 0.015072708018124104, "scan_match_score": 0.932458493373103, "scan_inliers": 0, "used_prediction_only": false}}, "intruder_estimate": {"detected": true, "position_world": [3.3573052883148193, 1.3888733386993408, 1.1965982913970947], "confidence": 0.24428682327270507, "camera_detections": 8, "lidar_detections": 2}, "input_summary": {"dog_imus": ["go2_dog_1", "go2_dog_2"], "dog_lidars": ["dog1_lidar", "dog2_lidar"], "cameras": ["cam_e_lower", "cam_e_upper", "cam_ne", "cam_nw", "cam_se", "cam_sw", "dog1_cam", "dog2_cam"], "ground_truth": ["go2_dog_1", "go2_dog_2", "suspect"]}}}