{"record_type": "perception_result", "recorded_wall_time": 1777599126.8270416, "result": {"source_module": "perception", "pipeline": "perception_pipeline_v1", "step": 920, "timestamp": 4.6000000000000005, "dogs": {"agent_1": {"detected": true, "localized": true, "position_world": [-1.481567144393921, -2.152674674987793, 0.41999998688697815], "orientation_world": [0.9790343046188354, -0.01609538123011589, -0.03883280232548714, -0.19931085407733917], "velocity_world": [-0.03404022753238678, 0.053040336817502975, 0.0], "yaw_rad": null, "xy_error_m": 0.007400025147944689, "scan_match_score": 0.93345417698251, "scan_inliers": 0, "used_prediction_only": false}, "agent_2": {"detected": true, "localized": true, "position_world": [-1.6955742835998535, 1.3098596334457397, 0.41999998688697815], "orientation_world": [0.9514687657356262, -0.026851734146475792, -0.049749068915843964, -0.3025081753730774], "velocity_world": [0.030796527862548828, 0.014929771423339844, 0.0], "yaw_rad": null, "xy_error_m": 0.028542784973978996, "scan_match_score": 0.9368041781102827, "scan_inliers": 0, "used_prediction_only": false}}, "intruder_estimate": {"detected": true, "position_world": [3.749418258666992, -0.46060511469841003, 1.1533048152923584], "confidence": 0.16354318857192993, "camera_detections": 8, "lidar_detections": 2}, "input_summary": {"dog_imus": ["go2_dog_1", "go2_dog_2"], "dog_lidars": ["dog1_lidar", "dog2_lidar"], "cameras": ["cam_e_lower", "cam_e_upper", "cam_ne", "cam_nw", "cam_se", "cam_sw", "dog1_cam", "dog2_cam"], "ground_truth": ["go2_dog_1", "go2_dog_2", "suspect"]}}}