{"record_type": "perception_result", "recorded_wall_time": 1777599210.2417178, "result": {"source_module": "perception", "pipeline": "perception_pipeline_v1", "step": 1120, "timestamp": 5.6000000000000005, "dogs": {"agent_1": {"detected": true, "localized": true, "position_world": [-1.5264993906021118, -2.1195926666259766, 0.41999998688697815], "orientation_world": [0.9800657629966736, -0.02766258642077446, -0.0038969789166003466, -0.19669947028160095], "velocity_world": [-0.1370140016078949, 0.0809183120727539, 0.0], "yaw_rad": null, "xy_error_m": 0.003381045302376151, "scan_match_score": 0.9345738743835279, "scan_inliers": 0, "used_prediction_only": false}, "agent_2": {"detected": true, "localized": true, "position_world": [-1.7284612655639648, 1.2953839302062988, 0.41999998688697815], "orientation_world": [0.9466201663017273, 0.0024767194408923388, -0.07294619828462601, -0.3139793276786804], "velocity_world": [-0.006342011038213968, 0.028138671070337296, 0.0], "yaw_rad": null, "xy_error_m": 0.03597331419587135, "scan_match_score": 0.9314652691829578, "scan_inliers": 0, "used_prediction_only": false}}, "intruder_estimate": {"detected": true, "position_world": [3.7052934169769287, 0.0050818901509046555, 1.1861352920532227], "confidence": 0.2553624868392944, "camera_detections": 8, "lidar_detections": 2}, "input_summary": {"dog_imus": ["go2_dog_1", "go2_dog_2"], "dog_lidars": ["dog1_lidar", "dog2_lidar"], "cameras": ["cam_e_lower", "cam_e_upper", "cam_ne", "cam_nw", "cam_se", "cam_sw", "dog1_cam", "dog2_cam"], "ground_truth": ["go2_dog_1", "go2_dog_2", "suspect"]}}}