{"record_type": "perception_result", "recorded_wall_time": 1777599371.394169, "result": {"source_module": "perception", "pipeline": "perception_pipeline_v1", "step": 1504, "timestamp": 7.5200000000000005, "dogs": {"agent_1": {"detected": true, "localized": true, "position_world": [-1.6189446449279785, -2.1432642936706543, 0.41999998688697815], "orientation_world": [0.9779092073440552, -0.0041966671124100685, -0.026595529168844223, -0.20728887617588043], "velocity_world": [-0.13131357729434967, -0.03743251785635948, 0.0], "yaw_rad": null, "xy_error_m": 0.014501344412565231, "scan_match_score": 0.9334870541794384, "scan_inliers": 0, "used_prediction_only": false}, "agent_2": {"detected": true, "localized": true, "position_world": [-1.7390835285186768, 1.333158254623413, 0.41999998688697815], "orientation_world": [0.9415595531463623, -0.00030920832068659365, -0.06769206374883652, -0.32997462153434753], "velocity_world": [-0.01551144290715456, 0.027730850502848625, 0.0], "yaw_rad": null, "xy_error_m": 0.012763401493430138, "scan_match_score": 0.9315555724465899, "scan_inliers": 0, "used_prediction_only": false}}, "intruder_estimate": {"detected": true, "position_world": [3.4883975982666016, 0.7539432644844055, 1.1790666580200195], "confidence": 0.32787933349609377, "camera_detections": 8, "lidar_detections": 2}, "input_summary": {"dog_imus": ["go2_dog_1", "go2_dog_2"], "dog_lidars": ["dog1_lidar", "dog2_lidar"], "cameras": ["cam_e_lower", "cam_e_upper", "cam_ne", "cam_nw", "cam_se", "cam_sw", "dog1_cam", "dog2_cam"], "ground_truth": ["go2_dog_1", "go2_dog_2", "suspect"]}}}