{"record_type": "perception_result", "recorded_wall_time": 1777598910.354295, "result": {"source_module": "perception", "pipeline": "perception_pipeline_v1", "step": 404, "timestamp": 2.02, "dogs": {"agent_1": {"detected": true, "localized": true, "position_world": [-1.7452738285064697, -2.0332067012786865, 0.41999998688697815], "orientation_world": [0.9955992102622986, -0.03666285425424576, -0.06252621859312057, -0.05940169841051102], "velocity_world": [0.2514960467815399, -0.017457250505685806, 0.0], "yaw_rad": null, "xy_error_m": 0.009940133430063725, "scan_match_score": 0.9305943441034493, "scan_inliers": 0, "used_prediction_only": false}, "agent_2": {"detected": true, "localized": true, "position_world": [-1.9063481092453003, 1.4314745664596558, 0.41999998688697815], "orientation_world": [0.9836221933364868, -0.09480738639831543, -0.037241991609334946, -0.14870120584964752], "velocity_world": [0.021943360567092896, -0.0010677441023290157, 0.0], "yaw_rad": null, "xy_error_m": 0.015494638122618198, "scan_match_score": 0.9326880905322268, "scan_inliers": 0, "used_prediction_only": false}}, "intruder_estimate": {"detected": false, "position_world": [2.2201132774353027, 0.8148490786552429, 1.2729038000106812], "confidence": 0.0, "camera_detections": 8, "lidar_detections": 2}, "input_summary": {"dog_imus": ["go2_dog_1", "go2_dog_2"], "dog_lidars": ["dog1_lidar", "dog2_lidar"], "cameras": ["cam_e_lower", "cam_e_upper", "cam_ne", "cam_nw", "cam_se", "cam_sw", "dog1_cam", "dog2_cam"], "ground_truth": ["go2_dog_1", "go2_dog_2", "suspect"]}}}