{"record_type": "perception_result", "recorded_wall_time": 1777598433.4260128, "result": {"source_module": "perception", "pipeline": "perception_pipeline_v1", "step": 1976, "timestamp": 9.88, "dogs": {"agent_1": {"detected": true, "localized": true, "position_world": [-2.102280855178833, -2.015360116958618, 0.41999998688697815], "orientation_world": [0.999910295009613, 0.0003189401759300381, 0.013027154840528965, 0.00309681985527277], "velocity_world": [-0.0018612545682117343, -0.003555616131052375, 0.0], "yaw_rad": null, "xy_error_m": 0.015373874455690384, "scan_match_score": 0.9319676905981827, "scan_inliers": 0, "used_prediction_only": false}, "agent_2": {"detected": true, "localized": true, "position_world": [-2.0911457538604736, 1.5987122058868408, 0.41999998688697815], "orientation_world": [0.9999125003814697, 0.000346857967087999, 0.013015124946832657, -0.0023541003465652466], "velocity_world": [-0.005180041305720806, -0.0003592173452489078, 0.0], "yaw_rad": null, "xy_error_m": 0.009412107057869434, "scan_match_score": 0.9334100777943273, "scan_inliers": 0, "used_prediction_only": false}}, "intruder_estimate": {"detected": true, "position_world": [3.274844169616699, 1.7129477262496948, 1.0847126245498657], "confidence": 0.2377396821975708, "camera_detections": 8, "lidar_detections": 2}, "input_summary": {"dog_imus": ["go2_dog_1", "go2_dog_2"], "dog_lidars": ["dog1_lidar", "dog2_lidar"], "cameras": ["cam_e_lower", "cam_e_upper", "cam_ne", "cam_nw", "cam_se", "cam_sw", "dog1_cam", "dog2_cam"], "ground_truth": ["go2_dog_1", "go2_dog_2", "suspect"]}}}