{"record_type": "perception_result", "recorded_wall_time": 1777599740.5826926, "result": {"source_module": "perception", "pipeline": "perception_pipeline_v1", "step": 196, "timestamp": 0.98, "dogs": {"agent_1": {"detected": true, "localized": true, "position_world": [-1.9018409252166748, -1.9847619533538818, 0.41999998688697815], "orientation_world": [0.9996914267539978, 0.009338217787444592, -0.022668711841106415, -0.00399700365960598], "velocity_world": [0.11780020594596863, 0.07652930915355682, 0.0], "yaw_rad": null, "xy_error_m": 0.0024360474199056625, "scan_match_score": 0.9345001089965117, "scan_inliers": 0, "used_prediction_only": false}, "agent_2": {"detected": true, "localized": true, "position_world": [-1.9768191576004028, 1.584064245223999, 0.41999998688697815], "orientation_world": [0.999219536781311, -0.02403508499264717, -0.029962074011564255, -0.009215814992785454], "velocity_world": [-0.08987735956907272, -0.04368732124567032, 0.0], "yaw_rad": null, "xy_error_m": 0.00943897943943739, "scan_match_score": 0.9332771472846174, "scan_inliers": 0, "used_prediction_only": false}}, "intruder_estimate": {"detected": true, "position_world": [2.306262254714966, -0.465599000453949, 1.2656643390655518], "confidence": 0.23294241428375245, "camera_detections": 8, "lidar_detections": 2}, "input_summary": {"dog_imus": ["go2_dog_1", "go2_dog_2"], "dog_lidars": ["dog1_lidar", "dog2_lidar"], "cameras": ["cam_e_lower", "cam_e_upper", "cam_ne", "cam_nw", "cam_se", "cam_sw", "dog1_cam", "dog2_cam"], "ground_truth": ["go2_dog_1", "go2_dog_2", "suspect"]}}}