{"record_type": "perception_result", "recorded_wall_time": 1777599480.12736, "result": {"source_module": "perception", "pipeline": "perception_pipeline_v1", "step": 1764, "timestamp": 8.82, "dogs": {"agent_1": {"detected": true, "localized": true, "position_world": [-1.6480512619018555, -2.1187257766723633, 0.41999998688697815], "orientation_world": [0.9762006402015686, -0.034607719630002975, -0.0369221456348896, -0.21088242530822754], "velocity_world": [0.003015916794538498, -0.0922294557094574, 0.0], "yaw_rad": null, "xy_error_m": 0.009472055360674858, "scan_match_score": 0.9393906706617499, "scan_inliers": 0, "used_prediction_only": false}, "agent_2": {"detected": true, "localized": true, "position_world": [-1.7230077981948853, 1.339068055152893, 0.41999998688697815], "orientation_world": [0.935779869556427, -0.08191581815481186, 0.007476033642888069, -0.3428555727005005], "velocity_world": [0.06825843453407288, 0.053824856877326965, 0.0], "yaw_rad": null, "xy_error_m": 0.009728111326694489, "scan_match_score": 0.93270174817418, "scan_inliers": 0, "used_prediction_only": false}}, "intruder_estimate": {"detected": true, "position_world": [3.4265315532684326, 1.218066930770874, 1.139930248260498], "confidence": 0.302210259437561, "camera_detections": 8, "lidar_detections": 2}, "input_summary": {"dog_imus": ["go2_dog_1", "go2_dog_2"], "dog_lidars": ["dog1_lidar", "dog2_lidar"], "cameras": ["cam_e_lower", "cam_e_upper", "cam_ne", "cam_nw", "cam_se", "cam_sw", "dog1_cam", "dog2_cam"], "ground_truth": ["go2_dog_1", "go2_dog_2", "suspect"]}}}