{"record_type": "perception_result", "recorded_wall_time": 1777599520.4807916, "result": {"source_module": "perception", "pipeline": "perception_pipeline_v1", "step": 1860, "timestamp": 9.3, "dogs": {"agent_1": {"detected": true, "localized": true, "position_world": [-1.6595468521118164, -2.13570237159729, 0.41999998688697815], "orientation_world": [0.9783370494842529, -0.05134838446974754, -0.02796681970357895, -0.1985897421836853], "velocity_world": [0.07731693983078003, -0.020546939224004745, 0.0], "yaw_rad": null, "xy_error_m": 0.008341503329575062, "scan_match_score": 0.9376177778224063, "scan_inliers": 0, "used_prediction_only": false}, "agent_2": {"detected": true, "localized": true, "position_world": [-1.7324563264846802, 1.33652663230896, 0.41999998688697815], "orientation_world": [0.9389660358428955, -0.09399699419736862, 0.0017949161119759083, -0.33091408014297485], "velocity_world": [0.09843740612268448, -0.029927561059594154, 0.0], "yaw_rad": null, "xy_error_m": 0.015556320548057556, "scan_match_score": 0.9300746440135763, "scan_inliers": 0, "used_prediction_only": false}}, "intruder_estimate": {"detected": true, "position_world": [3.3304126262664795, 1.4767866134643555, 1.1472138166427612], "confidence": 0.24121155738830566, "camera_detections": 8, "lidar_detections": 2}, "input_summary": {"dog_imus": ["go2_dog_1", "go2_dog_2"], "dog_lidars": ["dog1_lidar", "dog2_lidar"], "cameras": ["cam_e_lower", "cam_e_upper", "cam_ne", "cam_nw", "cam_se", "cam_sw", "dog1_cam", "dog2_cam"], "ground_truth": ["go2_dog_1", "go2_dog_2", "suspect"]}}}