{"record_type": "perception_result", "recorded_wall_time": 1777599145.2257178, "result": {"source_module": "perception", "pipeline": "perception_pipeline_v1", "step": 964, "timestamp": 4.82, "dogs": {"agent_1": {"detected": true, "localized": true, "position_world": [-1.4841375350952148, -2.144707202911377, 0.41999998688697815], "orientation_world": [0.9806139469146729, -0.00934468675404787, -0.03331313282251358, -0.1928708702325821], "velocity_world": [-0.02900215983390808, -0.008258022367954254, 0.0], "yaw_rad": null, "xy_error_m": 0.012455219402909279, "scan_match_score": 0.9336089852697849, "scan_inliers": 0, "used_prediction_only": false}, "agent_2": {"detected": true, "localized": true, "position_world": [-1.7007569074630737, 1.2976272106170654, 0.41999998688697815], "orientation_world": [0.9496681690216064, -0.008774206973612309, -0.06101485341787338, -0.3071327805519104], "velocity_world": [-0.027265412732958794, -0.013554640114307404, 0.0], "yaw_rad": null, "xy_error_m": 0.02362218126654625, "scan_match_score": 0.9370490689886277, "scan_inliers": 0, "used_prediction_only": false}}, "intruder_estimate": {"detected": true, "position_world": [3.760124921798706, -0.38026103377342224, 1.163705587387085], "confidence": 0.15858685970306396, "camera_detections": 8, "lidar_detections": 2}, "input_summary": {"dog_imus": ["go2_dog_1", "go2_dog_2"], "dog_lidars": ["dog1_lidar", "dog2_lidar"], "cameras": ["cam_e_lower", "cam_e_upper", "cam_ne", "cam_nw", "cam_se", "cam_sw", "dog1_cam", "dog2_cam"], "ground_truth": ["go2_dog_1", "go2_dog_2", "suspect"]}}}