{"record_type": "perception_result", "recorded_wall_time": 1777598855.0564473, "result": {"source_module": "perception", "pipeline": "perception_pipeline_v1", "step": 272, "timestamp": 1.36, "dogs": {"agent_1": {"detected": true, "localized": true, "position_world": [-1.8619781732559204, -2.0059335231781006, 0.41999998688697815], "orientation_world": [0.9979110360145569, -0.019601235166192055, -0.05183054134249687, -0.03321219980716705], "velocity_world": [0.3176659345626831, 0.0052208248525857925, 0.0], "yaw_rad": null, "xy_error_m": 0.004444020800292492, "scan_match_score": 0.9318085347237011, "scan_inliers": 0, "used_prediction_only": false}, "agent_2": {"detected": true, "localized": true, "position_world": [-1.9711283445358276, 1.5123565196990967, 0.41999998688697815], "orientation_world": [0.9901018738746643, -0.08274582773447037, -0.031785573810338974, -0.10881681740283966], "velocity_world": [0.191422700881958, -0.2507036626338959, 0.0], "yaw_rad": null, "xy_error_m": 0.024650100618600845, "scan_match_score": 0.935149767998792, "scan_inliers": 0, "used_prediction_only": false}}, "intruder_estimate": {"detected": true, "position_world": [2.481764078140259, -0.46407264471054077, 1.2854373455047607], "confidence": 0.16850665807724, "camera_detections": 8, "lidar_detections": 2}, "input_summary": {"dog_imus": ["go2_dog_1", "go2_dog_2"], "dog_lidars": ["dog1_lidar", "dog2_lidar"], "cameras": ["cam_e_lower", "cam_e_upper", "cam_ne", "cam_nw", "cam_se", "cam_sw", "dog1_cam", "dog2_cam"], "ground_truth": ["go2_dog_1", "go2_dog_2", "suspect"]}}}