{"record_type": "perception_result", "recorded_wall_time": 1777599036.4444067, "result": {"source_module": "perception", "pipeline": "perception_pipeline_v1", "step": 704, "timestamp": 3.52, "dogs": {"agent_1": {"detected": true, "localized": true, "position_world": [-1.5382708311080933, -2.110456943511963, 0.41999998688697815], "orientation_world": [0.9884217381477356, -0.06027458608150482, -0.060700513422489166, -0.12531931698322296], "velocity_world": [0.25549402832984924, -0.0793691873550415, 0.0], "yaw_rad": null, "xy_error_m": 0.011547856964170933, "scan_match_score": 0.932974493213871, "scan_inliers": 0, "used_prediction_only": false}, "agent_2": {"detected": true, "localized": true, "position_world": [-1.7787237167358398, 1.3273693323135376, 0.41999998688697815], "orientation_world": [0.9667884707450867, -0.11877860128879547, -0.01775388792157173, -0.22560259699821472], "velocity_world": [0.028924928978085518, -0.05203322321176529, 0.0], "yaw_rad": null, "xy_error_m": 0.0134329404681921, "scan_match_score": 0.9346589861761264, "scan_inliers": 0, "used_prediction_only": false}}, "intruder_estimate": {"detected": true, "position_world": [3.4181296825408936, -0.5053566098213196, 1.1421908140182495], "confidence": 0.22671980857849122, "camera_detections": 8, "lidar_detections": 2}, "input_summary": {"dog_imus": ["go2_dog_1", "go2_dog_2"], "dog_lidars": ["dog1_lidar", "dog2_lidar"], "cameras": ["cam_e_lower", "cam_e_upper", "cam_ne", "cam_nw", "cam_se", "cam_sw", "dog1_cam", "dog2_cam"], "ground_truth": ["go2_dog_1", "go2_dog_2", "suspect"]}}}