{"record_type": "perception_result", "recorded_wall_time": 1777599280.9354117, "result": {"source_module": "perception", "pipeline": "perception_pipeline_v1", "step": 1288, "timestamp": 6.44, "dogs": {"agent_1": {"detected": true, "localized": true, "position_world": [-1.5507168769836426, -2.1208691596984863, 0.41999998688697815], "orientation_world": [0.9797292351722717, -0.016903255134820938, -0.008209383115172386, -0.19944290816783905], "velocity_world": [-0.0053075626492500305, 0.007622084114700556, 0.0], "yaw_rad": null, "xy_error_m": 0.01401626504957676, "scan_match_score": 0.934064512633429, "scan_inliers": 0, "used_prediction_only": false}, "agent_2": {"detected": true, "localized": true, "position_world": [-1.7242852449417114, 1.3026179075241089, 0.41999998688697815], "orientation_world": [0.9483197927474976, 0.00012818571121897548, -0.06029268354177475, -0.31153547763824463], "velocity_world": [0.05186644569039345, -0.040672626346349716, 0.0], "yaw_rad": null, "xy_error_m": 0.026163926348090172, "scan_match_score": 0.9336945173687058, "scan_inliers": 0, "used_prediction_only": false}}, "intruder_estimate": {"detected": true, "position_world": [3.5971760749816895, 0.3108554780483246, 1.206305742263794], "confidence": 0.3011072874069214, "camera_detections": 8, "lidar_detections": 2}, "input_summary": {"dog_imus": ["go2_dog_1", "go2_dog_2"], "dog_lidars": ["dog1_lidar", "dog2_lidar"], "cameras": ["cam_e_lower", "cam_e_upper", "cam_ne", "cam_nw", "cam_se", "cam_sw", "dog1_cam", "dog2_cam"], "ground_truth": ["go2_dog_1", "go2_dog_2", "suspect"]}}}