{"record_type": "perception_result", "recorded_wall_time": 1777598962.4013543, "result": {"source_module": "perception", "pipeline": "perception_pipeline_v1", "step": 528, "timestamp": 2.64, "dogs": {"agent_1": {"detected": true, "localized": true, "position_world": [-1.6534428596496582, -2.071094512939453, 0.41999998688697815], "orientation_world": [0.9908204674720764, -0.07345543801784515, -0.06332238763570786, -0.09417721629142761], "velocity_world": [0.21798932552337646, 0.044743672013282776, 0.0], "yaw_rad": null, "xy_error_m": 0.01755436137318611, "scan_match_score": 0.9356871570019033, "scan_inliers": 0, "used_prediction_only": false}, "agent_2": {"detected": true, "localized": true, "position_world": [-1.8566269874572754, 1.3947721719741821, 0.41999998688697815], "orientation_world": [0.9796377420425415, -0.09841462969779968, -0.027615051716566086, -0.17280595004558563], "velocity_world": [-0.021191462874412537, -0.16849863529205322, 0.0], "yaw_rad": null, "xy_error_m": 0.009777978993952274, "scan_match_score": 0.9320162103219192, "scan_inliers": 0, "used_prediction_only": false}}, "intruder_estimate": {"detected": false, "position_world": [2.0223612785339355, 1.943084716796875, 1.138575553894043], "confidence": 0.0, "camera_detections": 8, "lidar_detections": 2}, "input_summary": {"dog_imus": ["go2_dog_1", "go2_dog_2"], "dog_lidars": ["dog1_lidar", "dog2_lidar"], "cameras": ["cam_e_lower", "cam_e_upper", "cam_ne", "cam_nw", "cam_se", "cam_sw", "dog1_cam", "dog2_cam"], "ground_truth": ["go2_dog_1", "go2_dog_2", "suspect"]}}}