{"record_type": "perception_result", "recorded_wall_time": 1777599081.7766726, "result": {"source_module": "perception", "pipeline": "perception_pipeline_v1", "step": 812, "timestamp": 4.0600000000000005, "dogs": {"agent_1": {"detected": true, "localized": true, "position_world": [-1.4493855237960815, -2.147167205810547, 0.41999998688697815], "orientation_world": [0.9874734282493591, -0.05255477875471115, -0.04457772523164749, -0.14194023609161377], "velocity_world": [0.07795190811157227, 0.011784769594669342, 0.0], "yaw_rad": null, "xy_error_m": 0.011464174836874008, "scan_match_score": 0.934564985262031, "scan_inliers": 0, "used_prediction_only": false}, "agent_2": {"detected": true, "localized": true, "position_world": [-1.7471702098846436, 1.3151870965957642, 0.41999998688697815], "orientation_world": [0.9650058746337891, -0.07863553613424301, -0.008078484795987606, -0.25002968311309814], "velocity_world": [0.01815744861960411, 0.01031391229480505, 0.0], "yaw_rad": null, "xy_error_m": 0.010877207852900028, "scan_match_score": 0.9346257055226741, "scan_inliers": 0, "used_prediction_only": false}}, "intruder_estimate": {"detected": true, "position_world": [3.5664265155792236, -0.4479949474334717, 1.143036961555481], "confidence": 0.16122257709503174, "camera_detections": 8, "lidar_detections": 2}, "input_summary": {"dog_imus": ["go2_dog_1", "go2_dog_2"], "dog_lidars": ["dog1_lidar", "dog2_lidar"], "cameras": ["cam_e_lower", "cam_e_upper", "cam_ne", "cam_nw", "cam_se", "cam_sw", "dog1_cam", "dog2_cam"], "ground_truth": ["go2_dog_1", "go2_dog_2", "suspect"]}}}