{"record_type": "perception_result", "recorded_wall_time": 1777599093.4594204, "result": {"source_module": "perception", "pipeline": "perception_pipeline_v1", "step": 840, "timestamp": 4.2, "dogs": {"agent_1": {"detected": true, "localized": true, "position_world": [-1.4430493116378784, -2.1289639472961426, 0.41999998688697815], "orientation_world": [0.983744204044342, -0.03499918803572655, -0.05126107856631279, -0.1685074269771576], "velocity_world": [-0.07117009907960892, 0.015050163492560387, 0.0], "yaw_rad": null, "xy_error_m": 0.0007355344714596868, "scan_match_score": 0.9332207409917463, "scan_inliers": 0, "used_prediction_only": false}, "agent_2": {"detected": true, "localized": true, "position_world": [-1.7450138330459595, 1.3167399168014526, 0.41999998688697815], "orientation_world": [0.960480809211731, -0.05372139811515808, -0.024989549070596695, -0.2719671428203583], "velocity_world": [0.04397574067115784, 0.07092583179473877, 0.0], "yaw_rad": null, "xy_error_m": 0.0009970758110284805, "scan_match_score": 0.9313083646629828, "scan_inliers": 0, "used_prediction_only": false}}, "intruder_estimate": {"detected": true, "position_world": [3.6109819412231445, -0.4537212550640106, 1.1335114240646362], "confidence": 0.16295552253723145, "camera_detections": 8, "lidar_detections": 2}, "input_summary": {"dog_imus": ["go2_dog_1", "go2_dog_2"], "dog_lidars": ["dog1_lidar", "dog2_lidar"], "cameras": ["cam_e_lower", "cam_e_upper", "cam_ne", "cam_nw", "cam_se", "cam_sw", "dog1_cam", "dog2_cam"], "ground_truth": ["go2_dog_1", "go2_dog_2", "suspect"]}}}