{"record_type": "perception_result", "recorded_wall_time": 1777598975.8585649, "result": {"source_module": "perception", "pipeline": "perception_pipeline_v1", "step": 560, "timestamp": 2.8000000000000003, "dogs": {"agent_1": {"detected": true, "localized": true, "position_world": [-1.6361849308013916, -2.0656065940856934, 0.41999998688697815], "orientation_world": [0.991050124168396, -0.06469570845365524, -0.06859184056520462, -0.09449473768472672], "velocity_world": [0.17791977524757385, -0.0005157310515642166, 0.0], "yaw_rad": null, "xy_error_m": 0.0045712608844041824, "scan_match_score": 0.9362013018793846, "scan_inliers": 0, "used_prediction_only": false}, "agent_2": {"detected": true, "localized": true, "position_world": [-1.843530535697937, 1.3559067249298096, 0.41999998688697815], "orientation_world": [0.9752402901649475, -0.11432765424251556, -0.019670752808451653, -0.18827803432941437], "velocity_world": [0.024091295897960663, -0.11415065824985504, 0.0], "yaw_rad": null, "xy_error_m": 0.019949261099100113, "scan_match_score": 0.9296681969289607, "scan_inliers": 0, "used_prediction_only": false}}, "intruder_estimate": {"detected": false, "position_world": [1.9696274995803833, 2.2439475059509277, 1.13985276222229], "confidence": 0.0, "camera_detections": 8, "lidar_detections": 2}, "input_summary": {"dog_imus": ["go2_dog_1", "go2_dog_2"], "dog_lidars": ["dog1_lidar", "dog2_lidar"], "cameras": ["cam_e_lower", "cam_e_upper", "cam_ne", "cam_nw", "cam_se", "cam_sw", "dog1_cam", "dog2_cam"], "ground_truth": ["go2_dog_1", "go2_dog_2", "suspect"]}}}