{"record_type": "perception_result", "recorded_wall_time": 1777599450.0214183, "result": {"source_module": "perception", "pipeline": "perception_pipeline_v1", "step": 1692, "timestamp": 8.46, "dogs": {"agent_1": {"detected": true, "localized": true, "position_world": [-1.6333303451538086, -2.125208616256714, 0.41999998688697815], "orientation_world": [0.9771662950515747, -0.013675889000296593, -0.016820719465613365, -0.21136720478534698], "velocity_world": [-0.041714396327733994, 0.024168655276298523, 0.0], "yaw_rad": null, "xy_error_m": 0.00953223742544651, "scan_match_score": 0.9387652889628326, "scan_inliers": 0, "used_prediction_only": false}, "agent_2": {"detected": true, "localized": true, "position_world": [-1.7345466613769531, 1.3455755710601807, 0.41999998688697815], "orientation_world": [0.93958979845047, -0.051336172968149185, -0.016575729474425316, -0.33802488446235657], "velocity_world": [-0.0024842729326337576, 0.044055864214897156, 0.0], "yaw_rad": null, "xy_error_m": 0.010323976166546345, "scan_match_score": 0.9340088546795613, "scan_inliers": 0, "used_prediction_only": false}}, "intruder_estimate": {"detected": true, "position_world": [3.4280543327331543, 1.0975821018218994, 1.1560255289077759], "confidence": 0.3299558639526367, "camera_detections": 8, "lidar_detections": 2}, "input_summary": {"dog_imus": ["go2_dog_1", "go2_dog_2"], "dog_lidars": ["dog1_lidar", "dog2_lidar"], "cameras": ["cam_e_lower", "cam_e_upper", "cam_ne", "cam_nw", "cam_se", "cam_sw", "dog1_cam", "dog2_cam"], "ground_truth": ["go2_dog_1", "go2_dog_2", "suspect"]}}}