{"record_type": "perception_result", "recorded_wall_time": 1777599190.24475, "result": {"source_module": "perception", "pipeline": "perception_pipeline_v1", "step": 1072, "timestamp": 5.36, "dogs": {"agent_1": {"detected": true, "localized": true, "position_world": [-1.5189591646194458, -2.1606221199035645, 0.41999998688697815], "orientation_world": [0.9782620072364807, -0.018669355660676956, -0.023370351642370224, -0.20520418882369995], "velocity_world": [-0.03941420465707779, 0.11787538230419159, 0.0], "yaw_rad": null, "xy_error_m": 0.016696669161319733, "scan_match_score": 0.9336339349440012, "scan_inliers": 0, "used_prediction_only": false}, "agent_2": {"detected": true, "localized": true, "position_world": [-1.7175043821334839, 1.3007678985595703, 0.41999998688697815], "orientation_world": [0.948348343372345, -0.0010464030783623457, -0.06845318526029587, -0.30975568294525146], "velocity_world": [-0.08500496298074722, 0.010679719969630241, 0.0], "yaw_rad": null, "xy_error_m": 0.022901296615600586, "scan_match_score": 0.9350102926561292, "scan_inliers": 0, "used_prediction_only": false}}, "intruder_estimate": {"detected": true, "position_world": [3.7544500827789307, -0.07668247818946838, 1.2021312713623047], "confidence": 0.25548367500305175, "camera_detections": 8, "lidar_detections": 2}, "input_summary": {"dog_imus": ["go2_dog_1", "go2_dog_2"], "dog_lidars": ["dog1_lidar", "dog2_lidar"], "cameras": ["cam_e_lower", "cam_e_upper", "cam_ne", "cam_nw", "cam_se", "cam_sw", "dog1_cam", "dog2_cam"], "ground_truth": ["go2_dog_1", "go2_dog_2", "suspect"]}}}