{"record_type": "perception_result", "recorded_wall_time": 1777599225.4997349, "result": {"source_module": "perception", "pipeline": "perception_pipeline_v1", "step": 1156, "timestamp": 5.78, "dogs": {"agent_1": {"detected": true, "localized": true, "position_world": [-1.532335877418518, -2.122549295425415, 0.41999998688697815], "orientation_world": [0.9801509976387024, -0.016795078292489052, -0.02208249270915985, -0.19630171358585358], "velocity_world": [0.03383880481123924, -0.07727028429508209, 0.0], "yaw_rad": null, "xy_error_m": 0.002939283847808838, "scan_match_score": 0.9324208984821006, "scan_inliers": 0, "used_prediction_only": false}, "agent_2": {"detected": true, "localized": true, "position_world": [-1.7208062410354614, 1.2923660278320312, 0.41999998688697815], "orientation_world": [0.947456419467926, -0.010778996162116528, -0.058176636695861816, -0.3143655061721802], "velocity_world": [0.05224183201789856, -0.04505590349435806, 0.0], "yaw_rad": null, "xy_error_m": 0.03920956328511238, "scan_match_score": 0.9322743759404422, "scan_inliers": 0, "used_prediction_only": false}}, "intruder_estimate": {"detected": true, "position_world": [3.6615610122680664, 0.0723000019788742, 1.1853184700012207], "confidence": 0.2757100105285645, "camera_detections": 8, "lidar_detections": 2}, "input_summary": {"dog_imus": ["go2_dog_1", "go2_dog_2"], "dog_lidars": ["dog1_lidar", "dog2_lidar"], "cameras": ["cam_e_lower", "cam_e_upper", "cam_ne", "cam_nw", "cam_se", "cam_sw", "dog1_cam", "dog2_cam"], "ground_truth": ["go2_dog_1", "go2_dog_2", "suspect"]}}}