{"record_type": "perception_result", "recorded_wall_time": 1777595649.1347468, "result": {"source_module": "perception", "pipeline": "perception_pipeline_v1", "step": 92, "timestamp": 0.46, "dogs": {"agent_1": {"detected": true, "localized": true, "position_world": [-2.1205625534057617, -1.995825171470642, 0.41999998688697815], "orientation_world": [0.9910309314727783, -4.291684308554977e-05, -0.13363032042980194, -0.0008112700888887048], "velocity_world": [-0.4160136580467224, 0.015601598657667637, 0.0], "yaw_rad": null, "xy_error_m": 0.05005670338869095, "scan_match_score": 0.9324139423667559, "scan_inliers": 0, "used_prediction_only": false}, "agent_2": {"detected": true, "localized": true, "position_world": [-2.1149327754974365, 1.6062393188476562, 0.41999998688697815], "orientation_world": [0.991031289100647, 4.455809903447516e-05, -0.13362988829612732, -0.00016282348951790482], "velocity_world": [-0.39495134353637695, 0.014617929235100746, 0.0], "yaw_rad": null, "xy_error_m": 0.0446917861700058, "scan_match_score": 0.9330153722827689, "scan_inliers": 0, "used_prediction_only": false}}, "intruder_estimate": {"detected": true, "position_world": [3.0679829120635986, 1.5989457368850708, 1.3622924089431763], "confidence": 0.224406099319458, "camera_detections": 8, "lidar_detections": 2}, "input_summary": {"dog_imus": ["go2_dog_1", "go2_dog_2"], "dog_lidars": ["dog1_lidar", "dog2_lidar"], "cameras": ["cam_e_lower", "cam_e_upper", "cam_ne", "cam_nw", "cam_se", "cam_sw", "dog1_cam", "dog2_cam"], "ground_truth": ["go2_dog_1", "go2_dog_2", "suspect"]}}}