{"record_type": "perception_result", "recorded_wall_time": 1777599106.780619, "result": {"source_module": "perception", "pipeline": "perception_pipeline_v1", "step": 872, "timestamp": 4.36, "dogs": {"agent_1": {"detected": true, "localized": true, "position_world": [-1.467397689819336, -2.145451784133911, 0.41999998688697815], "orientation_world": [0.9804363250732422, -0.01858462207019329, -0.05773233249783516, -0.18725962936878204], "velocity_world": [-0.2933078110218048, -0.12642356753349304, 0.0], "yaw_rad": null, "xy_error_m": 0.019226348027586937, "scan_match_score": 0.9331870965894973, "scan_inliers": 0, "used_prediction_only": false}, "agent_2": {"detected": true, "localized": true, "position_world": [-1.7007644176483154, 1.3198091983795166, 0.41999998688697815], "orientation_world": [0.951879620552063, -0.028718523681163788, -0.05228707566857338, -0.300610214471817], "velocity_world": [0.17406798899173737, 0.16568046808242798, 0.0], "yaw_rad": null, "xy_error_m": 0.0347638837993145, "scan_match_score": 0.9333696159999183, "scan_inliers": 0, "used_prediction_only": false}}, "intruder_estimate": {"detected": true, "position_world": [3.667310953140259, -0.4605710208415985, 1.1333712339401245], "confidence": 0.16335952281951904, "camera_detections": 8, "lidar_detections": 2}, "input_summary": {"dog_imus": ["go2_dog_1", "go2_dog_2"], "dog_lidars": ["dog1_lidar", "dog2_lidar"], "cameras": ["cam_e_lower", "cam_e_upper", "cam_ne", "cam_nw", "cam_se", "cam_sw", "dog1_cam", "dog2_cam"], "ground_truth": ["go2_dog_1", "go2_dog_2", "suspect"]}}}