{"record_type": "perception_result", "recorded_wall_time": 1777599255.787706, "result": {"source_module": "perception", "pipeline": "perception_pipeline_v1", "step": 1228, "timestamp": 6.140000000000001, "dogs": {"agent_1": {"detected": true, "localized": true, "position_world": [-1.555465817451477, -2.1534998416900635, 0.41999998688697815], "orientation_world": [0.9767743945121765, 0.0009332100162282586, -0.022421516478061676, -0.2130919247865677], "velocity_world": [-0.07277396321296692, 0.08405549079179764, 0.0], "yaw_rad": null, "xy_error_m": 0.015424438752233982, "scan_match_score": 0.9306133082970224, "scan_inliers": 0, "used_prediction_only": false}, "agent_2": {"detected": true, "localized": true, "position_world": [-1.7091256380081177, 1.309699296951294, 0.41999998688697815], "orientation_world": [0.9495388865470886, 0.003414109582081437, -0.06353509426116943, -0.30712801218032837], "velocity_world": [-0.08189525455236435, 0.02597624808549881, 0.0], "yaw_rad": null, "xy_error_m": 0.021010521799325943, "scan_match_score": 0.9379599710995941, "scan_inliers": 0, "used_prediction_only": false}}, "intruder_estimate": {"detected": true, "position_world": [3.618086576461792, 0.19885589182376862, 1.242114543914795], "confidence": 0.29409151077270507, "camera_detections": 8, "lidar_detections": 2}, "input_summary": {"dog_imus": ["go2_dog_1", "go2_dog_2"], "dog_lidars": ["dog1_lidar", "dog2_lidar"], "cameras": ["cam_e_lower", "cam_e_upper", "cam_ne", "cam_nw", "cam_se", "cam_sw", "dog1_cam", "dog2_cam"], "ground_truth": ["go2_dog_1", "go2_dog_2", "suspect"]}}}