{"record_type": "perception_result", "recorded_wall_time": 1777599238.9609256, "result": {"source_module": "perception", "pipeline": "perception_pipeline_v1", "step": 1188, "timestamp": 5.94, "dogs": {"agent_1": {"detected": true, "localized": true, "position_world": [-1.5540825128555298, -2.144763469696045, 0.41999998688697815], "orientation_world": [0.9774011373519897, 0.003901782678440213, -0.036527205258607864, -0.20817703008651733], "velocity_world": [-0.14220216870307922, -0.028630927205085754, 0.0], "yaw_rad": null, "xy_error_m": 0.008823527954518795, "scan_match_score": 0.9353843925491929, "scan_inliers": 0, "used_prediction_only": false}, "agent_2": {"detected": true, "localized": true, "position_world": [-1.720436930656433, 1.299292802810669, 0.41999998688697815], "orientation_world": [0.9486064314842224, -0.004035928752273321, -0.05919284746050835, -0.3108469247817993], "velocity_world": [-0.02625938504934311, 0.02822742611169815, 0.0], "yaw_rad": null, "xy_error_m": 0.030213480815291405, "scan_match_score": 0.932963206452464, "scan_inliers": 0, "used_prediction_only": false}}, "intruder_estimate": {"detected": true, "position_world": [3.6318397521972656, 0.1297234743833542, 1.2225100994110107], "confidence": 0.28334760665893555, "camera_detections": 8, "lidar_detections": 2}, "input_summary": {"dog_imus": ["go2_dog_1", "go2_dog_2"], "dog_lidars": ["dog1_lidar", "dog2_lidar"], "cameras": ["cam_e_lower", "cam_e_upper", "cam_ne", "cam_nw", "cam_se", "cam_sw", "dog1_cam", "dog2_cam"], "ground_truth": ["go2_dog_1", "go2_dog_2", "suspect"]}}}