{"record_type": "perception_result", "recorded_wall_time": 1777598997.7450583, "result": {"source_module": "perception", "pipeline": "perception_pipeline_v1", "step": 612, "timestamp": 3.06, "dogs": {"agent_1": {"detected": true, "localized": true, "position_world": [-1.6005926132202148, -2.0672450065612793, 0.41999998688697815], "orientation_world": [0.9894714951515198, -0.06507693231105804, -0.06544632464647293, -0.11148073524236679], "velocity_world": [0.12574918568134308, -0.06937344372272491, 0.0], "yaw_rad": null, "xy_error_m": 0.0035505369305610657, "scan_match_score": 0.9337902211290211, "scan_inliers": 0, "used_prediction_only": false}, "agent_2": {"detected": true, "localized": true, "position_world": [-1.844665288925171, 1.379110336303711, 0.41999998688697815], "orientation_world": [0.9693341851234436, -0.12787750363349915, -0.015994498506188393, -0.20924341678619385], "velocity_world": [-0.05372679978609085, 0.02088352106511593, 0.0], "yaw_rad": null, "xy_error_m": 0.012163294479250908, "scan_match_score": 0.9333816044399816, "scan_inliers": 0, "used_prediction_only": false}}, "intruder_estimate": {"detected": true, "position_world": [3.238173723220825, -0.42653924226760864, 1.1560444831848145], "confidence": 0.2279564619064331, "camera_detections": 8, "lidar_detections": 2}, "input_summary": {"dog_imus": ["go2_dog_1", "go2_dog_2"], "dog_lidars": ["dog1_lidar", "dog2_lidar"], "cameras": ["cam_e_lower", "cam_e_upper", "cam_ne", "cam_nw", "cam_se", "cam_sw", "dog1_cam", "dog2_cam"], "ground_truth": ["go2_dog_1", "go2_dog_2", "suspect"]}}}