{"record_type": "perception_result", "recorded_wall_time": 1777599516.9632878, "result": {"source_module": "perception", "pipeline": "perception_pipeline_v1", "step": 1852, "timestamp": 9.26, "dogs": {"agent_1": {"detected": true, "localized": true, "position_world": [-1.6611392498016357, -2.1340482234954834, 0.41999998688697815], "orientation_world": [0.9779996275901794, -0.047872379422187805, -0.023777540773153305, -0.2016424536705017], "velocity_world": [0.09469588100910187, -0.010615702718496323, 0.0], "yaw_rad": null, "xy_error_m": 0.006447926629334688, "scan_match_score": 0.9374817978433486, "scan_inliers": 0, "used_prediction_only": false}, "agent_2": {"detected": true, "localized": true, "position_world": [-1.7353242635726929, 1.3376384973526, 0.41999998688697815], "orientation_world": [0.9393900036811829, -0.08774498850107193, -0.0005733376019634306, -0.33143162727355957], "velocity_world": [0.018950872123241425, -0.07111161947250366, 0.0], "yaw_rad": null, "xy_error_m": 0.015205246396362782, "scan_match_score": 0.9309922165792782, "scan_inliers": 0, "used_prediction_only": false}}, "intruder_estimate": {"detected": true, "position_world": [3.338130474090576, 1.4510066509246826, 1.160008192062378], "confidence": 0.2412033796310425, "camera_detections": 8, "lidar_detections": 2}, "input_summary": {"dog_imus": ["go2_dog_1", "go2_dog_2"], "dog_lidars": ["dog1_lidar", "dog2_lidar"], "cameras": ["cam_e_lower", "cam_e_upper", "cam_ne", "cam_nw", "cam_se", "cam_sw", "dog1_cam", "dog2_cam"], "ground_truth": ["go2_dog_1", "go2_dog_2", "suspect"]}}}