{"record_type": "perception_result", "recorded_wall_time": 1777598984.2374132, "result": {"source_module": "perception", "pipeline": "perception_pipeline_v1", "step": 580, "timestamp": 2.9, "dogs": {"agent_1": {"detected": true, "localized": true, "position_world": [-1.618969440460205, -2.067680835723877, 0.41999998688697815], "orientation_world": [0.9909127354621887, -0.06073562800884247, -0.06331297755241394, -0.10195405781269073], "velocity_world": [0.08171878010034561, 0.028592316433787346, 0.0], "yaw_rad": null, "xy_error_m": 0.009032215923070908, "scan_match_score": 0.9320343670008222, "scan_inliers": 0, "used_prediction_only": false}, "agent_2": {"detected": true, "localized": true, "position_world": [-1.8417102098464966, 1.3698961734771729, 0.41999998688697815], "orientation_world": [0.9723512530326843, -0.12201519310474396, -0.02596314437687397, -0.19741159677505493], "velocity_world": [0.00015328451991081238, 0.17996813356876373, 0.0], "yaw_rad": null, "xy_error_m": 0.008462958037853241, "scan_match_score": 0.9335628310730227, "scan_inliers": 0, "used_prediction_only": false}}, "intruder_estimate": {"detected": false, "position_world": [1.9432605504989624, 2.394378900527954, 1.1459364891052246], "confidence": 0.0, "camera_detections": 8, "lidar_detections": 2}, "input_summary": {"dog_imus": ["go2_dog_1", "go2_dog_2"], "dog_lidars": ["dog1_lidar", "dog2_lidar"], "cameras": ["cam_e_lower", "cam_e_upper", "cam_ne", "cam_nw", "cam_se", "cam_sw", "dog1_cam", "dog2_cam"], "ground_truth": ["go2_dog_1", "go2_dog_2", "suspect"]}}}