{"record_type": "perception_result", "recorded_wall_time": 1777599423.45958, "result": {"source_module": "perception", "pipeline": "perception_pipeline_v1", "step": 1628, "timestamp": 8.14, "dogs": {"agent_1": {"detected": true, "localized": true, "position_world": [-1.6243292093276978, -2.107923746109009, 0.41999998688697815], "orientation_world": [0.9765379428863525, -0.03639320284128189, -0.03510873764753342, -0.20932413637638092], "velocity_world": [-0.13320671021938324, 0.05234525725245476, 0.0], "yaw_rad": null, "xy_error_m": 0.01174540352076292, "scan_match_score": 0.9351288375539493, "scan_inliers": 0, "used_prediction_only": false}, "agent_2": {"detected": true, "localized": true, "position_world": [-1.7274482250213623, 1.3296324014663696, 0.41999998688697815], "orientation_world": [0.9404801726341248, -0.048248860985040665, -0.016752921044826508, -0.33598870038986206], "velocity_world": [-0.010971684008836746, 0.03726784139871597, 0.0], "yaw_rad": null, "xy_error_m": 0.013047721236944199, "scan_match_score": 0.9342649790656339, "scan_inliers": 0, "used_prediction_only": false}}, "intruder_estimate": {"detected": true, "position_world": [3.4339513778686523, 0.9927431344985962, 1.157052755355835], "confidence": 0.3328126907348633, "camera_detections": 8, "lidar_detections": 2}, "input_summary": {"dog_imus": ["go2_dog_1", "go2_dog_2"], "dog_lidars": ["dog1_lidar", "dog2_lidar"], "cameras": ["cam_e_lower", "cam_e_upper", "cam_ne", "cam_nw", "cam_se", "cam_sw", "dog1_cam", "dog2_cam"], "ground_truth": ["go2_dog_1", "go2_dog_2", "suspect"]}}}