{"record_type": "perception_result", "recorded_wall_time": 1777599004.4087262, "result": {"source_module": "perception", "pipeline": "perception_pipeline_v1", "step": 628, "timestamp": 3.14, "dogs": {"agent_1": {"detected": true, "localized": true, "position_world": [-1.5913403034210205, -2.0797057151794434, 0.41999998688697815], "orientation_world": [0.9889456629753113, -0.06933863461017609, -0.06486937403678894, -0.11388856917619705], "velocity_world": [0.17299878597259521, -0.2100774347782135, 0.0], "yaw_rad": null, "xy_error_m": 0.007130270358175039, "scan_match_score": 0.9316708210681786, "scan_inliers": 0, "used_prediction_only": false}, "agent_2": {"detected": true, "localized": true, "position_world": [-1.8374238014221191, 1.3688181638717651, 0.41999998688697815], "orientation_world": [0.9682886600494385, -0.12888462841510773, -0.015635820105671883, -0.2134513258934021], "velocity_world": [0.12474697083234787, -0.10918647050857544, 0.0], "yaw_rad": null, "xy_error_m": 0.01914980821311474, "scan_match_score": 0.9332752621767564, "scan_inliers": 0, "used_prediction_only": false}}, "intruder_estimate": {"detected": true, "position_world": [3.2990171909332275, -0.4984138011932373, 1.1511588096618652], "confidence": 0.2355149507522583, "camera_detections": 8, "lidar_detections": 2}, "input_summary": {"dog_imus": ["go2_dog_1", "go2_dog_2"], "dog_lidars": ["dog1_lidar", "dog2_lidar"], "cameras": ["cam_e_lower", "cam_e_upper", "cam_ne", "cam_nw", "cam_se", "cam_sw", "dog1_cam", "dog2_cam"], "ground_truth": ["go2_dog_1", "go2_dog_2", "suspect"]}}}