{"record_type": "perception_result", "recorded_wall_time": 1777599168.551428, "result": {"source_module": "perception", "pipeline": "perception_pipeline_v1", "step": 1020, "timestamp": 5.1000000000000005, "dogs": {"agent_1": {"detected": true, "localized": true, "position_world": [-1.5135821104049683, -2.154906749725342, 0.41999998688697815], "orientation_world": [0.9787923693656921, 0.0003479881561361253, -0.044638097286224365, -0.1999320238828659], "velocity_world": [-0.13626816868782043, -0.07040631771087646, 0.0], "yaw_rad": null, "xy_error_m": 0.01148288231343031, "scan_match_score": 0.9311877385667385, "scan_inliers": 0, "used_prediction_only": false}, "agent_2": {"detected": true, "localized": true, "position_world": [-1.7057257890701294, 1.2934578657150269, 0.41999998688697815], "orientation_world": [0.9495795965194702, -0.0048592654056847095, -0.060765039175748825, -0.307543009519577], "velocity_world": [0.02861339971423149, -0.004937011748552322, 0.0], "yaw_rad": null, "xy_error_m": 0.02116633579134941, "scan_match_score": 0.9353395821778249, "scan_inliers": 0, "used_prediction_only": false}}, "intruder_estimate": {"detected": true, "position_world": [3.7786128520965576, -0.19428379833698273, 1.1822367906570435], "confidence": 0.23732140064239501, "camera_detections": 8, "lidar_detections": 2}, "input_summary": {"dog_imus": ["go2_dog_1", "go2_dog_2"], "dog_lidars": ["dog1_lidar", "dog2_lidar"], "cameras": ["cam_e_lower", "cam_e_upper", "cam_ne", "cam_nw", "cam_se", "cam_sw", "dog1_cam", "dog2_cam"], "ground_truth": ["go2_dog_1", "go2_dog_2", "suspect"]}}}