{"record_type": "perception_result", "recorded_wall_time": 1777598870.022852, "result": {"source_module": "perception", "pipeline": "perception_pipeline_v1", "step": 308, "timestamp": 1.54, "dogs": {"agent_1": {"detected": true, "localized": true, "position_world": [-1.8259373903274536, -2.0102648735046387, 0.41999998688697815], "orientation_world": [0.997118353843689, -0.027431225404143333, -0.05848172679543495, -0.039779823273420334], "velocity_world": [0.09467500448226929, -0.013188423588871956, 0.0], "yaw_rad": null, "xy_error_m": 0.004050915595144033, "scan_match_score": 0.9356382714140291, "scan_inliers": 0, "used_prediction_only": false}, "agent_2": {"detected": true, "localized": true, "position_world": [-1.957303762435913, 1.4972655773162842, 0.41999998688697815], "orientation_world": [0.9885742664337158, -0.08250530064105988, -0.04245057329535484, -0.11879313737154007], "velocity_world": [0.014337636530399323, -0.2374342828989029, 0.0], "yaw_rad": null, "xy_error_m": 0.016256634145975113, "scan_match_score": 0.9324736894330886, "scan_inliers": 0, "used_prediction_only": false}}, "intruder_estimate": {"detected": true, "position_world": [2.4558486938476562, -0.18646501004695892, 1.2904345989227295], "confidence": 0.013759365677833557, "camera_detections": 8, "lidar_detections": 2}, "input_summary": {"dog_imus": ["go2_dog_1", "go2_dog_2"], "dog_lidars": ["dog1_lidar", "dog2_lidar"], "cameras": ["cam_e_lower", "cam_e_upper", "cam_ne", "cam_nw", "cam_se", "cam_sw", "dog1_cam", "dog2_cam"], "ground_truth": ["go2_dog_1", "go2_dog_2", "suspect"]}}}