{"record_type": "perception_result", "recorded_wall_time": 1777599322.8194456, "result": {"source_module": "perception", "pipeline": "perception_pipeline_v1", "step": 1388, "timestamp": 6.94, "dogs": {"agent_1": {"detected": true, "localized": true, "position_world": [-1.5884156227111816, -2.1425893306732178, 0.41999998688697815], "orientation_world": [0.9785689115524292, -0.00666699418798089, -0.013274921104311943, -0.20538316667079926], "velocity_world": [-0.0001783221960067749, 0.0743090957403183, 0.0], "yaw_rad": null, "xy_error_m": 0.012593751773238182, "scan_match_score": 0.9340646378262022, "scan_inliers": 0, "used_prediction_only": false}, "agent_2": {"detected": true, "localized": true, "position_world": [-1.7295916080474854, 1.3291912078857422, 0.41999998688697815], "orientation_world": [0.9449583292007446, -0.00375246605835855, -0.059658706188201904, -0.3216838538646698], "velocity_world": [-0.025837577879428864, 0.1827731877565384, 0.0], "yaw_rad": null, "xy_error_m": 0.014224637299776077, "scan_match_score": 0.9297403393994835, "scan_inliers": 0, "used_prediction_only": false}}, "intruder_estimate": {"detected": true, "position_world": [3.546008348464966, 0.5179134011268616, 1.2042467594146729], "confidence": 0.3102407932281494, "camera_detections": 8, "lidar_detections": 2}, "input_summary": {"dog_imus": ["go2_dog_1", "go2_dog_2"], "dog_lidars": ["dog1_lidar", "dog2_lidar"], "cameras": ["cam_e_lower", "cam_e_upper", "cam_ne", "cam_nw", "cam_se", "cam_sw", "dog1_cam", "dog2_cam"], "ground_truth": ["go2_dog_1", "go2_dog_2", "suspect"]}}}