{"record_type": "perception_result", "recorded_wall_time": 1777598441.7884278, "result": {"source_module": "perception", "pipeline": "perception_pipeline_v1", "step": 1996, "timestamp": 9.98, "dogs": {"agent_1": {"detected": true, "localized": true, "position_world": [-2.1022863388061523, -2.0129551887512207, 0.41999998688697815], "orientation_world": [0.9999098777770996, 0.0003195236495230347, 0.013094479218125343, 0.002939732978120446], "velocity_world": [2.384185791015625e-05, 0.00856161117553711, 0.0], "yaw_rad": null, "xy_error_m": 0.013012370094656944, "scan_match_score": 0.9328935828581663, "scan_inliers": 0, "used_prediction_only": false}, "agent_2": {"detected": true, "localized": true, "position_world": [-2.0910987854003906, 1.5993821620941162, 0.41999998688697815], "orientation_world": [0.9999114871025085, 0.000346283835824579, 0.01308103185147047, -0.0024119033478200436], "velocity_world": [-0.0023102760314941406, 0.006624460220336914, 0.0], "yaw_rad": null, "xy_error_m": 0.009238670580089092, "scan_match_score": 0.9331040392219537, "scan_inliers": 0, "used_prediction_only": false}}, "intruder_estimate": {"detected": true, "position_world": [3.2670202255249023, 1.7476449012756348, 1.0839241743087769], "confidence": 0.23774464130401612, "camera_detections": 8, "lidar_detections": 2}, "input_summary": {"dog_imus": ["go2_dog_1", "go2_dog_2"], "dog_lidars": ["dog1_lidar", "dog2_lidar"], "cameras": ["cam_e_lower", "cam_e_upper", "cam_ne", "cam_nw", "cam_se", "cam_sw", "dog1_cam", "dog2_cam"], "ground_truth": ["go2_dog_1", "go2_dog_2", "suspect"]}}}