{"record_type": "perception_result", "recorded_wall_time": 1777598942.2646172, "result": {"source_module": "perception", "pipeline": "perception_pipeline_v1", "step": 480, "timestamp": 2.4, "dogs": {"agent_1": {"detected": true, "localized": true, "position_world": [-1.6880080699920654, -2.061217784881592, 0.41999998688697815], "orientation_world": [0.9923381805419922, -0.06691496074199677, -0.06821565330028534, -0.0783194750547409], "velocity_world": [0.17689067125320435, -0.10407933592796326, 0.0], "yaw_rad": null, "xy_error_m": 0.018744774162769318, "scan_match_score": 0.9328121661194869, "scan_inliers": 0, "used_prediction_only": false}, "agent_2": {"detected": true, "localized": true, "position_world": [-1.8742488622665405, 1.4251127243041992, 0.41999998688697815], "orientation_world": [0.9784061312675476, -0.12219887971878052, -0.017823219299316406, -0.16574442386627197], "velocity_world": [0.24721354246139526, -0.1873832494020462, 0.0], "yaw_rad": null, "xy_error_m": 0.016072897240519524, "scan_match_score": 0.9338599489275712, "scan_inliers": 0, "used_prediction_only": false}}, "intruder_estimate": {"detected": false, "position_world": [2.1014621257781982, 1.491790533065796, 1.1731066703796387], "confidence": 0.0, "camera_detections": 8, "lidar_detections": 2}, "input_summary": {"dog_imus": ["go2_dog_1", "go2_dog_2"], "dog_lidars": ["dog1_lidar", "dog2_lidar"], "cameras": ["cam_e_lower", "cam_e_upper", "cam_ne", "cam_nw", "cam_se", "cam_sw", "dog1_cam", "dog2_cam"], "ground_truth": ["go2_dog_1", "go2_dog_2", "suspect"]}}}