{"record_type": "perception_result", "recorded_wall_time": 1777599512.0325675, "result": {"source_module": "perception", "pipeline": "perception_pipeline_v1", "step": 1840, "timestamp": 9.200000000000001, "dogs": {"agent_1": {"detected": true, "localized": true, "position_world": [-1.6664327383041382, -2.1332716941833496, 0.41999998688697815], "orientation_world": [0.9775590896606445, -0.040572311729192734, -0.020356379449367523, -0.20571282505989075], "velocity_world": [-0.04849439859390259, 0.03902149945497513, 0.0], "yaw_rad": null, "xy_error_m": 0.007687738630920649, "scan_match_score": 0.9388451033332328, "scan_inliers": 0, "used_prediction_only": false}, "agent_2": {"detected": true, "localized": true, "position_world": [-1.7323592901229858, 1.3449440002441406, 0.41999998688697815], "orientation_world": [0.9415872693061829, -0.07126140594482422, -0.01070088054984808, -0.328969269990921], "velocity_world": [-0.18294262886047363, -0.019465720281004906, 0.0], "yaw_rad": null, "xy_error_m": 0.008603223599493504, "scan_match_score": 0.932819665103225, "scan_inliers": 0, "used_prediction_only": false}}, "intruder_estimate": {"detected": true, "position_world": [3.3480677604675293, 1.4177314043045044, 1.1768172979354858], "confidence": 0.24429967403411865, "camera_detections": 8, "lidar_detections": 2}, "input_summary": {"dog_imus": ["go2_dog_1", "go2_dog_2"], "dog_lidars": ["dog1_lidar", "dog2_lidar"], "cameras": ["cam_e_lower", "cam_e_upper", "cam_ne", "cam_nw", "cam_se", "cam_sw", "dog1_cam", "dog2_cam"], "ground_truth": ["go2_dog_1", "go2_dog_2", "suspect"]}}}