{"record_type": "perception_result", "recorded_wall_time": 1777599284.1941986, "result": {"source_module": "perception", "pipeline": "perception_pipeline_v1", "step": 1296, "timestamp": 6.48, "dogs": {"agent_1": {"detected": true, "localized": true, "position_world": [-1.566569447517395, -2.1216177940368652, 0.41999998688697815], "orientation_world": [0.9797810316085815, -0.013701433315873146, -0.0123047586530447, -0.19922342896461487], "velocity_world": [-0.20163986086845398, -0.026614299044013023, 0.0], "yaw_rad": null, "xy_error_m": 0.010056868195533752, "scan_match_score": 0.934924418122766, "scan_inliers": 0, "used_prediction_only": false}, "agent_2": {"detected": true, "localized": true, "position_world": [-1.72536039352417, 1.299558162689209, 0.41999998688697815], "orientation_world": [0.948513388633728, 0.001725175534375012, -0.05921940878033638, -0.31114694476127625], "velocity_world": [0.012576516717672348, -0.0397227481007576, 0.0], "yaw_rad": null, "xy_error_m": 0.02796623669564724, "scan_match_score": 0.9335238780326356, "scan_inliers": 0, "used_prediction_only": false}}, "intruder_estimate": {"detected": true, "position_world": [3.5943715572357178, 0.323403000831604, 1.2067606449127197], "confidence": 0.3011072874069214, "camera_detections": 8, "lidar_detections": 2}, "input_summary": {"dog_imus": ["go2_dog_1", "go2_dog_2"], "dog_lidars": ["dog1_lidar", "dog2_lidar"], "cameras": ["cam_e_lower", "cam_e_upper", "cam_ne", "cam_nw", "cam_se", "cam_sw", "dog1_cam", "dog2_cam"], "ground_truth": ["go2_dog_1", "go2_dog_2", "suspect"]}}}