{"record_type": "perception_result", "recorded_wall_time": 1777599022.9490068, "result": {"source_module": "perception", "pipeline": "perception_pipeline_v1", "step": 672, "timestamp": 3.36, "dogs": {"agent_1": {"detected": true, "localized": true, "position_world": [-1.5587750673294067, -2.097913980484009, 0.41999998688697815], "orientation_world": [0.9901778697967529, -0.04445262253284454, -0.050534673035144806, -0.12254814058542252], "velocity_world": [0.06215430796146393, -0.044273603707551956, 0.0], "yaw_rad": null, "xy_error_m": 0.008991869166493416, "scan_match_score": 0.9323496849075651, "scan_inliers": 0, "used_prediction_only": false}, "agent_2": {"detected": true, "localized": true, "position_world": [-1.7868404388427734, 1.3359572887420654, 0.41999998688697815], "orientation_world": [0.9663043022155762, -0.12074661999940872, -0.0024421364068984985, -0.2273109257221222], "velocity_world": [0.13214461505413055, -0.13925360143184662, 0.0], "yaw_rad": null, "xy_error_m": 0.011638058349490166, "scan_match_score": 0.9335196765881008, "scan_inliers": 0, "used_prediction_only": false}}, "intruder_estimate": {"detected": true, "position_world": [3.370046854019165, -0.5379539728164673, 1.1493594646453857], "confidence": 0.22994771003723144, "camera_detections": 8, "lidar_detections": 2}, "input_summary": {"dog_imus": ["go2_dog_1", "go2_dog_2"], "dog_lidars": ["dog1_lidar", "dog2_lidar"], "cameras": ["cam_e_lower", "cam_e_upper", "cam_ne", "cam_nw", "cam_se", "cam_sw", "dog1_cam", "dog2_cam"], "ground_truth": ["go2_dog_1", "go2_dog_2", "suspect"]}}}