{"record_type": "perception_result", "recorded_wall_time": 1777599151.811849, "result": {"source_module": "perception", "pipeline": "perception_pipeline_v1", "step": 980, "timestamp": 4.9, "dogs": {"agent_1": {"detected": true, "localized": true, "position_world": [-1.4898186922073364, -2.143911123275757, 0.41999998688697815], "orientation_world": [0.9804794192314148, -0.00644185533747077, -0.03599459305405617, -0.1931917518377304], "velocity_world": [-0.08011786639690399, -0.018127400428056717, 0.0], "yaw_rad": null, "xy_error_m": 0.011300671845674515, "scan_match_score": 0.9329856521852806, "scan_inliers": 0, "used_prediction_only": false}, "agent_2": {"detected": true, "localized": true, "position_world": [-1.7136116027832031, 1.2982804775238037, 0.41999998688697815], "orientation_world": [0.9480758309364319, -0.01063076127320528, -0.06625271588563919, -0.31088554859161377], "velocity_world": [-0.026952629908919334, -0.010221879929304123, 0.0], "yaw_rad": null, "xy_error_m": 0.016624655574560165, "scan_match_score": 0.9345163745237159, "scan_inliers": 0, "used_prediction_only": false}}, "intruder_estimate": {"detected": true, "position_world": [3.764707326889038, -0.3301903009414673, 1.179505467414856], "confidence": 0.18522975444793702, "camera_detections": 8, "lidar_detections": 2}, "input_summary": {"dog_imus": ["go2_dog_1", "go2_dog_2"], "dog_lidars": ["dog1_lidar", "dog2_lidar"], "cameras": ["cam_e_lower", "cam_e_upper", "cam_ne", "cam_nw", "cam_se", "cam_sw", "dog1_cam", "dog2_cam"], "ground_truth": ["go2_dog_1", "go2_dog_2", "suspect"]}}}