{"record_type": "perception_result", "recorded_wall_time": 1777599297.5655463, "result": {"source_module": "perception", "pipeline": "perception_pipeline_v1", "step": 1328, "timestamp": 6.640000000000001, "dogs": {"agent_1": {"detected": true, "localized": true, "position_world": [-1.5775450468063354, -2.137666702270508, 0.41999998688697815], "orientation_world": [0.9780380129814148, -0.006521997042000294, -0.023196224123239517, -0.20702919363975525], "velocity_world": [-0.10663680732250214, -0.10620822757482529, 0.0], "yaw_rad": null, "xy_error_m": 0.012984279543161392, "scan_match_score": 0.9312806359889506, "scan_inliers": 0, "used_prediction_only": false}, "agent_2": {"detected": true, "localized": true, "position_world": [-1.7276338338851929, 1.2955313920974731, 0.41999998688697815], "orientation_world": [0.9475230574607849, 0.0056586358696222305, -0.06447403132915497, -0.31306737661361694], "velocity_world": [-0.027037328109145164, -0.024470150470733643, 0.0], "yaw_rad": null, "xy_error_m": 0.03522875905036926, "scan_match_score": 0.9326360120685931, "scan_inliers": 0, "used_prediction_only": false}}, "intruder_estimate": {"detected": true, "position_world": [3.577561616897583, 0.3983752727508545, 1.2142457962036133], "confidence": 0.30694358348846434, "camera_detections": 8, "lidar_detections": 2}, "input_summary": {"dog_imus": ["go2_dog_1", "go2_dog_2"], "dog_lidars": ["dog1_lidar", "dog2_lidar"], "cameras": ["cam_e_lower", "cam_e_upper", "cam_ne", "cam_nw", "cam_se", "cam_sw", "dog1_cam", "dog2_cam"], "ground_truth": ["go2_dog_1", "go2_dog_2", "suspect"]}}}