{"record_type": "perception_result", "recorded_wall_time": 1777599419.9988153, "result": {"source_module": "perception", "pipeline": "perception_pipeline_v1", "step": 1620, "timestamp": 8.1, "dogs": {"agent_1": {"detected": true, "localized": true, "position_world": [-1.611729383468628, -2.113774061203003, 0.41999998688697815], "orientation_world": [0.9773460626602173, -0.03860132023692131, -0.039269037544727325, -0.20435909926891327], "velocity_world": [0.011105104349553585, 0.04821047931909561, 0.0], "yaw_rad": null, "xy_error_m": 0.0059476676397025585, "scan_match_score": 0.9334636304164904, "scan_inliers": 0, "used_prediction_only": false}, "agent_2": {"detected": true, "localized": true, "position_world": [-1.728499412536621, 1.3279838562011719, 0.41999998688697815], "orientation_world": [0.9406213760375977, -0.03758440539240837, -0.026557598263025284, -0.33632367849349976], "velocity_world": [-0.024739272892475128, 0.023043939843773842, 0.0], "yaw_rad": null, "xy_error_m": 0.012408999726176262, "scan_match_score": 0.9337539569261535, "scan_inliers": 0, "used_prediction_only": false}}, "intruder_estimate": {"detected": true, "position_world": [3.4360740184783936, 0.9706071019172668, 1.158111810684204], "confidence": 0.3327957630157471, "camera_detections": 8, "lidar_detections": 2}, "input_summary": {"dog_imus": ["go2_dog_1", "go2_dog_2"], "dog_lidars": ["dog1_lidar", "dog2_lidar"], "cameras": ["cam_e_lower", "cam_e_upper", "cam_ne", "cam_nw", "cam_se", "cam_sw", "dog1_cam", "dog2_cam"], "ground_truth": ["go2_dog_1", "go2_dog_2", "suspect"]}}}