{"record_type": "perception_result", "recorded_wall_time": 1777599138.5028188, "result": {"source_module": "perception", "pipeline": "perception_pipeline_v1", "step": 948, "timestamp": 4.74, "dogs": {"agent_1": {"detected": true, "localized": true, "position_world": [-1.4854130744934082, -2.140063524246216, 0.41999998688697815], "orientation_world": [0.9800311326980591, -0.016587352380156517, -0.0331152118742466, -0.19536438584327698], "velocity_world": [0.0383223295211792, 0.14868950843811035, 0.0], "yaw_rad": null, "xy_error_m": 0.005142193753272295, "scan_match_score": 0.93437674239999, "scan_inliers": 0, "used_prediction_only": false}, "agent_2": {"detected": true, "localized": true, "position_world": [-1.6961736679077148, 1.3010154962539673, 0.41999998688697815], "orientation_world": [0.9509817957878113, -0.019397050142288208, -0.04873838648200035, -0.30476561188697815], "velocity_world": [-0.00687108188867569, -0.12309857457876205, 0.0], "yaw_rad": null, "xy_error_m": 0.026062408462166786, "scan_match_score": 0.9375287391729834, "scan_inliers": 0, "used_prediction_only": false}}, "intruder_estimate": {"detected": true, "position_world": [3.7568702697753906, -0.42689675092697144, 1.1515837907791138], "confidence": 0.16360174417495726, "camera_detections": 8, "lidar_detections": 2}, "input_summary": {"dog_imus": ["go2_dog_1", "go2_dog_2"], "dog_lidars": ["dog1_lidar", "dog2_lidar"], "cameras": ["cam_e_lower", "cam_e_upper", "cam_ne", "cam_nw", "cam_se", "cam_sw", "dog1_cam", "dog2_cam"], "ground_truth": ["go2_dog_1", "go2_dog_2", "suspect"]}}}