{"record_type": "perception_result", "recorded_wall_time": 1777600033.187893, "result": {"source_module": "perception", "pipeline": "perception_pipeline_v1", "step": 100, "timestamp": 0.5, "dogs": {"agent_1": {"detected": true, "localized": true, "position_world": [-1.9678592681884766, -1.9824295043945312, 0.41999998688697815], "orientation_world": [0.9995319843292236, -0.02668970264494419, -0.013470492325723171, 0.006481192074716091], "velocity_world": [0.03481777757406235, 0.11624367535114288, 0.0], "yaw_rad": null, "xy_error_m": 0.01376978401094675, "scan_match_score": 0.9319334453466435, "scan_inliers": 0, "used_prediction_only": false}, "agent_2": {"detected": true, "localized": true, "position_world": [-1.9524463415145874, 1.5980645418167114, 0.41999998688697815], "orientation_world": [0.9994222521781921, -0.03240976855158806, -0.010169541463255882, 0.0011826625559478998], "velocity_world": [0.04358895868062973, 0.08538587391376495, 0.0], "yaw_rad": null, "xy_error_m": 0.02602231316268444, "scan_match_score": 0.9326616843710834, "scan_inliers": 0, "used_prediction_only": false}}, "intruder_estimate": {"detected": true, "position_world": [2.1077444553375244, -0.48835253715515137, 1.3157031536102295], "confidence": 0.2614164113998413, "camera_detections": 8, "lidar_detections": 2}, "input_summary": {"dog_imus": ["go2_dog_1", "go2_dog_2"], "dog_lidars": ["dog1_lidar", "dog2_lidar"], "cameras": ["cam_e_lower", "cam_e_upper", "cam_ne", "cam_nw", "cam_se", "cam_sw", "dog1_cam", "dog2_cam"], "ground_truth": ["go2_dog_1", "go2_dog_2", "suspect"]}}}