{"record_type": "perception_result", "recorded_wall_time": 1777598923.7729175, "result": {"source_module": "perception", "pipeline": "perception_pipeline_v1", "step": 436, "timestamp": 2.18, "dogs": {"agent_1": {"detected": true, "localized": true, "position_world": [-1.7210899591445923, -2.037064790725708, 0.41999998688697815], "orientation_world": [0.9947062730789185, -0.0425531268119812, -0.06643588095903397, -0.06584027409553528], "velocity_world": [0.11400192975997925, -0.014583923853933811, 0.0], "yaw_rad": null, "xy_error_m": 0.006173442117869854, "scan_match_score": 0.9343842035770944, "scan_inliers": 0, "used_prediction_only": false}, "agent_2": {"detected": true, "localized": true, "position_world": [-1.9099984169006348, 1.4345561265945435, 0.41999998688697815], "orientation_world": [0.980749249458313, -0.10929765552282333, -0.028454821556806564, -0.15929628908634186], "velocity_world": [0.07669269293546677, 0.03430454805493355, 0.0], "yaw_rad": null, "xy_error_m": 0.011255981400609016, "scan_match_score": 0.9352334079665027, "scan_inliers": 0, "used_prediction_only": false}}, "intruder_estimate": {"detected": false, "position_world": [2.167379379272461, 1.1157119274139404, 1.2206141948699951], "confidence": 0.0, "camera_detections": 8, "lidar_detections": 2}, "input_summary": {"dog_imus": ["go2_dog_1", "go2_dog_2"], "dog_lidars": ["dog1_lidar", "dog2_lidar"], "cameras": ["cam_e_lower", "cam_e_upper", "cam_ne", "cam_nw", "cam_se", "cam_sw", "dog1_cam", "dog2_cam"], "ground_truth": ["go2_dog_1", "go2_dog_2", "suspect"]}}}