{"record_type": "perception_result", "recorded_wall_time": 1777598891.7569451, "result": {"source_module": "perception", "pipeline": "perception_pipeline_v1", "step": 360, "timestamp": 1.8, "dogs": {"agent_1": {"detected": true, "localized": true, "position_world": [-1.780819058418274, -2.0153181552886963, 0.41999998688697815], "orientation_world": [0.9948689341545105, -0.053963009268045425, -0.07010059058666229, -0.04908941313624382], "velocity_world": [0.15825150907039642, -0.04701294004917145, 0.0], "yaw_rad": null, "xy_error_m": 0.007283031474798918, "scan_match_score": 0.9312334638055899, "scan_inliers": 0, "used_prediction_only": false}, "agent_2": {"detected": true, "localized": true, "position_world": [-1.9332722425460815, 1.4471839666366577, 0.41999998688697815], "orientation_world": [0.9824997186660767, -0.1182485818862915, -0.03890164941549301, -0.13855771720409393], "velocity_world": [0.04646832495927811, -0.10029227286577225, 0.0], "yaw_rad": null, "xy_error_m": 0.023680532351136208, "scan_match_score": 0.926463203467317, "scan_inliers": 0, "used_prediction_only": false}}, "intruder_estimate": {"detected": false, "position_world": [2.2860305309295654, 0.4387705624103546, 1.2743618488311768], "confidence": 0.0, "camera_detections": 8, "lidar_detections": 2}, "input_summary": {"dog_imus": ["go2_dog_1", "go2_dog_2"], "dog_lidars": ["dog1_lidar", "dog2_lidar"], "cameras": ["cam_e_lower", "cam_e_upper", "cam_ne", "cam_nw", "cam_se", "cam_sw", "dog1_cam", "dog2_cam"], "ground_truth": ["go2_dog_1", "go2_dog_2", "suspect"]}}}