{"record_type": "perception_result", "recorded_wall_time": 1777599049.9891858, "result": {"source_module": "perception", "pipeline": "perception_pipeline_v1", "step": 736, "timestamp": 3.68, "dogs": {"agent_1": {"detected": true, "localized": true, "position_world": [-1.4940015077590942, -2.127582550048828, 0.41999998688697815], "orientation_world": [0.9885534644126892, -0.06256880611181259, -0.05310486629605293, -0.12659822404384613], "velocity_world": [0.26029911637306213, 0.04096095263957977, 0.0], "yaw_rad": null, "xy_error_m": 0.017447300255298615, "scan_match_score": 0.9293129173515807, "scan_inliers": 0, "used_prediction_only": false}, "agent_2": {"detected": true, "localized": true, "position_world": [-1.7681914567947388, 1.3236836194992065, 0.41999998688697815], "orientation_world": [0.9663145542144775, -0.11619456857442856, -0.008795713074505329, -0.2294725924730301], "velocity_world": [0.0059081679210066795, -0.006554772146046162, 0.0], "yaw_rad": null, "xy_error_m": 0.011747396551072598, "scan_match_score": 0.936226949989439, "scan_inliers": 0, "used_prediction_only": false}}, "intruder_estimate": {"detected": true, "position_world": [3.464958906173706, -0.4723551869392395, 1.1415212154388428], "confidence": 0.2239858865737915, "camera_detections": 8, "lidar_detections": 2}, "input_summary": {"dog_imus": ["go2_dog_1", "go2_dog_2"], "dog_lidars": ["dog1_lidar", "dog2_lidar"], "cameras": ["cam_e_lower", "cam_e_upper", "cam_ne", "cam_nw", "cam_se", "cam_sw", "dog1_cam", "dog2_cam"], "ground_truth": ["go2_dog_1", "go2_dog_2", "suspect"]}}}