{"record_type": "perception_result", "recorded_wall_time": 1777599270.950903, "result": {"source_module": "perception", "pipeline": "perception_pipeline_v1", "step": 1264, "timestamp": 6.32, "dogs": {"agent_1": {"detected": true, "localized": true, "position_world": [-1.546696662902832, -2.1285877227783203, 0.41999998688697815], "orientation_world": [0.9785115122795105, -0.02028629370033741, -0.005268039647489786, -0.20512418448925018], "velocity_world": [0.152683824300766, 0.09847380965948105, 0.0], "yaw_rad": null, "xy_error_m": 0.015301397070288658, "scan_match_score": 0.9343083544666324, "scan_inliers": 0, "used_prediction_only": false}, "agent_2": {"detected": true, "localized": true, "position_world": [-1.7247456312179565, 1.3077635765075684, 0.41999998688697815], "orientation_world": [0.9487757086753845, -0.003358999267220497, -0.0588940791785717, -0.3103947341442108], "velocity_world": [-0.060536939650774, -0.03950247913599014, 0.0], "yaw_rad": null, "xy_error_m": 0.024000514298677444, "scan_match_score": 0.936154103116566, "scan_inliers": 0, "used_prediction_only": false}}, "intruder_estimate": {"detected": true, "position_world": [3.607120990753174, 0.2611074149608612, 1.218770146369934], "confidence": 0.2977434158325195, "camera_detections": 8, "lidar_detections": 2}, "input_summary": {"dog_imus": ["go2_dog_1", "go2_dog_2"], "dog_lidars": ["dog1_lidar", "dog2_lidar"], "cameras": ["cam_e_lower", "cam_e_upper", "cam_ne", "cam_nw", "cam_se", "cam_sw", "dog1_cam", "dog2_cam"], "ground_truth": ["go2_dog_1", "go2_dog_2", "suspect"]}}}