{"record_type": "perception_result", "recorded_wall_time": 1777599750.6174407, "result": {"source_module": "perception", "pipeline": "perception_pipeline_v1", "step": 220, "timestamp": 1.1, "dogs": {"agent_1": {"detected": true, "localized": true, "position_world": [-1.8739274740219116, -1.9862936735153198, 0.41999998688697815], "orientation_world": [0.9990100860595703, -0.00853559747338295, -0.042833998799324036, -0.008444402366876602], "velocity_world": [0.2547298073768616, -0.018259838223457336, 0.0], "yaw_rad": null, "xy_error_m": 0.008925195783376694, "scan_match_score": 0.9358061091123525, "scan_inliers": 0, "used_prediction_only": false}, "agent_2": {"detected": true, "localized": true, "position_world": [-1.9850237369537354, 1.5827600955963135, 0.41999998688697815], "orientation_world": [0.9981024265289307, -0.04742273688316345, -0.037501756101846695, -0.011675016023218632], "velocity_world": [-0.028802942484617233, -0.005917859263718128, 0.0], "yaw_rad": null, "xy_error_m": 0.008571807295084, "scan_match_score": 0.9326317539832306, "scan_inliers": 0, "used_prediction_only": false}}, "intruder_estimate": {"detected": true, "position_world": [2.3486130237579346, -0.4642169177532196, 1.2603317499160767], "confidence": 0.2123500108718872, "camera_detections": 8, "lidar_detections": 2}, "input_summary": {"dog_imus": ["go2_dog_1", "go2_dog_2"], "dog_lidars": ["dog1_lidar", "dog2_lidar"], "cameras": ["cam_e_lower", "cam_e_upper", "cam_ne", "cam_nw", "cam_se", "cam_sw", "dog1_cam", "dog2_cam"], "ground_truth": ["go2_dog_1", "go2_dog_2", "suspect"]}}}