{"record_type": "perception_result", "recorded_wall_time": 1777599498.473508, "result": {"source_module": "perception", "pipeline": "perception_pipeline_v1", "step": 1808, "timestamp": 9.040000000000001, "dogs": {"agent_1": {"detected": true, "localized": true, "position_world": [-1.6502575874328613, -2.1313984394073486, 0.41999998688697815], "orientation_world": [0.9757639169692993, -0.03967474028468132, -0.03307798132300377, -0.21264180541038513], "velocity_world": [-0.06485036015510559, -0.010255148634314537, 0.0], "yaw_rad": null, "xy_error_m": 0.006126657593995333, "scan_match_score": 0.938421913318961, "scan_inliers": 0, "used_prediction_only": false}, "agent_2": {"detected": true, "localized": true, "position_world": [-1.6990582942962646, 1.3553212881088257, 0.41999998688697815], "orientation_world": [0.9438504576683044, -0.0603044293820858, -0.002938783960416913, -0.3248092532157898], "velocity_world": [-0.039747729897499084, -0.013788166455924511, 0.0], "yaw_rad": null, "xy_error_m": 0.014925665222108364, "scan_match_score": 0.9329202113565146, "scan_inliers": 0, "used_prediction_only": false}}, "intruder_estimate": {"detected": true, "position_world": [3.380282402038574, 1.3224436044692993, 1.2043870687484741], "confidence": 0.24068846702575683, "camera_detections": 8, "lidar_detections": 2}, "input_summary": {"dog_imus": ["go2_dog_1", "go2_dog_2"], "dog_lidars": ["dog1_lidar", "dog2_lidar"], "cameras": ["cam_e_lower", "cam_e_upper", "cam_ne", "cam_nw", "cam_se", "cam_sw", "dog1_cam", "dog2_cam"], "ground_truth": ["go2_dog_1", "go2_dog_2", "suspect"]}}}