{"record_type": "perception_result", "recorded_wall_time": 1777599131.7438674, "result": {"source_module": "perception", "pipeline": "perception_pipeline_v1", "step": 932, "timestamp": 4.66, "dogs": {"agent_1": {"detected": true, "localized": true, "position_world": [-1.4883739948272705, -2.149805784225464, 0.41999998688697815], "orientation_world": [0.9787614941596985, -0.023354222998023033, -0.04077249392867088, -0.199544757604599], "velocity_world": [-0.03234585374593735, 0.035731956362724304, 0.0], "yaw_rad": null, "xy_error_m": 0.010370134375989437, "scan_match_score": 0.9343715837354236, "scan_inliers": 0, "used_prediction_only": false}, "agent_2": {"detected": true, "localized": true, "position_world": [-1.6921025514602661, 1.311946153640747, 0.41999998688697815], "orientation_world": [0.9512732028961182, -0.03672407567501068, -0.04820995032787323, -0.30233505368232727], "velocity_world": [0.05705176666378975, -0.01708395779132843, 0.0], "yaw_rad": null, "xy_error_m": 0.02820144034922123, "scan_match_score": 0.9370673585051938, "scan_inliers": 0, "used_prediction_only": false}}, "intruder_estimate": {"detected": true, "position_world": [3.753844738006592, -0.44752803444862366, 1.1522525548934937], "confidence": 0.16360174417495726, "camera_detections": 8, "lidar_detections": 2}, "input_summary": {"dog_imus": ["go2_dog_1", "go2_dog_2"], "dog_lidars": ["dog1_lidar", "dog2_lidar"], "cameras": ["cam_e_lower", "cam_e_upper", "cam_ne", "cam_nw", "cam_se", "cam_sw", "dog1_cam", "dog2_cam"], "ground_truth": ["go2_dog_1", "go2_dog_2", "suspect"]}}}