{"record_type": "perception_result", "recorded_wall_time": 1777599431.7184756, "result": {"source_module": "perception", "pipeline": "perception_pipeline_v1", "step": 1648, "timestamp": 8.24, "dogs": {"agent_1": {"detected": true, "localized": true, "position_world": [-1.6252906322479248, -2.116856098175049, 0.41999998688697815], "orientation_world": [0.9759162068367004, -0.020861133933067322, -0.024916397407650948, -0.21571172773838043], "velocity_world": [-0.03522736579179764, -0.09365113079547882, 0.0], "yaw_rad": null, "xy_error_m": 0.007334971334785223, "scan_match_score": 0.9378767967553535, "scan_inliers": 0, "used_prediction_only": false}, "agent_2": {"detected": true, "localized": true, "position_world": [-1.7363035678863525, 1.3356772661209106, 0.41999998688697815], "orientation_world": [0.9401081204414368, -0.046888113021850586, -0.02117098495364189, -0.33697178959846497], "velocity_world": [-0.037148505449295044, -0.03343278169631958, 0.0], "yaw_rad": null, "xy_error_m": 0.011519989930093288, "scan_match_score": 0.9352982511395349, "scan_inliers": 0, "used_prediction_only": false}}, "intruder_estimate": {"detected": true, "position_world": [3.431727886199951, 1.0227211713790894, 1.158341646194458], "confidence": 0.3328126907348633, "camera_detections": 8, "lidar_detections": 2}, "input_summary": {"dog_imus": ["go2_dog_1", "go2_dog_2"], "dog_lidars": ["dog1_lidar", "dog2_lidar"], "cameras": ["cam_e_lower", "cam_e_upper", "cam_ne", "cam_nw", "cam_se", "cam_sw", "dog1_cam", "dog2_cam"], "ground_truth": ["go2_dog_1", "go2_dog_2", "suspect"]}}}