{"record_type": "perception_result", "recorded_wall_time": 1777599186.9286716, "result": {"source_module": "perception", "pipeline": "perception_pipeline_v1", "step": 1064, "timestamp": 5.32, "dogs": {"agent_1": {"detected": true, "localized": true, "position_world": [-1.5178600549697876, -2.165170669555664, 0.41999998688697815], "orientation_world": [0.9782007932662964, -0.015402968972921371, -0.02788953296840191, -0.20520257949829102], "velocity_world": [-0.025586314499378204, 0.08734588325023651, 0.0], "yaw_rad": null, "xy_error_m": 0.017135875299572945, "scan_match_score": 0.933146141013761, "scan_inliers": 0, "used_prediction_only": false}, "agent_2": {"detected": true, "localized": true, "position_world": [-1.7120106220245361, 1.3024786710739136, 0.41999998688697815], "orientation_world": [0.9490615129470825, -0.0006923869368620217, -0.06561101973056793, -0.3081834614276886], "velocity_world": [-0.11031357944011688, 0.0533442348241806, 0.0], "yaw_rad": null, "xy_error_m": 0.019888075068593025, "scan_match_score": 0.9360569381550651, "scan_inliers": 0, "used_prediction_only": false}}, "intruder_estimate": {"detected": true, "position_world": [3.760244846343994, -0.08887602388858795, 1.1956586837768555], "confidence": 0.25548367500305175, "camera_detections": 8, "lidar_detections": 2}, "input_summary": {"dog_imus": ["go2_dog_1", "go2_dog_2"], "dog_lidars": ["dog1_lidar", "dog2_lidar"], "cameras": ["cam_e_lower", "cam_e_upper", "cam_ne", "cam_nw", "cam_se", "cam_sw", "dog1_cam", "dog2_cam"], "ground_truth": ["go2_dog_1", "go2_dog_2", "suspect"]}}}