{"record_type": "perception_result", "recorded_wall_time": 1777598438.4125743, "result": {"source_module": "perception", "pipeline": "perception_pipeline_v1", "step": 1988, "timestamp": 9.94, "dogs": {"agent_1": {"detected": true, "localized": true, "position_world": [-2.1022887229919434, -2.0138113498687744, 0.41999998688697815], "orientation_world": [0.9999096989631653, 0.00032423314405605197, 0.013080485165119171, 0.0030600542668253183], "velocity_world": [-5.245208740234375e-05, 0.010325114242732525, 0.0], "yaw_rad": null, "xy_error_m": 0.013850551098585129, "scan_match_score": 0.9324349154881401, "scan_inliers": 0, "used_prediction_only": false}, "agent_2": {"detected": true, "localized": true, "position_world": [-2.090867757797241, 1.5987197160720825, 0.41999998688697815], "orientation_world": [0.9999115467071533, 0.00035258368006907403, 0.013067333027720451, -0.002470429753884673], "velocity_world": [0.0018533071270212531, 5.0067901611328125e-05, 0.0], "yaw_rad": null, "xy_error_m": 0.009594416245818138, "scan_match_score": 0.932784721527921, "scan_inliers": 0, "used_prediction_only": false}}, "intruder_estimate": {"detected": true, "position_world": [3.270317792892456, 1.7329297065734863, 1.0842554569244385], "confidence": 0.23774375915527343, "camera_detections": 8, "lidar_detections": 2}, "input_summary": {"dog_imus": ["go2_dog_1", "go2_dog_2"], "dog_lidars": ["dog1_lidar", "dog2_lidar"], "cameras": ["cam_e_lower", "cam_e_upper", "cam_ne", "cam_nw", "cam_se", "cam_sw", "dog1_cam", "dog2_cam"], "ground_truth": ["go2_dog_1", "go2_dog_2", "suspect"]}}}