{"record_type": "perception_result", "recorded_wall_time": 1777599135.1942358, "result": {"source_module": "perception", "pipeline": "perception_pipeline_v1", "step": 940, "timestamp": 4.7, "dogs": {"agent_1": {"detected": true, "localized": true, "position_world": [-1.4903271198272705, -2.1511168479919434, 0.41999998688697815], "orientation_world": [0.979378342628479, -0.020239077508449554, -0.03758787736296654, -0.1974729597568512], "velocity_world": [-0.021670635789632797, 0.025350596755743027, 0.0], "yaw_rad": null, "xy_error_m": 0.014861596748232841, "scan_match_score": 0.9320772829560626, "scan_inliers": 0, "used_prediction_only": false}, "agent_2": {"detected": true, "localized": true, "position_world": [-1.6938825845718384, 1.3109073638916016, 0.41999998688697815], "orientation_world": [0.9512548446655273, -0.028874611482024193, -0.05007490515708923, -0.30294060707092285], "velocity_world": [0.016196969896554947, -0.036862120032310486, 0.0], "yaw_rad": null, "xy_error_m": 0.024140527471899986, "scan_match_score": 0.9374358163610168, "scan_inliers": 0, "used_prediction_only": false}}, "intruder_estimate": {"detected": true, "position_world": [3.7561819553375244, -0.4363132417201996, 1.152053713798523], "confidence": 0.16360174417495726, "camera_detections": 8, "lidar_detections": 2}, "input_summary": {"dog_imus": ["go2_dog_1", "go2_dog_2"], "dog_lidars": ["dog1_lidar", "dog2_lidar"], "cameras": ["cam_e_lower", "cam_e_upper", "cam_ne", "cam_nw", "cam_se", "cam_sw", "dog1_cam", "dog2_cam"], "ground_truth": ["go2_dog_1", "go2_dog_2", "suspect"]}}}