{"record_type": "perception_result", "recorded_wall_time": 1777599215.2721088, "result": {"source_module": "perception", "pipeline": "perception_pipeline_v1", "step": 1132, "timestamp": 5.66, "dogs": {"agent_1": {"detected": true, "localized": true, "position_world": [-1.535251498222351, -2.119964838027954, 0.41999998688697815], "orientation_world": [0.9800353646278381, -0.03437452390789986, -0.016019292175769806, -0.195172980427742], "velocity_world": [-0.061982959508895874, -0.006882076151669025, 0.0], "yaw_rad": null, "xy_error_m": 0.006969917565584183, "scan_match_score": 0.9335012361027131, "scan_inliers": 0, "used_prediction_only": false}, "agent_2": {"detected": true, "localized": true, "position_world": [-1.7300870418548584, 1.2940219640731812, 0.41999998688697815], "orientation_world": [0.9469054937362671, -0.022490330040454865, -0.05864262208342552, -0.3153177797794342], "velocity_world": [0.03173331171274185, -0.024772562086582184, 0.0], "yaw_rad": null, "xy_error_m": 0.0385000966489315, "scan_match_score": 0.9306114931694492, "scan_inliers": 0, "used_prediction_only": false}}, "intruder_estimate": {"detected": true, "position_world": [3.6933705806732178, 0.02482849359512329, 1.1851584911346436], "confidence": 0.2628108739852905, "camera_detections": 8, "lidar_detections": 2}, "input_summary": {"dog_imus": ["go2_dog_1", "go2_dog_2"], "dog_lidars": ["dog1_lidar", "dog2_lidar"], "cameras": ["cam_e_lower", "cam_e_upper", "cam_ne", "cam_nw", "cam_se", "cam_sw", "dog1_cam", "dog2_cam"], "ground_truth": ["go2_dog_1", "go2_dog_2", "suspect"]}}}