{"record_type": "perception_result", "recorded_wall_time": 1777599490.1207306, "result": {"source_module": "perception", "pipeline": "perception_pipeline_v1", "step": 1788, "timestamp": 8.94, "dogs": {"agent_1": {"detected": true, "localized": true, "position_world": [-1.6482353210449219, -2.1313366889953613, 0.41999998688697815], "orientation_world": [0.9748246669769287, -0.04815108701586723, -0.04038292169570923, -0.21393387019634247], "velocity_world": [-0.026279248297214508, -0.0861639603972435, 0.0], "yaw_rad": null, "xy_error_m": 0.0052388329058885574, "scan_match_score": 0.9395958143917441, "scan_inliers": 0, "used_prediction_only": false}, "agent_2": {"detected": true, "localized": true, "position_world": [-1.7141941785812378, 1.3399238586425781, 0.41999998688697815], "orientation_world": [0.9400686025619507, -0.07496146112680435, 0.015064694918692112, -0.33230239152908325], "velocity_world": [0.14208495616912842, -0.035058073699474335, 0.0], "yaw_rad": null, "xy_error_m": 0.01465835701674223, "scan_match_score": 0.9348513011397996, "scan_inliers": 0, "used_prediction_only": false}}, "intruder_estimate": {"detected": true, "position_world": [3.403066396713257, 1.2682602405548096, 1.175919771194458], "confidence": 0.27903127670288086, "camera_detections": 8, "lidar_detections": 2}, "input_summary": {"dog_imus": ["go2_dog_1", "go2_dog_2"], "dog_lidars": ["dog1_lidar", "dog2_lidar"], "cameras": ["cam_e_lower", "cam_e_upper", "cam_ne", "cam_nw", "cam_se", "cam_sw", "dog1_cam", "dog2_cam"], "ground_truth": ["go2_dog_1", "go2_dog_2", "suspect"]}}}