{"record_type": "perception_result", "recorded_wall_time": 1777599245.689465, "result": {"source_module": "perception", "pipeline": "perception_pipeline_v1", "step": 1204, "timestamp": 6.0200000000000005, "dogs": {"agent_1": {"detected": true, "localized": true, "position_world": [-1.55136239528656, -2.15740704536438, 0.41999998688697815], "orientation_world": [0.9766464233398438, 0.00823870301246643, -0.03622673451900482, -0.2116163820028305], "velocity_world": [-0.0437360443174839, -0.050377313047647476, 0.0], "yaw_rad": null, "xy_error_m": 0.012814626097679138, "scan_match_score": 0.9319508103767564, "scan_inliers": 0, "used_prediction_only": false}, "agent_2": {"detected": true, "localized": true, "position_world": [-1.7075814008712769, 1.3097407817840576, 0.41999998688697815], "orientation_world": [0.949355959892273, -0.002981572411954403, -0.05857861042022705, -0.3086792826652527], "velocity_world": [0.0973135232925415, 0.04835795983672142, 0.0], "yaw_rad": null, "xy_error_m": 0.019520429894328117, "scan_match_score": 0.9367549979488039, "scan_inliers": 0, "used_prediction_only": false}}, "intruder_estimate": {"detected": true, "position_world": [3.626216411590576, 0.15620991587638855, 1.235706090927124], "confidence": 0.2898057699203491, "camera_detections": 8, "lidar_detections": 2}, "input_summary": {"dog_imus": ["go2_dog_1", "go2_dog_2"], "dog_lidars": ["dog1_lidar", "dog2_lidar"], "cameras": ["cam_e_lower", "cam_e_upper", "cam_ne", "cam_nw", "cam_se", "cam_sw", "dog1_cam", "dog2_cam"], "ground_truth": ["go2_dog_1", "go2_dog_2", "suspect"]}}}