{"record_type": "perception_result", "recorded_wall_time": 1777598858.3758392, "result": {"source_module": "perception", "pipeline": "perception_pipeline_v1", "step": 280, "timestamp": 1.4000000000000001, "dogs": {"agent_1": {"detected": true, "localized": true, "position_world": [-1.843272089958191, -2.0037994384765625, 0.41999998688697815], "orientation_world": [0.9975111484527588, -0.024081353098154068, -0.05582478642463684, -0.03570995852351189], "velocity_world": [0.3596746325492859, -0.02111111581325531, 0.0], "yaw_rad": null, "xy_error_m": 0.00825404841452837, "scan_match_score": 0.9332228964588924, "scan_inliers": 0, "used_prediction_only": false}, "agent_2": {"detected": true, "localized": true, "position_world": [-1.9717687368392944, 1.50827157497406, 0.41999998688697815], "orientation_world": [0.990397036075592, -0.0781746357679367, -0.03477790951728821, -0.10859526693820953], "velocity_world": [0.112721286714077, -0.11538922041654587, 0.0], "yaw_rad": null, "xy_error_m": 0.018684837967157364, "scan_match_score": 0.9336094561515784, "scan_inliers": 0, "used_prediction_only": false}}, "intruder_estimate": {"detected": true, "position_world": [2.4956371784210205, -0.45950114727020264, 1.2888281345367432], "confidence": 0.15019509792327881, "camera_detections": 8, "lidar_detections": 2}, "input_summary": {"dog_imus": ["go2_dog_1", "go2_dog_2"], "dog_lidars": ["dog1_lidar", "dog2_lidar"], "cameras": ["cam_e_lower", "cam_e_upper", "cam_ne", "cam_nw", "cam_se", "cam_sw", "dog1_cam", "dog2_cam"], "ground_truth": ["go2_dog_1", "go2_dog_2", "suspect"]}}}