{"record_type": "perception_result", "recorded_wall_time": 1777599399.983453, "result": {"source_module": "perception", "pipeline": "perception_pipeline_v1", "step": 1572, "timestamp": 7.86, "dogs": {"agent_1": {"detected": true, "localized": true, "position_world": [-1.6106441020965576, -2.1338701248168945, 0.41999998688697815], "orientation_world": [0.9802711009979248, -0.013346859253942966, -0.008086936548352242, -0.19704082608222961], "velocity_world": [-0.07353270798921585, 0.04351538419723511, 0.0], "yaw_rad": null, "xy_error_m": 0.010458600707352161, "scan_match_score": 0.9341445069563635, "scan_inliers": 0, "used_prediction_only": false}, "agent_2": {"detected": true, "localized": true, "position_world": [-1.7365119457244873, 1.3348830938339233, 0.41999998688697815], "orientation_world": [0.9409182667732239, -0.005651884246617556, -0.05931638181209564, -0.3333503007888794], "velocity_world": [0.010649522766470909, -0.01720724068582058, 0.0], "yaw_rad": null, "xy_error_m": 0.013316608965396881, "scan_match_score": 0.9344722650785027, "scan_inliers": 0, "used_prediction_only": false}}, "intruder_estimate": {"detected": true, "position_world": [3.4535250663757324, 0.8839816451072693, 1.1569600105285645], "confidence": 0.3308644533157349, "camera_detections": 8, "lidar_detections": 2}, "input_summary": {"dog_imus": ["go2_dog_1", "go2_dog_2"], "dog_lidars": ["dog1_lidar", "dog2_lidar"], "cameras": ["cam_e_lower", "cam_e_upper", "cam_ne", "cam_nw", "cam_se", "cam_sw", "dog1_cam", "dog2_cam"], "ground_truth": ["go2_dog_1", "go2_dog_2", "suspect"]}}}