{"record_type": "perception_result", "recorded_wall_time": 1777599468.4183843, "result": {"source_module": "perception", "pipeline": "perception_pipeline_v1", "step": 1736, "timestamp": 8.68, "dogs": {"agent_1": {"detected": true, "localized": true, "position_world": [-1.6334258317947388, -2.1153061389923096, 0.41999998688697815], "orientation_world": [0.9783371090888977, -0.02534845843911171, -0.02708471566438675, -0.20366758108139038], "velocity_world": [-0.03523644059896469, 0.011074955575168133, 0.0], "yaw_rad": null, "xy_error_m": 0.007532837335020304, "scan_match_score": 0.9339569119710509, "scan_inliers": 0, "used_prediction_only": false}, "agent_2": {"detected": true, "localized": true, "position_world": [-1.732452392578125, 1.333915114402771, 0.41999998688697815], "orientation_world": [0.9374496936798096, -0.07394003123044968, -2.7606720323092304e-05, -0.3401777744293213], "velocity_world": [0.0110617121681571, -0.027037419378757477, 0.0], "yaw_rad": null, "xy_error_m": 0.011973506771028042, "scan_match_score": 0.9319212826958828, "scan_inliers": 0, "used_prediction_only": false}}, "intruder_estimate": {"detected": true, "position_world": [3.44059157371521, 1.1580744981765747, 1.1411787271499634], "confidence": 0.2531086206436157, "camera_detections": 8, "lidar_detections": 2}, "input_summary": {"dog_imus": ["go2_dog_1", "go2_dog_2"], "dog_lidars": ["dog1_lidar", "dog2_lidar"], "cameras": ["cam_e_lower", "cam_e_upper", "cam_ne", "cam_nw", "cam_se", "cam_sw", "dog1_cam", "dog2_cam"], "ground_truth": ["go2_dog_1", "go2_dog_2", "suspect"]}}}