{"record_type": "perception_result", "recorded_wall_time": 1777599120.0978804, "result": {"source_module": "perception", "pipeline": "perception_pipeline_v1", "step": 904, "timestamp": 4.5200000000000005, "dogs": {"agent_1": {"detected": true, "localized": true, "position_world": [-1.476930856704712, -2.1535160541534424, 0.41999998688697815], "orientation_world": [0.9791457653045654, -0.015696141868829727, -0.05285818502306938, -0.1955334097146988], "velocity_world": [-0.15029548108577728, -0.009186296723783016, 0.0], "yaw_rad": null, "xy_error_m": 0.009131689555943012, "scan_match_score": 0.9324388037818409, "scan_inliers": 0, "used_prediction_only": false}, "agent_2": {"detected": true, "localized": true, "position_world": [-1.702174186706543, 1.2998439073562622, 0.41999998688697815], "orientation_world": [0.950552761554718, -0.0276983380317688, -0.052116185426712036, -0.3049035370349884], "velocity_world": [0.06023875251412392, 0.008997764438390732, 0.0], "yaw_rad": null, "xy_error_m": 0.029099831357598305, "scan_match_score": 0.9369623491568689, "scan_inliers": 0, "used_prediction_only": false}}, "intruder_estimate": {"detected": true, "position_world": [3.725130081176758, -0.4631657302379608, 1.1472043991088867], "confidence": 0.16354318857192993, "camera_detections": 8, "lidar_detections": 2}, "input_summary": {"dog_imus": ["go2_dog_1", "go2_dog_2"], "dog_lidars": ["dog1_lidar", "dog2_lidar"], "cameras": ["cam_e_lower", "cam_e_upper", "cam_ne", "cam_nw", "cam_se", "cam_sw", "dog1_cam", "dog2_cam"], "ground_truth": ["go2_dog_1", "go2_dog_2", "suspect"]}}}