{"record_type": "perception_result", "recorded_wall_time": 1777599078.4828098, "result": {"source_module": "perception", "pipeline": "perception_pipeline_v1", "step": 804, "timestamp": 4.0200000000000005, "dogs": {"agent_1": {"detected": true, "localized": true, "position_world": [-1.4524067640304565, -2.1475791931152344, 0.41999998688697815], "orientation_world": [0.9867218136787415, -0.059566013514995575, -0.05889280512928963, -0.1391535848379135], "velocity_world": [0.1773022711277008, -0.07209533452987671, 0.0], "yaw_rad": null, "xy_error_m": 0.013257447630167007, "scan_match_score": 0.9345310282018071, "scan_inliers": 0, "used_prediction_only": false}, "agent_2": {"detected": true, "localized": true, "position_world": [-1.7465295791625977, 1.3155508041381836, 0.41999998688697815], "orientation_world": [0.9646828174591064, -0.09486401081085205, -0.007538558915257454, -0.2456240952014923], "velocity_world": [0.04071179777383804, 0.10111673176288605, 0.0], "yaw_rad": null, "xy_error_m": 0.011096709407866001, "scan_match_score": 0.9350569920810478, "scan_inliers": 0, "used_prediction_only": false}}, "intruder_estimate": {"detected": true, "position_world": [3.5519165992736816, -0.4457835257053375, 1.14298415184021], "confidence": 0.16122257709503174, "camera_detections": 8, "lidar_detections": 2}, "input_summary": {"dog_imus": ["go2_dog_1", "go2_dog_2"], "dog_lidars": ["dog1_lidar", "dog2_lidar"], "cameras": ["cam_e_lower", "cam_e_upper", "cam_ne", "cam_nw", "cam_se", "cam_sw", "dog1_cam", "dog2_cam"], "ground_truth": ["go2_dog_1", "go2_dog_2", "suspect"]}}}