{"record_type": "perception_result", "recorded_wall_time": 1777599463.4856093, "result": {"source_module": "perception", "pipeline": "perception_pipeline_v1", "step": 1724, "timestamp": 8.620000000000001, "dogs": {"agent_1": {"detected": true, "localized": true, "position_world": [-1.6289812326431274, -2.1157727241516113, 0.41999998688697815], "orientation_world": [0.9786267280578613, -0.019038842990994453, -0.02099917270243168, -0.20368190109729767], "velocity_world": [-0.004883734509348869, 0.04142173007130623, 0.0], "yaw_rad": null, "xy_error_m": 0.007857486605644226, "scan_match_score": 0.93402487806933, "scan_inliers": 0, "used_prediction_only": false}, "agent_2": {"detected": true, "localized": true, "position_world": [-1.7344508171081543, 1.3348448276519775, 0.41999998688697815], "orientation_world": [0.9384433031082153, -0.05675714835524559, -0.01625010184943676, -0.3403508961200714], "velocity_world": [0.04709330201148987, -0.08703579008579254, 0.0], "yaw_rad": null, "xy_error_m": 0.01495598815381527, "scan_match_score": 0.932569436300332, "scan_inliers": 0, "used_prediction_only": false}}, "intruder_estimate": {"detected": true, "position_world": [3.437638521194458, 1.1411470174789429, 1.1394245624542236], "confidence": 0.2540661096572876, "camera_detections": 8, "lidar_detections": 2}, "input_summary": {"dog_imus": ["go2_dog_1", "go2_dog_2"], "dog_lidars": ["dog1_lidar", "dog2_lidar"], "cameras": ["cam_e_lower", "cam_e_upper", "cam_ne", "cam_nw", "cam_se", "cam_sw", "dog1_cam", "dog2_cam"], "ground_truth": ["go2_dog_1", "go2_dog_2", "suspect"]}}}