{"record_type": "perception_result", "recorded_wall_time": 1777599374.7035868, "result": {"source_module": "perception", "pipeline": "perception_pipeline_v1", "step": 1512, "timestamp": 7.5600000000000005, "dogs": {"agent_1": {"detected": true, "localized": true, "position_world": [-1.622814416885376, -2.143188238143921, 0.41999998688697815], "orientation_world": [0.9778871536254883, -0.002237826818600297, -0.02266441471874714, -0.2078896462917328], "velocity_world": [-0.10144607722759247, -0.0009286111453548074, 0.0], "yaw_rad": null, "xy_error_m": 0.013983451761305332, "scan_match_score": 0.9335478537434697, "scan_inliers": 0, "used_prediction_only": false}, "agent_2": {"detected": true, "localized": true, "position_world": [-1.7303407192230225, 1.329219102859497, 0.41999998688697815], "orientation_world": [0.9407577514648438, 0.00023551471531391144, -0.06793572753667831, -0.33220410346984863], "velocity_world": [0.0804135650396347, -0.028400354087352753, 0.0], "yaw_rad": null, "xy_error_m": 0.01683233492076397, "scan_match_score": 0.9335305095609745, "scan_inliers": 0, "used_prediction_only": false}}, "intruder_estimate": {"detected": true, "position_world": [3.4838151931762695, 0.7712215185165405, 1.1745110750198364], "confidence": 0.32787933349609377, "camera_detections": 8, "lidar_detections": 2}, "input_summary": {"dog_imus": ["go2_dog_1", "go2_dog_2"], "dog_lidars": ["dog1_lidar", "dog2_lidar"], "cameras": ["cam_e_lower", "cam_e_upper", "cam_ne", "cam_nw", "cam_se", "cam_sw", "dog1_cam", "dog2_cam"], "ground_truth": ["go2_dog_1", "go2_dog_2", "suspect"]}}}