{"record_type": "perception_result", "recorded_wall_time": 1777599332.7871122, "result": {"source_module": "perception", "pipeline": "perception_pipeline_v1", "step": 1412, "timestamp": 7.0600000000000005, "dogs": {"agent_1": {"detected": true, "localized": true, "position_world": [-1.5765351057052612, -2.1307120323181152, 0.41999998688697815], "orientation_world": [0.9798312783241272, -0.010382493957877159, -0.01021554321050644, -0.19929490983486176], "velocity_world": [0.05462115630507469, 0.07710069417953491, 0.0], "yaw_rad": null, "xy_error_m": 0.006733612157404423, "scan_match_score": 0.9340544574837442, "scan_inliers": 0, "used_prediction_only": false}, "agent_2": {"detected": true, "localized": true, "position_world": [-1.7302042245864868, 1.3353345394134521, 0.41999998688697815], "orientation_world": [0.9438596367835999, -0.00178866449277848, -0.06304118782281876, -0.32427090406417847], "velocity_world": [0.021986529231071472, 0.019735461100935936, 0.0], "yaw_rad": null, "xy_error_m": 0.008892297744750977, "scan_match_score": 0.9319342264613756, "scan_inliers": 0, "used_prediction_only": false}}, "intruder_estimate": {"detected": true, "position_world": [3.5338828563690186, 0.570940375328064, 1.1956462860107422], "confidence": 0.31224584579467773, "camera_detections": 8, "lidar_detections": 2}, "input_summary": {"dog_imus": ["go2_dog_1", "go2_dog_2"], "dog_lidars": ["dog1_lidar", "dog2_lidar"], "cameras": ["cam_e_lower", "cam_e_upper", "cam_ne", "cam_nw", "cam_se", "cam_sw", "dog1_cam", "dog2_cam"], "ground_truth": ["go2_dog_1", "go2_dog_2", "suspect"]}}}