{"record_type": "perception_result", "recorded_wall_time": 1777599389.8830829, "result": {"source_module": "perception", "pipeline": "perception_pipeline_v1", "step": 1548, "timestamp": 7.74, "dogs": {"agent_1": {"detected": true, "localized": true, "position_world": [-1.6254857778549194, -2.12811017036438, 0.41999998688697815], "orientation_world": [0.9781363010406494, -0.014151390641927719, -0.013094943948090076, -0.20706920325756073], "velocity_world": [0.0902777910232544, 0.03948337957262993, 0.0], "yaw_rad": null, "xy_error_m": 0.015021721832454205, "scan_match_score": 0.9349366542674629, "scan_inliers": 0, "used_prediction_only": false}, "agent_2": {"detected": true, "localized": true, "position_world": [-1.736604928970337, 1.3348724842071533, 0.41999998688697815], "orientation_world": [0.9408564567565918, -0.012884912081062794, -0.05550513416528702, -0.33397942781448364], "velocity_world": [0.012484260834753513, 0.022460632026195526, 0.0], "yaw_rad": null, "xy_error_m": 0.0128083610907197, "scan_match_score": 0.9338772956479648, "scan_inliers": 0, "used_prediction_only": false}}, "intruder_estimate": {"detected": true, "position_world": [3.4681828022003174, 0.835633397102356, 1.1671271324157715], "confidence": 0.33016481399536135, "camera_detections": 8, "lidar_detections": 2}, "input_summary": {"dog_imus": ["go2_dog_1", "go2_dog_2"], "dog_lidars": ["dog1_lidar", "dog2_lidar"], "cameras": ["cam_e_lower", "cam_e_upper", "cam_ne", "cam_nw", "cam_se", "cam_sw", "dog1_cam", "dog2_cam"], "ground_truth": ["go2_dog_1", "go2_dog_2", "suspect"]}}}