{"record_type": "perception_result", "recorded_wall_time": 1777599123.4309494, "result": {"source_module": "perception", "pipeline": "perception_pipeline_v1", "step": 912, "timestamp": 4.5600000000000005, "dogs": {"agent_1": {"detected": true, "localized": true, "position_world": [-1.484522819519043, -2.1540443897247314, 0.41999998688697815], "orientation_world": [0.9790535569190979, -0.016591185703873634, -0.04551466181874275, -0.19775579869747162], "velocity_world": [-0.15315617620944977, 0.013781571760773659, 0.0], "yaw_rad": null, "xy_error_m": 0.011338608339428902, "scan_match_score": 0.9329661462827794, "scan_inliers": 0, "used_prediction_only": false}, "agent_2": {"detected": true, "localized": true, "position_world": [-1.6986539363861084, 1.3083666563034058, 0.41999998688697815], "orientation_world": [0.9510321617126465, -0.027291854843497276, -0.05061550438404083, -0.30369579792022705], "velocity_world": [0.0704604983329773, 0.11804340779781342, 0.0], "yaw_rad": null, "xy_error_m": 0.027104707434773445, "scan_match_score": 0.9363862675100366, "scan_inliers": 0, "used_prediction_only": false}}, "intruder_estimate": {"detected": true, "position_world": [3.739027261734009, -0.4618220627307892, 1.1515884399414062], "confidence": 0.16354318857192993, "camera_detections": 8, "lidar_detections": 2}, "input_summary": {"dog_imus": ["go2_dog_1", "go2_dog_2"], "dog_lidars": ["dog1_lidar", "dog2_lidar"], "cameras": ["cam_e_lower", "cam_e_upper", "cam_ne", "cam_nw", "cam_se", "cam_sw", "dog1_cam", "dog2_cam"], "ground_truth": ["go2_dog_1", "go2_dog_2", "suspect"]}}}