{"record_type": "perception_result", "recorded_wall_time": 1777598473.6345417, "result": {"source_module": "perception", "pipeline": "perception_pipeline_v1", "step": 2072, "timestamp": 10.36, "dogs": {"agent_1": {"detected": true, "localized": true, "position_world": [-2.1017215251922607, -2.013284921646118, 0.41999998688697815], "orientation_world": [0.999908447265625, 0.00032593714422546327, 0.01315405685454607, 0.003151834011077881], "velocity_world": [-0.0017325085354968905, 0.0031868617516011, 0.0], "yaw_rad": null, "xy_error_m": 0.01332305371761322, "scan_match_score": 0.9325979178104553, "scan_inliers": 0, "used_prediction_only": false}, "agent_2": {"detected": true, "localized": true, "position_world": [-2.091261625289917, 1.5994542837142944, 0.41999998688697815], "orientation_world": [0.9999107718467712, 0.0003474561672192067, 0.013141624629497528, -0.0023892512544989586], "velocity_world": [-0.0037209193687886, 0.0006500880117528141, 0.0], "yaw_rad": null, "xy_error_m": 0.008615640923380852, "scan_match_score": 0.9330663409489484, "scan_inliers": 0, "used_prediction_only": false}}, "intruder_estimate": {"detected": true, "position_world": [3.1951112747192383, 1.8961260318756104, 1.0892024040222168], "confidence": 0.23086824417114257, "camera_detections": 8, "lidar_detections": 2}, "input_summary": {"dog_imus": ["go2_dog_1", "go2_dog_2"], "dog_lidars": ["dog1_lidar", "dog2_lidar"], "cameras": ["cam_e_lower", "cam_e_upper", "cam_ne", "cam_nw", "cam_se", "cam_sw", "dog1_cam", "dog2_cam"], "ground_truth": ["go2_dog_1", "go2_dog_2", "suspect"]}}}