{"record_type": "perception_result", "recorded_wall_time": 1777599287.5124621, "result": {"source_module": "perception", "pipeline": "perception_pipeline_v1", "step": 1304, "timestamp": 6.5200000000000005, "dogs": {"agent_1": {"detected": true, "localized": true, "position_world": [-1.565312147140503, -2.1214919090270996, 0.41999998688697815], "orientation_world": [0.9796384572982788, -0.010247702710330486, -0.01596570573747158, -0.1998712569475174], "velocity_world": [-0.049791160970926285, -0.03441520780324936, 0.0], "yaw_rad": null, "xy_error_m": 0.007254919968545437, "scan_match_score": 0.9353795254737564, "scan_inliers": 0, "used_prediction_only": false}, "agent_2": {"detected": true, "localized": true, "position_world": [-1.72562575340271, 1.2990214824676514, 0.41999998688697815], "orientation_world": [0.9485340714454651, 0.003616056637838483, -0.060367029160261154, -0.3108469843864441], "velocity_world": [0.0028286208398640156, -0.002813712228089571, 0.0], "yaw_rad": null, "xy_error_m": 0.02824370563030243, "scan_match_score": 0.9333663196945445, "scan_inliers": 0, "used_prediction_only": false}}, "intruder_estimate": {"detected": true, "position_world": [3.589674949645996, 0.34549328684806824, 1.204326868057251], "confidence": 0.30477137565612794, "camera_detections": 8, "lidar_detections": 2}, "input_summary": {"dog_imus": ["go2_dog_1", "go2_dog_2"], "dog_lidars": ["dog1_lidar", "dog2_lidar"], "cameras": ["cam_e_lower", "cam_e_upper", "cam_ne", "cam_nw", "cam_se", "cam_sw", "dog1_cam", "dog2_cam"], "ground_truth": ["go2_dog_1", "go2_dog_2", "suspect"]}}}