{"record_type": "perception_result", "recorded_wall_time": 1777599232.2468586, "result": {"source_module": "perception", "pipeline": "perception_pipeline_v1", "step": 1172, "timestamp": 5.86, "dogs": {"agent_1": {"detected": true, "localized": true, "position_world": [-1.5402414798736572, -2.135451078414917, 0.41999998688697815], "orientation_world": [0.9792546629905701, -0.0033672163262963295, -0.029205257073044777, -0.20048964023590088], "velocity_world": [-0.07023698836565018, -0.1197115033864975, 0.0], "yaw_rad": null, "xy_error_m": 0.004331196192651987, "scan_match_score": 0.9321260875251343, "scan_inliers": 0, "used_prediction_only": false}, "agent_2": {"detected": true, "localized": true, "position_world": [-1.7209969758987427, 1.2903661727905273, 0.41999998688697815], "orientation_world": [0.947566032409668, -0.003314786357805133, -0.06109258159995079, -0.31364840269088745], "velocity_world": [-0.015657318755984306, -0.015105951577425003, 0.0], "yaw_rad": null, "xy_error_m": 0.03950468823313713, "scan_match_score": 0.9317776878126659, "scan_inliers": 0, "used_prediction_only": false}}, "intruder_estimate": {"detected": true, "position_world": [3.6405439376831055, 0.10078421235084534, 1.202288269996643], "confidence": 0.2757100105285645, "camera_detections": 8, "lidar_detections": 2}, "input_summary": {"dog_imus": ["go2_dog_1", "go2_dog_2"], "dog_lidars": ["dog1_lidar", "dog2_lidar"], "cameras": ["cam_e_lower", "cam_e_upper", "cam_ne", "cam_nw", "cam_se", "cam_sw", "dog1_cam", "dog2_cam"], "ground_truth": ["go2_dog_1", "go2_dog_2", "suspect"]}}}