{"record_type": "perception_result", "recorded_wall_time": 1777598920.3998775, "result": {"source_module": "perception", "pipeline": "perception_pipeline_v1", "step": 428, "timestamp": 2.14, "dogs": {"agent_1": {"detected": true, "localized": true, "position_world": [-1.724314570426941, -2.037046194076538, 0.41999998688697815], "orientation_world": [0.9942127466201782, -0.05057389661669731, -0.06918908655643463, -0.06477820128202438], "velocity_world": [0.24401384592056274, -0.08544567227363586, 0.0], "yaw_rad": null, "xy_error_m": 0.00814155861735344, "scan_match_score": 0.933307244990418, "scan_inliers": 0, "used_prediction_only": false}, "agent_2": {"detected": true, "localized": true, "position_world": [-1.9187618494033813, 1.431621789932251, 0.41999998688697815], "orientation_world": [0.9816380143165588, -0.10650106519460678, -0.03141147643327713, -0.15510545670986176], "velocity_world": [-0.02182067185640335, 0.009638883173465729, 0.0], "yaw_rad": null, "xy_error_m": 0.014030941762030125, "scan_match_score": 0.932286683221572, "scan_inliers": 0, "used_prediction_only": false}}, "intruder_estimate": {"detected": false, "position_world": [2.180562734603882, 1.0404962301254272, 1.2386178970336914], "confidence": 0.0, "camera_detections": 8, "lidar_detections": 2}, "input_summary": {"dog_imus": ["go2_dog_1", "go2_dog_2"], "dog_lidars": ["dog1_lidar", "dog2_lidar"], "cameras": ["cam_e_lower", "cam_e_upper", "cam_ne", "cam_nw", "cam_se", "cam_sw", "dog1_cam", "dog2_cam"], "ground_truth": ["go2_dog_1", "go2_dog_2", "suspect"]}}}