{"record_type": "perception_result", "recorded_wall_time": 1777599715.4546585, "result": {"source_module": "perception", "pipeline": "perception_pipeline_v1", "step": 136, "timestamp": 0.68, "dogs": {"agent_1": {"detected": true, "localized": true, "position_world": [-1.944583535194397, -1.9809010028839111, 0.41999998688697815], "orientation_world": [0.999333918094635, -0.018384868279099464, -0.031177151948213577, 0.004655237775295973], "velocity_world": [0.2341422587633133, -0.05004939064383507, 0.0], "yaw_rad": null, "xy_error_m": 0.013150080107152462, "scan_match_score": 0.9319557989334057, "scan_inliers": 0, "used_prediction_only": false}, "agent_2": {"detected": true, "localized": true, "position_world": [-1.9704341888427734, 1.596543550491333, 0.41999998688697815], "orientation_world": [0.9991047382354736, -0.0309615358710289, -0.028828339651226997, 0.00024952355306595564], "velocity_world": [-0.014440644532442093, -0.02175757847726345, 0.0], "yaw_rad": null, "xy_error_m": 0.008024652488529682, "scan_match_score": 0.9350343449748255, "scan_inliers": 0, "used_prediction_only": false}}, "intruder_estimate": {"detected": true, "position_world": [2.2088611125946045, -0.473373681306839, 1.2871376276016235], "confidence": 0.2600679397583008, "camera_detections": 8, "lidar_detections": 2}, "input_summary": {"dog_imus": ["go2_dog_1", "go2_dog_2"], "dog_lidars": ["dog1_lidar", "dog2_lidar"], "cameras": ["cam_e_lower", "cam_e_upper", "cam_ne", "cam_nw", "cam_se", "cam_sw", "dog1_cam", "dog2_cam"], "ground_truth": ["go2_dog_1", "go2_dog_2", "suspect"]}}}