{"record_type": "perception_result", "recorded_wall_time": 1777599344.457619, "result": {"source_module": "perception", "pipeline": "perception_pipeline_v1", "step": 1440, "timestamp": 7.2, "dogs": {"agent_1": {"detected": true, "localized": true, "position_world": [-1.5822747945785522, -2.1257271766662598, 0.41999998688697815], "orientation_world": [0.9804734587669373, -0.020612943917512894, -0.02100382372736931, -0.19443704187870026], "velocity_world": [0.04114806652069092, -0.00835162028670311, 0.0], "yaw_rad": null, "xy_error_m": 0.005772436037659645, "scan_match_score": 0.9361373868064984, "scan_inliers": 0, "used_prediction_only": false}, "agent_2": {"detected": true, "localized": true, "position_world": [-1.7184290885925293, 1.3375539779663086, 0.41999998688697815], "orientation_world": [0.9445160627365112, -0.019920311868190765, -0.047028061002492905, -0.32447025179862976], "velocity_world": [0.016311049461364746, -0.00036803074181079865, 0.0], "yaw_rad": null, "xy_error_m": 0.00483236089348793, "scan_match_score": 0.9314996549984282, "scan_inliers": 0, "used_prediction_only": false}}, "intruder_estimate": {"detected": true, "position_world": [3.52013897895813, 0.6224285960197449, 1.1984481811523438], "confidence": 0.3134344816207886, "camera_detections": 8, "lidar_detections": 2}, "input_summary": {"dog_imus": ["go2_dog_1", "go2_dog_2"], "dog_lidars": ["dog1_lidar", "dog2_lidar"], "cameras": ["cam_e_lower", "cam_e_upper", "cam_ne", "cam_nw", "cam_se", "cam_sw", "dog1_cam", "dog2_cam"], "ground_truth": ["go2_dog_1", "go2_dog_2", "suspect"]}}}