{"record_type": "perception_result", "recorded_wall_time": 1777599242.3586261, "result": {"source_module": "perception", "pipeline": "perception_pipeline_v1", "step": 1196, "timestamp": 5.98, "dogs": {"agent_1": {"detected": true, "localized": true, "position_world": [-1.5515313148498535, -2.153195381164551, 0.41999998688697815], "orientation_world": [0.9770134687423706, 0.007290587294846773, -0.03826417028903961, -0.2095886915922165], "velocity_world": [-0.0333043597638607, -0.10638386756181717, 0.0], "yaw_rad": null, "xy_error_m": 0.01019368041306734, "scan_match_score": 0.9349916423370549, "scan_inliers": 0, "used_prediction_only": false}, "agent_2": {"detected": true, "localized": true, "position_world": [-1.7178419828414917, 1.3056375980377197, 0.41999998688697815], "orientation_world": [0.9493146538734436, -0.004877618048340082, -0.05717442184686661, -0.30904528498649597], "velocity_world": [0.035016413778066635, 0.06988485902547836, 0.0], "yaw_rad": null, "xy_error_m": 0.023725543171167374, "scan_match_score": 0.9361942911619736, "scan_inliers": 0, "used_prediction_only": false}}, "intruder_estimate": {"detected": true, "position_world": [3.6297101974487305, 0.13869382441043854, 1.226162075996399], "confidence": 0.28334760665893555, "camera_detections": 8, "lidar_detections": 2}, "input_summary": {"dog_imus": ["go2_dog_1", "go2_dog_2"], "dog_lidars": ["dog1_lidar", "dog2_lidar"], "cameras": ["cam_e_lower", "cam_e_upper", "cam_ne", "cam_nw", "cam_se", "cam_sw", "dog1_cam", "dog2_cam"], "ground_truth": ["go2_dog_1", "go2_dog_2", "suspect"]}}}