{"record_type": "perception_result", "recorded_wall_time": 1777598866.7800891, "result": {"source_module": "perception", "pipeline": "perception_pipeline_v1", "step": 300, "timestamp": 1.5, "dogs": {"agent_1": {"detected": true, "localized": true, "position_world": [-1.8285911083221436, -2.009650468826294, 0.41999998688697815], "orientation_world": [0.9973918795585632, -0.024161091074347496, -0.05656271055340767, -0.037766795605421066], "velocity_world": [0.09481284767389297, -0.014287024736404419, 0.0], "yaw_rad": null, "xy_error_m": 0.004927797242999077, "scan_match_score": 0.9353565815897434, "scan_inliers": 0, "used_prediction_only": false}, "agent_2": {"detected": true, "localized": true, "position_world": [-1.9496687650680542, 1.5167135000228882, 0.41999998688697815], "orientation_world": [0.9889594912528992, -0.08209800720214844, -0.041543591767549515, -0.11616024374961853], "velocity_world": [0.14764532446861267, 0.06251564621925354, 0.0], "yaw_rad": null, "xy_error_m": 0.015094618313014507, "scan_match_score": 0.9330538562941324, "scan_inliers": 0, "used_prediction_only": false}}, "intruder_estimate": {"detected": true, "position_world": [2.4802639484405518, -0.3109097182750702, 1.2935196161270142], "confidence": 0.0137488726738109, "camera_detections": 8, "lidar_detections": 2}, "input_summary": {"dog_imus": ["go2_dog_1", "go2_dog_2"], "dog_lidars": ["dog1_lidar", "dog2_lidar"], "cameras": ["cam_e_lower", "cam_e_upper", "cam_ne", "cam_nw", "cam_se", "cam_sw", "dog1_cam", "dog2_cam"], "ground_truth": ["go2_dog_1", "go2_dog_2", "suspect"]}}}