{"record_type": "perception_result", "recorded_wall_time": 1777599196.9237297, "result": {"source_module": "perception", "pipeline": "perception_pipeline_v1", "step": 1088, "timestamp": 5.44, "dogs": {"agent_1": {"detected": true, "localized": true, "position_world": [-1.5182892084121704, -2.1428091526031494, 0.41999998688697815], "orientation_world": [0.9783183932304382, -0.025584513321518898, -0.013462177477777004, -0.20507872104644775], "velocity_world": [-0.00527578592300415, 0.12298310548067093, 0.0], "yaw_rad": null, "xy_error_m": 0.009608072228729725, "scan_match_score": 0.9349696741323538, "scan_inliers": 0, "used_prediction_only": false}, "agent_2": {"detected": true, "localized": true, "position_world": [-1.7234774827957153, 1.2991979122161865, 0.41999998688697815], "orientation_world": [0.9473762512207031, -0.0009374614455737174, -0.07130628079175949, -0.31207817792892456], "velocity_world": [-0.03489166498184204, 0.006412595510482788, 0.0], "yaw_rad": null, "xy_error_m": 0.027580764144659042, "scan_match_score": 0.9321933639456965, "scan_inliers": 0, "used_prediction_only": false}}, "intruder_estimate": {"detected": true, "position_world": [3.740129232406616, -0.045684926211833954, 1.194328784942627], "confidence": 0.26161630153656007, "camera_detections": 8, "lidar_detections": 2}, "input_summary": {"dog_imus": ["go2_dog_1", "go2_dog_2"], "dog_lidars": ["dog1_lidar", "dog2_lidar"], "cameras": ["cam_e_lower", "cam_e_upper", "cam_ne", "cam_nw", "cam_se", "cam_sw", "dog1_cam", "dog2_cam"], "ground_truth": ["go2_dog_1", "go2_dog_2", "suspect"]}}}