{"record_type": "perception_result", "recorded_wall_time": 1777598416.7277038, "result": {"source_module": "perception", "pipeline": "perception_pipeline_v1", "step": 1936, "timestamp": 9.68, "dogs": {"agent_1": {"detected": true, "localized": true, "position_world": [-2.102505683898926, -2.0147461891174316, 0.41999998688697815], "orientation_world": [0.9999123215675354, 0.00031653555925004184, 0.01287416648119688, 0.003088731551542878], "velocity_world": [-2.86102294921875e-05, 1.9073486328125e-05, 0.0], "yaw_rad": null, "xy_error_m": 0.014771834015846252, "scan_match_score": 0.9324538429819856, "scan_inliers": 0, "used_prediction_only": false}, "agent_2": {"detected": true, "localized": true, "position_world": [-2.0902931690216064, 1.598172664642334, 0.41999998688697815], "orientation_world": [0.9999142289161682, 0.00035052650491707027, 0.012861937284469604, -0.002470041159540415], "velocity_world": [0.0072129569016397, -0.0030628840904682875, 0.0], "yaw_rad": null, "xy_error_m": 0.010500902310013771, "scan_match_score": 0.9331579372973133, "scan_inliers": 0, "used_prediction_only": false}}, "intruder_estimate": {"detected": true, "position_world": [3.292755365371704, 1.6290639638900757, 1.082695722579956], "confidence": 0.24031660556793213, "camera_detections": 8, "lidar_detections": 2}, "input_summary": {"dog_imus": ["go2_dog_1", "go2_dog_2"], "dog_lidars": ["dog1_lidar", "dog2_lidar"], "cameras": ["cam_e_lower", "cam_e_upper", "cam_ne", "cam_nw", "cam_se", "cam_sw", "dog1_cam", "dog2_cam"], "ground_truth": ["go2_dog_1", "go2_dog_2", "suspect"]}}}