{"record_type": "perception_result", "recorded_wall_time": 1777599542.5323699, "result": {"source_module": "perception", "pipeline": "perception_pipeline_v1", "step": 1912, "timestamp": 9.56, "dogs": {"agent_1": {"detected": true, "localized": true, "position_world": [-1.6596893072128296, -2.133183479309082, 0.41999998688697815], "orientation_world": [0.9755249619483948, -0.06971774995326996, -0.04241136834025383, -0.20418572425842285], "velocity_world": [-0.0817667543888092, -0.009453684091567993, 0.0], "yaw_rad": null, "xy_error_m": 0.002867397153750062, "scan_match_score": 0.9378245069528561, "scan_inliers": 0, "used_prediction_only": false}, "agent_2": {"detected": true, "localized": true, "position_world": [-1.7004603147506714, 1.333787202835083, 0.41999998688697815], "orientation_world": [0.9465655088424683, -0.08663371950387955, 0.023078223690390587, -0.309799462556839], "velocity_world": [0.0334012396633625, -0.07066303491592407, 0.0], "yaw_rad": null, "xy_error_m": 0.015509529039263725, "scan_match_score": 0.9340818073204256, "scan_inliers": 0, "used_prediction_only": false}}, "intruder_estimate": {"detected": true, "position_world": [3.301905870437622, 1.58948814868927, 1.1947298049926758], "confidence": 0.24038176536560057, "camera_detections": 8, "lidar_detections": 2}, "input_summary": {"dog_imus": ["go2_dog_1", "go2_dog_2"], "dog_lidars": ["dog1_lidar", "dog2_lidar"], "cameras": ["cam_e_lower", "cam_e_upper", "cam_ne", "cam_nw", "cam_se", "cam_sw", "dog1_cam", "dog2_cam"], "ground_truth": ["go2_dog_1", "go2_dog_2", "suspect"]}}}