{
  "source_module": "perception",
  "pipeline": "perception_pipeline_v1",
  "step": 252,
  "timestamp": 1.26,
  "dogs": {
    "agent_1": {
      "detected": true,
      "localized": true,
      "position_world": [
        -2.0016257762908936,
        -1.9994091987609863,
        0.41999998688697815
      ],
      "orientation_world": [
        0.9999979734420776,
        3.489033042569645e-05,
        0.0020198551937937737,
        0.00014998644473962486
      ],
      "velocity_world": [
        0.0,
        0.0,
        0.0
      ],
      "yaw_rad": null,
      "xy_error_m": 0.11021267622709274,
      "scan_match_score": 0.9334675283978221,
      "scan_inliers": 0,
      "used_prediction_only": false
    },
    "agent_2": {
      "detected": true,
      "localized": true,
      "position_world": [
        -1.9950027465820312,
        1.6010091304779053,
        0.41999998688697815
      ],
      "orientation_world": [
        0.9999979734420776,
        3.4120115742553025e-05,
        0.0020191995427012444,
        0.00028069052495993674
      ],
      "velocity_world": [
        0.0,
        0.0,
        0.0
      ],
      "yaw_rad": null,
      "xy_error_m": 0.11683648824691772,
      "scan_match_score": 0.9332006869503044,
      "scan_inliers": 0,
      "used_prediction_only": false
    }
  },
  "intruder_estimate": {
    "detected": true,
    "position_world": [
      -3.0306665897369385,
      -4.569966793060303,
      1.1744862794876099
    ],
    "confidence": 0.04328648447990417,
    "camera_detections": 8,
    "lidar_detections": 2
  },
  "input_summary": {
    "dog_imus": [
      "go2_dog_1",
      "go2_dog_2"
    ],
    "dog_lidars": [
      "dog1_lidar",
      "dog2_lidar"
    ],
    "cameras": [
      "cam_e_lower",
      "cam_e_upper",
      "cam_ne",
      "cam_nw",
      "cam_se",
      "cam_sw",
      "dog1_cam",
      "dog2_cam"
    ],
    "ground_truth": [
      "go2_dog_1",
      "go2_dog_2",
      "suspect"
    ]
  }
}