{"record_type": "perception_result", "recorded_wall_time": 1777599326.114635, "result": {"source_module": "perception", "pipeline": "perception_pipeline_v1", "step": 1396, "timestamp": 6.98, "dogs": {"agent_1": {"detected": true, "localized": true, "position_world": [-1.5878956317901611, -2.1367616653442383, 0.41999998688697815], "orientation_world": [0.9789125323295593, -0.007960129529237747, -0.012049988843500614, -0.20376862585544586], "velocity_world": [0.0009671966545283794, 0.10716763138771057, 0.0], "yaw_rad": null, "xy_error_m": 0.010442173108458519, "scan_match_score": 0.9341589021398213, "scan_inliers": 0, "used_prediction_only": false}, "agent_2": {"detected": true, "localized": true, "position_world": [-1.7297358512878418, 1.3320869207382202, 0.41999998688697815], "orientation_world": [0.944789707660675, -0.0026033814065158367, -0.060982294380664825, -0.32194221019744873], "velocity_world": [-0.0012029149802401662, 0.05331329256296158, 0.0], "yaw_rad": null, "xy_error_m": 0.01206265389919281, "scan_match_score": 0.9300790271736306, "scan_inliers": 0, "used_prediction_only": false}}, "intruder_estimate": {"detected": true, "position_world": [3.5423390865325928, 0.5307886004447937, 1.2027251720428467], "confidence": 0.3102407932281494, "camera_detections": 8, "lidar_detections": 2}, "input_summary": {"dog_imus": ["go2_dog_1", "go2_dog_2"], "dog_lidars": ["dog1_lidar", "dog2_lidar"], "cameras": ["cam_e_lower", "cam_e_upper", "cam_ne", "cam_nw", "cam_se", "cam_sw", "dog1_cam", "dog2_cam"], "ground_truth": ["go2_dog_1", "go2_dog_2", "suspect"]}}}