{"record_type": "perception_result", "recorded_wall_time": 1777599428.4061837, "result": {"source_module": "perception", "pipeline": "perception_pipeline_v1", "step": 1640, "timestamp": 8.2, "dogs": {"agent_1": {"detected": true, "localized": true, "position_world": [-1.622570514678955, -2.1134581565856934, 0.41999998688697815], "orientation_world": [0.9763305187225342, -0.0171110350638628, -0.029929127544164658, -0.21351860463619232], "velocity_world": [-0.05974593386054039, -0.06013762205839157, 0.0], "yaw_rad": null, "xy_error_m": 0.007385926321148872, "scan_match_score": 0.9384210665526618, "scan_inliers": 0, "used_prediction_only": false}, "agent_2": {"detected": true, "localized": true, "position_world": [-1.7340558767318726, 1.3420878648757935, 0.41999998688697815], "orientation_world": [0.9403052926063538, -0.039303988218307495, -0.026346435770392418, -0.3370267450809479], "velocity_world": [-0.04811982065439224, 0.11784622818231583, 0.0], "yaw_rad": null, "xy_error_m": 0.002807427430525422, "scan_match_score": 0.9336912061458033, "scan_inliers": 0, "used_prediction_only": false}}, "intruder_estimate": {"detected": true, "position_world": [3.4325459003448486, 1.0099042654037476, 1.1550172567367554], "confidence": 0.3328126907348633, "camera_detections": 8, "lidar_detections": 2}, "input_summary": {"dog_imus": ["go2_dog_1", "go2_dog_2"], "dog_lidars": ["dog1_lidar", "dog2_lidar"], "cameras": ["cam_e_lower", "cam_e_upper", "cam_ne", "cam_nw", "cam_se", "cam_sw", "dog1_cam", "dog2_cam"], "ground_truth": ["go2_dog_1", "go2_dog_2", "suspect"]}}}