{"record_type": "perception_result", "recorded_wall_time": 1777599991.2637029, "result": {"source_module": "perception", "pipeline": "perception_pipeline_v1", "step": 0, "timestamp": 0.0, "dogs": {"agent_1": {"detected": true, "localized": true, "position_world": [-1.9984239339828491, -1.9987542629241943, 0.41999998688697815], "orientation_world": [0.9999998807907104, 8.208584367785932e-10, 6.266162033696787e-10, -0.000475538574391976], "velocity_world": [0.0, 0.0, 0.0], "yaw_rad": null, "xy_error_m": 0.0020089412573724985, "scan_match_score": 0.9338537789188134, "scan_inliers": 0, "used_prediction_only": false}, "agent_2": {"detected": true, "localized": true, "position_world": [-1.9976767301559448, 1.6020677089691162, 0.41999998688697815], "orientation_world": [0.9999999403953552, 7.603007667889017e-10, 6.448839795503147e-10, 0.00034887189394794405], "velocity_world": [0.0, 0.0, 0.0], "yaw_rad": null, "xy_error_m": 0.0031101293861865997, "scan_match_score": 0.9342659067700546, "scan_inliers": 0, "used_prediction_only": false}}, "intruder_estimate": {"detected": true, "position_world": [1.901728630065918, -0.4924725294113159, 1.0090086460113525], "confidence": 0.3430768013000488, "camera_detections": 8, "lidar_detections": 2}, "input_summary": {"dog_imus": ["go2_dog_1", "go2_dog_2"], "dog_lidars": ["dog1_lidar", "dog2_lidar"], "cameras": ["cam_e_lower", "cam_e_upper", "cam_ne", "cam_nw", "cam_se", "cam_sw", "dog1_cam", "dog2_cam"], "ground_truth": ["go2_dog_1", "go2_dog_2", "suspect"]}}}