{"record_type": "perception_result", "recorded_wall_time": 1777599053.3083682, "result": {"source_module": "perception", "pipeline": "perception_pipeline_v1", "step": 744, "timestamp": 3.72, "dogs": {"agent_1": {"detected": true, "localized": true, "position_world": [-1.4859991073608398, -2.1178641319274902, 0.41999998688697815], "orientation_world": [0.9878901839256287, -0.0638631284236908, -0.0501544214785099, -0.13220825791358948], "velocity_world": [0.19406679272651672, 0.10966658592224121, 0.0], "yaw_rad": null, "xy_error_m": 0.012469319626688957, "scan_match_score": 0.9338908648328502, "scan_inliers": 0, "used_prediction_only": false}, "agent_2": {"detected": true, "localized": true, "position_world": [-1.7820990085601807, 1.314286470413208, 0.41999998688697815], "orientation_world": [0.9660115242004395, -0.11647630482912064, -0.008923355489969254, -0.23059804737567902], "velocity_world": [-0.04611843824386597, -0.1452087163925171, 0.0], "yaw_rad": null, "xy_error_m": 0.01195548102259636, "scan_match_score": 0.9349020888424614, "scan_inliers": 0, "used_prediction_only": false}}, "intruder_estimate": {"detected": true, "position_world": [3.472987413406372, -0.4662648141384125, 1.1459423303604126], "confidence": 0.2239858865737915, "camera_detections": 8, "lidar_detections": 2}, "input_summary": {"dog_imus": ["go2_dog_1", "go2_dog_2"], "dog_lidars": ["dog1_lidar", "dog2_lidar"], "cameras": ["cam_e_lower", "cam_e_upper", "cam_ne", "cam_nw", "cam_se", "cam_sw", "dog1_cam", "dog2_cam"], "ground_truth": ["go2_dog_1", "go2_dog_2", "suspect"]}}}