{"record_type": "perception_result", "recorded_wall_time": 1777599747.3187156, "result": {"source_module": "perception", "pipeline": "perception_pipeline_v1", "step": 212, "timestamp": 1.06, "dogs": {"agent_1": {"detected": true, "localized": true, "position_world": [-1.8840181827545166, -1.9849772453308105, 0.41999998688697815], "orientation_world": [0.9992408156394958, -0.0021635834127664566, -0.038115244358778, -0.007766760420054197], "velocity_world": [0.19708561897277832, -0.021584920585155487, 0.0], "yaw_rad": null, "xy_error_m": 0.007039068732410669, "scan_match_score": 0.93564768283493, "scan_inliers": 0, "used_prediction_only": false}, "agent_2": {"detected": true, "localized": true, "position_world": [-1.9837836027145386, 1.582904577255249, 0.41999998688697815], "orientation_world": [0.998439371585846, -0.04118359833955765, -0.03590771183371544, -0.011548085138201714], "velocity_world": [-0.05621391162276268, 0.002360230777412653, 0.0], "yaw_rad": null, "xy_error_m": 0.008411205373704433, "scan_match_score": 0.9323026152801155, "scan_inliers": 0, "used_prediction_only": false}}, "intruder_estimate": {"detected": true, "position_world": [2.3387551307678223, -0.46446549892425537, 1.2634795904159546], "confidence": 0.2123500108718872, "camera_detections": 8, "lidar_detections": 2}, "input_summary": {"dog_imus": ["go2_dog_1", "go2_dog_2"], "dog_lidars": ["dog1_lidar", "dog2_lidar"], "cameras": ["cam_e_lower", "cam_e_upper", "cam_ne", "cam_nw", "cam_se", "cam_sw", "dog1_cam", "dog2_cam"], "ground_truth": ["go2_dog_1", "go2_dog_2", "suspect"]}}}