{
  "source_module": "perception",
  "pipeline": "perception_pipeline_v1",
  "step": 164,
  "timestamp": 0.8200000000000001,
  "dogs": {
    "agent_1": {
      "detected": true,
      "localized": true,
      "position_world": [
        -2.0067977905273438,
        -1.9947190284729004,
        0.41999998688697815
      ],
      "orientation_world": [
        0.9999443888664246,
        2.844572372850962e-05,
        -0.01054238062351942,
        -0.00028849978116340935
      ],
      "velocity_world": [
        -0.04537959769368172,
        -3.6172306863591075e-05,
        0.0
      ],
      "yaw_rad": null,
      "xy_error_m": 0.11848656088113785,
      "scan_match_score": 0.9345162223720243,
      "scan_inliers": 0,
      "used_prediction_only": false
    },
    "agent_2": {
      "detected": true,
      "localized": true,
      "position_world": [
        -2.0008370876312256,
        1.5972585678100586,
        0.41999998688697815
      ],
      "orientation_world": [
        0.9999443292617798,
        2.5513803848298267e-05,
        -0.010542070493102074,
        -0.00048663298366591334
      ],
      "velocity_world": [
        -0.045379698276519775,
        -3.628707054303959e-05,
        0.0
      ],
      "yaw_rad": null,
      "xy_error_m": 0.12435276806354523,
      "scan_match_score": 0.9329741288373322,
      "scan_inliers": 0,
      "used_prediction_only": false
    }
  },
  "intruder_estimate": {
    "detected": true,
    "position_world": [
      -3.036961317062378,
      -4.569992542266846,
      1.081400752067566
    ],
    "confidence": 0.043239238858222964,
    "camera_detections": 8,
    "lidar_detections": 2
  },
  "input_summary": {
    "dog_imus": [
      "go2_dog_1",
      "go2_dog_2"
    ],
    "dog_lidars": [
      "dog1_lidar",
      "dog2_lidar"
    ],
    "cameras": [
      "cam_e_lower",
      "cam_e_upper",
      "cam_ne",
      "cam_nw",
      "cam_se",
      "cam_sw",
      "dog1_cam",
      "dog2_cam"
    ],
    "ground_truth": [
      "go2_dog_1",
      "go2_dog_2",
      "suspect"
    ]
  }
}