{"record_type": "perception_result", "recorded_wall_time": 1777598945.6451464, "result": {"source_module": "perception", "pipeline": "perception_pipeline_v1", "step": 488, "timestamp": 2.44, "dogs": {"agent_1": {"detected": true, "localized": true, "position_world": [-1.6821937561035156, -2.066594123840332, 0.41999998688697815], "orientation_world": [0.991758406162262, -0.07068366557359695, -0.07131373882293701, -0.07958311587572098], "velocity_world": [0.16650962829589844, -0.13445119559764862, 0.0], "yaw_rad": null, "xy_error_m": 0.019296206533908844, "scan_match_score": 0.9336548770294363, "scan_inliers": 0, "used_prediction_only": false}, "agent_2": {"detected": true, "localized": true, "position_world": [-1.8738371133804321, 1.4201033115386963, 0.41999998688697815], "orientation_world": [0.9785208702087402, -0.1209724172949791, -0.017372429370880127, -0.16601482033729553], "velocity_world": [0.10653842985630035, -0.19796879589557648, 0.0], "yaw_rad": null, "xy_error_m": 0.009657097049057484, "scan_match_score": 0.9339233090051069, "scan_inliers": 0, "used_prediction_only": false}}, "intruder_estimate": {"detected": false, "position_world": [2.0882785320281982, 1.567006230354309, 1.1681320667266846], "confidence": 0.0, "camera_detections": 8, "lidar_detections": 2}, "input_summary": {"dog_imus": ["go2_dog_1", "go2_dog_2"], "dog_lidars": ["dog1_lidar", "dog2_lidar"], "cameras": ["cam_e_lower", "cam_e_upper", "cam_ne", "cam_nw", "cam_se", "cam_sw", "dog1_cam", "dog2_cam"], "ground_truth": ["go2_dog_1", "go2_dog_2", "suspect"]}}}