{"record_type": "perception_result", "recorded_wall_time": 1777599476.8676822, "result": {"source_module": "perception", "pipeline": "perception_pipeline_v1", "step": 1756, "timestamp": 8.78, "dogs": {"agent_1": {"detected": true, "localized": true, "position_world": [-1.6495600938796997, -2.111034393310547, 0.41999998688697815], "orientation_world": [0.9768766760826111, -0.024060223251581192, -0.03531136363744736, -0.20949044823646545], "velocity_world": [-0.17421069741249084, 0.016127556562423706, 0.0], "yaw_rad": null, "xy_error_m": 0.01654772274196148, "scan_match_score": 0.9385032630777771, "scan_inliers": 0, "used_prediction_only": false}, "agent_2": {"detected": true, "localized": true, "position_world": [-1.724011778831482, 1.3342804908752441, 0.41999998688697815], "orientation_world": [0.9356909394264221, -0.07635311037302017, 0.0012577950255945325, -0.3444576561450958], "velocity_world": [0.07606769353151321, 0.03549397736787796, 0.0], "yaw_rad": null, "xy_error_m": 0.013406801968812943, "scan_match_score": 0.9326729740321842, "scan_inliers": 0, "used_prediction_only": false}}, "intruder_estimate": {"detected": true, "position_world": [3.4342286586761475, 1.1971869468688965, 1.1393482685089111], "confidence": 0.302210259437561, "camera_detections": 8, "lidar_detections": 2}, "input_summary": {"dog_imus": ["go2_dog_1", "go2_dog_2"], "dog_lidars": ["dog1_lidar", "dog2_lidar"], "cameras": ["cam_e_lower", "cam_e_upper", "cam_ne", "cam_nw", "cam_se", "cam_sw", "dog1_cam", "dog2_cam"], "ground_truth": ["go2_dog_1", "go2_dog_2", "suspect"]}}}