{"record_type": "perception_result", "recorded_wall_time": 1777599381.4212124, "result": {"source_module": "perception", "pipeline": "perception_pipeline_v1", "step": 1528, "timestamp": 7.640000000000001, "dogs": {"agent_1": {"detected": true, "localized": true, "position_world": [-1.6205863952636719, -2.131042003631592, 0.41999998688697815], "orientation_world": [0.9775813817977905, 0.002482083858922124, -0.016353070735931396, -0.20990745723247528], "velocity_world": [-0.03557063266634941, 0.06634542346000671, 0.0], "yaw_rad": null, "xy_error_m": 0.00997479259967804, "scan_match_score": 0.9346291820606332, "scan_inliers": 0, "used_prediction_only": false}, "agent_2": {"detected": true, "localized": true, "position_world": [-1.7383500337600708, 1.3318159580230713, 0.41999998688697815], "orientation_world": [0.940456748008728, 0.0011068223975598812, -0.06813957542181015, -0.3330118656158447], "velocity_world": [-0.060200463980436325, 0.011150169186294079, 0.0], "yaw_rad": null, "xy_error_m": 0.015024872496724129, "scan_match_score": 0.9340494697308847, "scan_inliers": 0, "used_prediction_only": false}}, "intruder_estimate": {"detected": true, "position_world": [3.475151777267456, 0.8060330152511597, 1.174826741218567], "confidence": 0.33016481399536135, "camera_detections": 8, "lidar_detections": 2}, "input_summary": {"dog_imus": ["go2_dog_1", "go2_dog_2"], "dog_lidars": ["dog1_lidar", "dog2_lidar"], "cameras": ["cam_e_lower", "cam_e_upper", "cam_ne", "cam_nw", "cam_se", "cam_sw", "dog1_cam", "dog2_cam"], "ground_truth": ["go2_dog_1", "go2_dog_2", "suspect"]}}}