{"record_type": "perception_result", "recorded_wall_time": 1777600008.285936, "result": {"source_module": "perception", "pipeline": "perception_pipeline_v1", "step": 40, "timestamp": 0.2, "dogs": {"agent_1": {"detected": true, "localized": true, "position_world": [-1.9843522310256958, -2.010671854019165, 0.41999998688697815], "orientation_world": [0.998843789100647, 0.004454890266060829, 0.047723691910505295, 0.0037138392217457294], "velocity_world": [0.1810188591480255, -0.1203271746635437, 0.0], "yaw_rad": null, "xy_error_m": 0.018980955705046654, "scan_match_score": 0.935277275787015, "scan_inliers": 0, "used_prediction_only": false}, "agent_2": {"detected": true, "localized": true, "position_world": [-1.9874382019042969, 1.5949764251708984, 0.41999998688697815], "orientation_world": [0.9987000823020935, 0.012237916700541973, 0.049415793269872665, 0.0025442861951887608], "velocity_world": [0.1592511683702469, -0.06738519668579102, 0.0], "yaw_rad": null, "xy_error_m": 0.013547711074352264, "scan_match_score": 0.9341542040164968, "scan_inliers": 0, "used_prediction_only": false}}, "intruder_estimate": {"detected": true, "position_world": [1.9183881282806396, -0.48663094639778137, 1.1166191101074219], "confidence": 0.33797013759613037, "camera_detections": 8, "lidar_detections": 2}, "input_summary": {"dog_imus": ["go2_dog_1", "go2_dog_2"], "dog_lidars": ["dog1_lidar", "dog2_lidar"], "cameras": ["cam_e_lower", "cam_e_upper", "cam_ne", "cam_nw", "cam_se", "cam_sw", "dog1_cam", "dog2_cam"], "ground_truth": ["go2_dog_1", "go2_dog_2", "suspect"]}}}