{"record_type": "perception_result", "recorded_wall_time": 1777599060.0854218, "result": {"source_module": "perception", "pipeline": "perception_pipeline_v1", "step": 760, "timestamp": 3.8000000000000003, "dogs": {"agent_1": {"detected": true, "localized": true, "position_world": [-1.480661392211914, -2.115370512008667, 0.41999998688697815], "orientation_world": [0.987040102481842, -0.06733160465955734, -0.05207272246479988, -0.13603949546813965], "velocity_world": [0.11508473753929138, -0.021692318841814995, 0.0], "yaw_rad": null, "xy_error_m": 0.0047376276925206184, "scan_match_score": 0.9332656128991073, "scan_inliers": 0, "used_prediction_only": false}, "agent_2": {"detected": true, "localized": true, "position_world": [-1.7796882390975952, 1.3084626197814941, 0.41999998688697815], "orientation_world": [0.9658626914024353, -0.1166488528251648, -0.0028694940265268087, -0.2312878519296646], "velocity_world": [0.056343965232372284, -0.06493429839611053, 0.0], "yaw_rad": null, "xy_error_m": 0.01796734891831875, "scan_match_score": 0.9304935994027523, "scan_inliers": 0, "used_prediction_only": false}}, "intruder_estimate": {"detected": true, "position_world": [3.495443820953369, -0.45700356364250183, 1.1503463983535767], "confidence": 0.21400344371795654, "camera_detections": 8, "lidar_detections": 2}, "input_summary": {"dog_imus": ["go2_dog_1", "go2_dog_2"], "dog_lidars": ["dog1_lidar", "dog2_lidar"], "cameras": ["cam_e_lower", "cam_e_upper", "cam_ne", "cam_nw", "cam_se", "cam_sw", "dog1_cam", "dog2_cam"], "ground_truth": ["go2_dog_1", "go2_dog_2", "suspect"]}}}