{"record_type": "perception_result", "recorded_wall_time": 1777599165.2679882, "result": {"source_module": "perception", "pipeline": "perception_pipeline_v1", "step": 1012, "timestamp": 5.0600000000000005, "dogs": {"agent_1": {"detected": true, "localized": true, "position_world": [-1.5061594247817993, -2.1513445377349854, 0.41999998688697815], "orientation_world": [0.9791836142539978, 0.0008603275055065751, -0.044949810951948166, -0.19793495535850525], "velocity_world": [-0.08571375906467438, -0.03303452953696251, 0.0], "yaw_rad": null, "xy_error_m": 0.009492147713899612, "scan_match_score": 0.9304073566260803, "scan_inliers": 0, "used_prediction_only": false}, "agent_2": {"detected": true, "localized": true, "position_world": [-1.7097480297088623, 1.296151876449585, 0.41999998688697815], "orientation_world": [0.9492958188056946, -0.003412208054214716, -0.06222737580537796, -0.3081454336643219], "velocity_world": [-0.01474644336849451, 0.023540370166301727, 0.0], "yaw_rad": null, "xy_error_m": 0.01681286096572876, "scan_match_score": 0.9342997370381988, "scan_inliers": 0, "used_prediction_only": false}}, "intruder_estimate": {"detected": true, "position_world": [3.7768001556396484, -0.2170429676771164, 1.1832538843154907], "confidence": 0.23732140064239501, "camera_detections": 8, "lidar_detections": 2}, "input_summary": {"dog_imus": ["go2_dog_1", "go2_dog_2"], "dog_lidars": ["dog1_lidar", "dog2_lidar"], "cameras": ["cam_e_lower", "cam_e_upper", "cam_ne", "cam_nw", "cam_se", "cam_sw", "dog1_cam", "dog2_cam"], "ground_truth": ["go2_dog_1", "go2_dog_2", "suspect"]}}}