{"record_type": "perception_result", "recorded_wall_time": 1777593678.0438604, "result": {"source_module": "perception", "pipeline": "perception_pipeline_v1", "step": 208, "timestamp": 1.04, "dogs": {"agent_1": {"detected": true, "localized": true, "position_world": [-2.137712240219116, -1.9940869808197021, 0.41999998688697815], "orientation_world": [0.9999949932098389, -3.405422830837779e-05, 0.003121992340311408, -0.0005523298750631511], "velocity_world": [0.02735922299325466, 0.0013987773563712835, 0.0], "yaw_rad": null, "xy_error_m": 0.008332585915923119, "scan_match_score": 0.9357114935123741, "scan_inliers": 0, "used_prediction_only": false}, "agent_2": {"detected": true, "localized": true, "position_world": [-2.129166841506958, 1.5987151861190796, 0.41999998688697815], "orientation_world": [0.9999947547912598, -3.2190688216360286e-05, 0.003120917361229658, -0.0008644381305202842], "velocity_world": [0.026950091123580933, 0.000309828610625118, 0.0], "yaw_rad": null, "xy_error_m": 0.002989226719364524, "scan_match_score": 0.9325592257682818, "scan_inliers": 0, "used_prediction_only": false}}, "intruder_estimate": {"detected": true, "position_world": [-2.2497286796569824, 2.3278305530548096, 1.1318601369857788], "confidence": 0.01884464770555496, "camera_detections": 8, "lidar_detections": 2}, "input_summary": {"dog_imus": ["go2_dog_1", "go2_dog_2"], "dog_lidars": ["dog1_lidar", "dog2_lidar"], "cameras": ["cam_e_lower", "cam_e_upper", "cam_ne", "cam_nw", "cam_se", "cam_sw", "dog1_cam", "dog2_cam"], "ground_truth": ["go2_dog_1", "go2_dog_2", "suspect"]}}}