{"record_type": "perception_result", "recorded_wall_time": 1777598938.9221003, "result": {"source_module": "perception", "pipeline": "perception_pipeline_v1", "step": 472, "timestamp": 2.36, "dogs": {"agent_1": {"detected": true, "localized": true, "position_world": [-1.6950825452804565, -2.0572872161865234, 0.41999998688697815], "orientation_world": [0.9930449724197388, -0.06272462755441666, -0.06362973153591156, -0.07667161524295807], "velocity_world": [0.14394712448120117, -0.10466581583023071, 0.0], "yaw_rad": null, "xy_error_m": 0.017395397648215294, "scan_match_score": 0.9338733536457041, "scan_inliers": 0, "used_prediction_only": false}, "agent_2": {"detected": true, "localized": true, "position_world": [-1.8873370885849, 1.431337833404541, 0.41999998688697815], "orientation_world": [0.9787877798080444, -0.12093643844127655, -0.016531050205230713, -0.16454657912254333], "velocity_world": [0.23754337430000305, -0.14110660552978516, 0.0], "yaw_rad": null, "xy_error_m": 0.01217319443821907, "scan_match_score": 0.9324561754942533, "scan_inliers": 0, "used_prediction_only": false}}, "intruder_estimate": {"detected": false, "position_world": [2.114645481109619, 1.4165747165679932, 1.1870685815811157], "confidence": 0.0, "camera_detections": 8, "lidar_detections": 2}, "input_summary": {"dog_imus": ["go2_dog_1", "go2_dog_2"], "dog_lidars": ["dog1_lidar", "dog2_lidar"], "cameras": ["cam_e_lower", "cam_e_upper", "cam_ne", "cam_nw", "cam_se", "cam_sw", "dog1_cam", "dog2_cam"], "ground_truth": ["go2_dog_1", "go2_dog_2", "suspect"]}}}