{"record_type": "perception_result", "recorded_wall_time": 1777599354.5882206, "result": {"source_module": "perception", "pipeline": "perception_pipeline_v1", "step": 1464, "timestamp": 7.32, "dogs": {"agent_1": {"detected": true, "localized": true, "position_world": [-1.589920997619629, -2.1282174587249756, 0.41999998688697815], "orientation_world": [0.9804324507713318, -0.0068499185144901276, -0.020983120426535606, -0.19561439752578735], "velocity_world": [-0.0883307084441185, -0.04128577932715416, 0.0], "yaw_rad": null, "xy_error_m": 0.0044373273849487305, "scan_match_score": 0.9346462096576048, "scan_inliers": 0, "used_prediction_only": false}, "agent_2": {"detected": true, "localized": true, "position_world": [-1.7240397930145264, 1.3330940008163452, 0.41999998688697815], "orientation_world": [0.9438372254371643, -0.005083946976810694, -0.06217831373214722, -0.3244676887989044], "velocity_world": [-0.07565632462501526, -0.01884203404188156, 0.0], "yaw_rad": null, "xy_error_m": 0.007275567855685949, "scan_match_score": 0.9316418873602084, "scan_inliers": 0, "used_prediction_only": false}}, "intruder_estimate": {"detected": true, "position_world": [3.507476568222046, 0.670957624912262, 1.191274642944336], "confidence": 0.31997663974761964, "camera_detections": 8, "lidar_detections": 2}, "input_summary": {"dog_imus": ["go2_dog_1", "go2_dog_2"], "dog_lidars": ["dog1_lidar", "dog2_lidar"], "cameras": ["cam_e_lower", "cam_e_upper", "cam_ne", "cam_nw", "cam_se", "cam_sw", "dog1_cam", "dog2_cam"], "ground_truth": ["go2_dog_1", "go2_dog_2", "suspect"]}}}