{"record_type": "perception_result", "recorded_wall_time": 1777599386.5309904, "result": {"source_module": "perception", "pipeline": "perception_pipeline_v1", "step": 1540, "timestamp": 7.7, "dogs": {"agent_1": {"detected": true, "localized": true, "position_world": [-1.6324083805084229, -2.1279263496398926, 0.41999998688697815], "orientation_world": [0.9776438474655151, -0.016276584938168526, -0.013835144229233265, -0.2091798484325409], "velocity_world": [-0.03007373958826065, 0.030328519642353058, 0.0], "yaw_rad": null, "xy_error_m": 0.019949447363615036, "scan_match_score": 0.9344137285027755, "scan_inliers": 0, "used_prediction_only": false}, "agent_2": {"detected": true, "localized": true, "position_world": [-1.7379478216171265, 1.333680510520935, 0.41999998688697815], "orientation_world": [0.9410758018493652, -0.01733444817364216, -0.05101608857512474, -0.3338760733604431], "velocity_world": [-0.015366061590611935, 0.017761245369911194, 0.0], "yaw_rad": null, "xy_error_m": 0.013641822151839733, "scan_match_score": 0.9341363154016427, "scan_inliers": 0, "used_prediction_only": false}}, "intruder_estimate": {"detected": true, "position_world": [3.4711527824401855, 0.8229714035987854, 1.1727374792099], "confidence": 0.33016481399536135, "camera_detections": 8, "lidar_detections": 2}, "input_summary": {"dog_imus": ["go2_dog_1", "go2_dog_2"], "dog_lidars": ["dog1_lidar", "dog2_lidar"], "cameras": ["cam_e_lower", "cam_e_upper", "cam_ne", "cam_nw", "cam_se", "cam_sw", "dog1_cam", "dog2_cam"], "ground_truth": ["go2_dog_1", "go2_dog_2", "suspect"]}}}