{"record_type": "perception_result", "recorded_wall_time": 1777599294.263032, "result": {"source_module": "perception", "pipeline": "perception_pipeline_v1", "step": 1320, "timestamp": 6.6000000000000005, "dogs": {"agent_1": {"detected": true, "localized": true, "position_world": [-1.5714930295944214, -2.1334147453308105, 0.41999998688697815], "orientation_world": [0.9787368774414062, -0.006129825953394175, -0.02158283069729805, -0.2038893699645996], "velocity_world": [-0.07954838126897812, -0.13883592188358307, 0.0], "yaw_rad": null, "xy_error_m": 0.012235919013619423, "scan_match_score": 0.9334810423531555, "scan_inliers": 0, "used_prediction_only": false}, "agent_2": {"detected": true, "localized": true, "position_world": [-1.7266411781311035, 1.30107581615448, 0.41999998688697815], "orientation_world": [0.9482843279838562, 0.0055411155335605145, -0.0633462443947792, -0.31098783016204834], "velocity_world": [-0.019728168845176697, 0.03863797336816788, 0.0], "yaw_rad": null, "xy_error_m": 0.027959609404206276, "scan_match_score": 0.9325140637807816, "scan_inliers": 0, "used_prediction_only": false}}, "intruder_estimate": {"detected": true, "position_world": [3.583329200744629, 0.3758224546909332, 1.210446834564209], "confidence": 0.30477137565612794, "camera_detections": 8, "lidar_detections": 2}, "input_summary": {"dog_imus": ["go2_dog_1", "go2_dog_2"], "dog_lidars": ["dog1_lidar", "dog2_lidar"], "cameras": ["cam_e_lower", "cam_e_upper", "cam_ne", "cam_nw", "cam_se", "cam_sw", "dog1_cam", "dog2_cam"], "ground_truth": ["go2_dog_1", "go2_dog_2", "suspect"]}}}