{"record_type": "perception_result", "recorded_wall_time": 1777599180.2036343, "result": {"source_module": "perception", "pipeline": "perception_pipeline_v1", "step": 1048, "timestamp": 5.24, "dogs": {"agent_1": {"detected": true, "localized": true, "position_world": [-1.522444725036621, -2.16903018951416, 0.41999998688697815], "orientation_world": [0.9778040051460266, -0.014725125394761562, -0.039385247975587845, -0.20525908470153809], "velocity_world": [-0.08607924729585648, 0.004987339489161968, 0.0], "yaw_rad": null, "xy_error_m": 0.019510703161358833, "scan_match_score": 0.9329426239101645, "scan_inliers": 0, "used_prediction_only": false}, "agent_2": {"detected": true, "localized": true, "position_world": [-1.7039142847061157, 1.294307827949524, 0.41999998688697815], "orientation_world": [0.9500114321708679, -0.004426784813404083, -0.05951014906167984, -0.30645909905433655], "velocity_world": [-0.04053719341754913, 0.01571567915380001, 0.0], "yaw_rad": null, "xy_error_m": 0.025483664125204086, "scan_match_score": 0.9382563168375097, "scan_inliers": 0, "used_prediction_only": false}}, "intruder_estimate": {"detected": true, "position_world": [3.7744338512420654, -0.12813477218151093, 1.1896666288375854], "confidence": 0.251682186126709, "camera_detections": 8, "lidar_detections": 2}, "input_summary": {"dog_imus": ["go2_dog_1", "go2_dog_2"], "dog_lidars": ["dog1_lidar", "dog2_lidar"], "cameras": ["cam_e_lower", "cam_e_upper", "cam_ne", "cam_nw", "cam_se", "cam_sw", "dog1_cam", "dog2_cam"], "ground_truth": ["go2_dog_1", "go2_dog_2", "suspect"]}}}