{"record_type": "perception_result", "recorded_wall_time": 1777599744.0520217, "result": {"source_module": "perception", "pipeline": "perception_pipeline_v1", "step": 204, "timestamp": 1.02, "dogs": {"agent_1": {"detected": true, "localized": true, "position_world": [-1.8911787271499634, -1.9824652671813965, 0.41999998688697815], "orientation_world": [0.9994757175445557, 0.002443446544930339, -0.03165500611066818, -0.006349958945065737], "velocity_world": [0.19633059203624725, 0.03082464262843132, 0.0], "yaw_rad": null, "xy_error_m": 0.007168786600232124, "scan_match_score": 0.935176033680355, "scan_inliers": 0, "used_prediction_only": false}, "agent_2": {"detected": true, "localized": true, "position_world": [-1.9794921875, 1.5819828510284424, 0.41999998688697815], "orientation_world": [0.9987875819206238, -0.03463657200336456, -0.033485956490039825, -0.01011801976710558], "velocity_world": [-0.039974719285964966, -0.027867775410413742, 0.0], "yaw_rad": null, "xy_error_m": 0.009731139987707138, "scan_match_score": 0.9320401039133539, "scan_inliers": 0, "used_prediction_only": false}}, "intruder_estimate": {"detected": true, "position_world": [2.3248753547668457, -0.46491119265556335, 1.2656259536743164], "confidence": 0.2123500108718872, "camera_detections": 8, "lidar_detections": 2}, "input_summary": {"dog_imus": ["go2_dog_1", "go2_dog_2"], "dog_lidars": ["dog1_lidar", "dog2_lidar"], "cameras": ["cam_e_lower", "cam_e_upper", "cam_ne", "cam_nw", "cam_se", "cam_sw", "dog1_cam", "dog2_cam"], "ground_truth": ["go2_dog_1", "go2_dog_2", "suspect"]}}}